time_s,x_m,y_m,dist_to_goal_m
0.09,0.0001,-0.0003,3.4151
0.092,0.0,-0.0003,3.4151
0.141,0.0,-0.0002,3.4151
0.154,0.0,-0.0004,3.4152
0.183,-0.0,-0.0002,3.4151
0.22,-0.0001,-0.0004,3.4152
0.253,-0.0,-0.0004,3.4152
0.291,0.0,-0.0003,3.4151
0.33,0.0,-0.0003,3.4151
0.364,0.0,-0.0003,3.4151
0.382,0.0,-0.0003,3.4151
0.425,-0.0,-0.0004,3.4152
0.456,0.0,-0.0003,3.4151
0.475,0.0,-0.0004,3.4152
0.513,0.0001,-0.0002,3.415
0.536,0.0001,-0.0003,3.4151
0.577,0.0001,-0.0003,3.4151
0.602,0.0001,-0.0003,3.4151
0.638,0.0001,-0.0004,3.4151
0.685,0.0001,-0.0004,3.4151
0.692,0.0,-0.0003,3.4151
0.739,0.0,-0.0003,3.4151
0.757,0.0,-0.0003,3.4151
0.784,0.0001,-0.0003,3.4151
0.831,0.0001,-0.0003,3.4151
0.85,0.0001,-0.0004,3.4151
0.885,0.0001,-0.0004,3.4151
0.897,0.0,-0.0004,3.4152
0.945,-0.0,-0.0003,3.4152
0.962,0.0,-0.0004,3.4152
0.993,-0.0,-0.0003,3.4151
1.03,-0.0,-0.0003,3.4152
1.075,0.0,-0.0004,3.4152
1.105,0.0,-0.0004,3.4152
1.157,0.0,-0.0004,3.4152
1.2,0.0,-0.0004,3.4152
1.25,-0.0,-0.0003,3.4151
1.257,0.0,-0.0003,3.4151
1.316,-0.0,-0.0003,3.4151
1.352,0.0,-0.0004,3.4152
1.381,0.0,-0.0004,3.4152
1.411,-0.0,-0.0003,3.4152
1.44,-0.0,-0.0003,3.4152
1.478,-0.0,-0.0003,3.4152
1.508,-0.0,-0.0003,3.4152
1.532,-0.0,-0.0004,3.4152
1.578,-0.0001,-0.0004,3.4153
1.594,-0.0001,-0.0004,3.4153
1.61,-0.0001,-0.0003,3.4152
1.649,-0.0001,-0.0004,3.4152
1.687,-0.0,-0.0003,3.4152
1.714,0.0,-0.0003,3.4151
1.733,0.0,-0.0004,3.4152
1.768,-0.0,-0.0005,3.4153
1.811,0.0,-0.0005,3.4152
1.858,-0.0,-0.0005,3.4153
1.891,-0.0001,-0.0004,3.4152
1.894,-0.0,-0.0003,3.4152
1.94,-0.0,-0.0003,3.4152
1.96,-0.0001,-0.0004,3.4153
2.005,-0.0001,-0.0004,3.4153
2.044,-0.0001,-0.0005,3.4153
2.072,-0.0001,-0.0005,3.4153
2.099,-0.0001,-0.0004,3.4152
2.157,-0.0001,-0.0004,3.4152
2.183,0.0,-0.0004,3.4152
2.223,0.0,-0.0004,3.4152
2.256,-0.0001,-0.0005,3.4153
2.281,-0.0,-0.0005,3.4153
2.317,-0.0002,-0.0004,3.4153
2.35,-0.0001,-0.0004,3.4153
2.427,-0.0001,-0.0004,3.4152
2.448,-0.0001,-0.0003,3.4152
2.496,-0.0,-0.0005,3.4153
2.505,-0.0,-0.0005,3.4153
2.547,-0.0001,-0.0004,3.4153
2.572,-0.0001,-0.0005,3.4153
2.608,-0.0,-0.0003,3.4152
2.629,-0.0,-0.0003,3.4152
2.645,0.0,-0.0004,3.4152
2.706,0.0,-0.0004,3.4152
2.75,0.0,-0.0005,3.4152
2.783,0.0,-0.0005,3.4152
2.82,-0.0,-0.0004,3.4152
2.864,-0.0,-0.0004,3.4152
2.902,0.0,-0.0004,3.4152
2.917,0.0,-0.0004,3.4152
2.963,-0.0,-0.0005,3.4153
2.982,-0.0,-0.0005,3.4153
3.01,-0.0001,-0.0004,3.4153
3.051,-0.0001,-0.0004,3.4153
3.083,-0.0,-0.0004,3.4152
3.113,-0.0001,-0.0004,3.4152
3.147,-0.0001,-0.0005,3.4153
3.167,-0.0001,-0.0005,3.4153
3.197,-0.0001,-0.0005,3.4153
3.257,-0.0001,-0.0003,3.4152
3.264,-0.0001,-0.0004,3.4153
3.323,-0.0001,-0.0003,3.4152
3.357,-0.0001,-0.0005,3.4153
3.367,-0.0001,-0.0005,3.4153
3.398,-0.0001,-0.0005,3.4153
3.436,-0.0002,-0.0004,3.4153
3.469,-0.0002,-0.0004,3.4154
3.507,-0.0001,-0.0003,3.4152
3.541,-0.0001,-0.0003,3.4152
3.572,0.0001,-0.0004,3.4151
3.612,0.0,-0.0004,3.4151
3.637,-0.0,-0.0004,3.4152
3.671,-0.0,-0.0004,3.4152
3.7,-0.0,-0.0003,3.4152
3.73,0.0,-0.0003,3.4151
3.742,-0.0,-0.0003,3.4152
3.781,0.0001,-0.0004,3.4151
3.818,0.0,-0.0003,3.4151
3.838,0.0001,-0.0005,3.4151
3.899,0.0001,-0.0005,3.4151
3.918,0.0001,-0.0004,3.4151
3.96,0.0001,-0.0004,3.4151
3.987,0.0001,-0.0003,3.4151
4.043,0.0001,-0.0003,3.4151
4.074,0.0002,-0.0005,3.4151
4.109,0.0002,-0.0005,3.4151
4.151,0.0001,-0.0004,3.4151
4.168,0.0001,-0.0004,3.4151
4.191,0.0001,-0.0003,3.4151
4.253,0.0001,-0.0003,3.4151
4.288,0.0001,-0.0005,3.4151
4.318,0.0001,-0.0004,3.4151
4.355,0.0001,-0.0005,3.4151
4.383,0.0001,-0.0005,3.4151
4.416,0.0001,-0.0004,3.4151
4.435,0.0001,-0.0004,3.4151
4.453,0.0001,-0.0004,3.4151
4.503,0.0001,-0.0005,3.4151
4.531,0.0001,-0.0004,3.4151
4.565,0.0001,-0.0005,3.4151
4.6,0.0001,-0.0005,3.4151
4.634,0.0001,-0.0004,3.4151
4.675,0.0001,-0.0005,3.4151
4.7,0.0001,-0.0005,3.4152
4.738,0.0001,-0.0005,3.4152
4.765,0.0001,-0.0006,3.4152
4.798,0.0001,-0.0006,3.4152
4.833,0.0001,-0.0006,3.4152
4.88,0.0001,-0.0006,3.4152
4.914,0.0,-0.0005,3.4152
4.942,0.0,-0.0005,3.4152
4.965,0.0001,-0.0006,3.4152
5.001,0.0001,-0.0006,3.4152
5.024,0.0,-0.0006,3.4153
5.048,-0.0,-0.0005,3.4153
5.065,0.0,-0.0006,3.4153
5.1,-0.0,-0.0005,3.4153
5.153,-0.0,-0.0005,3.4153
5.186,0.0,-0.0006,3.4152
5.217,0.0,-0.0005,3.4152
5.255,-0.0,-0.0007,3.4153
5.284,-0.0,-0.0007,3.4153
5.309,-0.0001,-0.0005,3.4154
5.357,-0.0001,-0.0005,3.4154
5.38,-0.0001,-0.0005,3.4153
5.388,-0.0,-0.0005,3.4153
5.427,-0.0001,-0.0005,3.4153
5.455,-0.0001,-0.0006,3.4153
5.5,-0.0,-0.0006,3.4153
5.532,-0.0001,-0.0005,3.4153
5.564,-0.0001,-0.0005,3.4153
5.601,-0.0001,-0.0004,3.4153
5.644,-0.0001,-0.0004,3.4153
5.685,-0.0,-0.0006,3.4153
5.719,-0.0,-0.0005,3.4153
5.755,-0.0001,-0.0006,3.4153
5.774,-0.0001,-0.0006,3.4153
5.8,-0.0001,-0.0004,3.4153
5.823,-0.0001,-0.0004,3.4153
5.853,-0.0001,-0.0004,3.4153
5.886,-0.0001,-0.0005,3.4153
5.914,-0.0001,-0.0004,3.4153
5.944,-0.0001,-0.0006,3.4154
5.982,-0.0001,-0.0006,3.4154
6.017,-0.0001,-0.0005,3.4154
6.065,-0.0001,-0.0005,3.4154
6.101,-0.0001,-0.0004,3.4153
6.12,-0.0001,-0.0004,3.4153
6.138,-0.0,-0.0005,3.4153
6.161,-0.0,-0.0006,3.4153
6.194,-0.0,-0.0005,3.4153
6.231,-0.0001,-0.0005,3.4153
6.28,-0.0,-0.0005,3.4153
6.285,-0.0001,-0.0004,3.4152
6.335,-0.0001,-0.0004,3.4152
6.362,-0.0,-0.0005,3.4152
6.406,-0.0,-0.0005,3.4152
6.442,0.0001,-0.0006,3.4152
6.473,0.0,-0.0006,3.4153
6.483,0.0001,-0.0006,3.4152
6.521,-0.0,-0.0004,3.4152
6.546,0.0,-0.0005,3.4152
6.585,-0.0,-0.0005,3.4153
6.61,-0.0001,-0.0005,3.4153
6.643,-0.0001,-0.0006,3.4154
6.685,-0.0,-0.0006,3.4153
6.729,-0.0001,-0.0006,3.4154
6.761,-0.0001,-0.0006,3.4154
6.797,-0.0001,-0.0005,3.4153
6.828,-0.0001,-0.0005,3.4153
6.838,-0.0001,-0.0005,3.4153
6.871,-0.0001,-0.0007,3.4154
6.902,-0.0001,-0.0006,3.4154
6.946,-0.0001,-0.0007,3.4154
6.982,-0.0001,-0.0007,3.4154
7.003,-0.0002,-0.0006,3.4155
7.049,-0.0002,-0.0006,3.4155
7.075,-0.0002,-0.0006,3.4154
7.107,-0.0002,-0.0006,3.4154
7.115,-0.0001,-0.0007,3.4154
7.143,-0.0001,-0.0007,3.4155
7.201,-0.0001,-0.0007,3.4155
7.212,-0.0002,-0.0006,3.4154
7.248,-0.0002,-0.0006,3.4154
7.294,-0.0001,-0.0005,3.4154
7.328,-0.0001,-0.0005,3.4154
7.332,-0.0001,-0.0006,3.4154
7.354,-0.0001,-0.0007,3.4155
7.385,-0.0001,-0.0007,3.4154
7.416,-0.0001,-0.0007,3.4154
7.461,-0.0001,-0.0007,3.4154
7.489,-0.0001,-0.0006,3.4154
7.53,-0.0001,-0.0006,3.4154
7.552,-0.0001,-0.0006,3.4154
7.574,-0.0001,-0.0007,3.4154
7.62,-0.0001,-0.0006,3.4154
7.65,-0.0001,-0.0007,3.4154
7.681,-0.0001,-0.0007,3.4154
7.719,-0.0001,-0.0006,3.4154
7.738,-0.0001,-0.0006,3.4154
7.771,-0.0001,-0.0006,3.4154
7.809,-0.0001,-0.0006,3.4154
7.835,-0.0001,-0.0008,3.4154
7.852,-0.0001,-0.0008,3.4155
7.88,-0.0001,-0.0008,3.4154
7.917,-0.0002,-0.0007,3.4155
7.954,-0.0002,-0.0008,3.4155
7.99,-0.0002,-0.0006,3.4154
8.038,-0.0002,-0.0006,3.4155
8.067,-0.0001,-0.0008,3.4155
8.098,-0.0001,-0.0007,3.4155
8.116,-0.0002,-0.0008,3.4155
8.157,-0.0002,-0.0008,3.4155
8.165,-0.0002,-0.0007,3.4155
8.193,-0.0001,-0.0006,3.4154
8.233,-0.0001,-0.0006,3.4154
8.247,-0.0001,-0.0007,3.4154
8.283,-0.0001,-0.0007,3.4154
8.313,-0.0001,-0.0008,3.4155
8.354,-0.0,-0.0008,3.4155
8.375,-0.0001,-0.0008,3.4155
8.402,-0.0001,-0.0007,3.4155
8.44,-0.0001,-0.0008,3.4155
8.461,-0.0014,-0.0034,3.4179
8.511,-0.0014,-0.0037,3.418
8.55,0.0002,-0.0026,3.4161
8.586,0.001,-0.002,3.4152
8.589,0.0002,-0.0025,3.4161
8.636,0.0018,-0.0015,3.4142
8.67,0.0011,-0.0019,3.4149
8.731,0.0021,-0.0013,3.4138
8.764,0.0033,-0.0009,3.4126
8.805,0.003,-0.001,3.4129
8.822,0.004,-0.0008,3.4119
8.858,0.0039,-0.0008,3.412
8.882,0.0051,-0.0,3.4106
8.903,0.0055,0.0002,3.4101
8.926,0.0049,-0.0002,3.4108
8.963,0.0055,0.0,3.4102
9.0,0.0054,0.0,3.4103
9.024,0.0061,0.0005,3.4094
9.077,0.0061,0.0005,3.4094
9.11,0.0068,0.0014,3.4084
9.13,0.0078,0.0029,3.4068
9.146,0.0069,0.0016,3.4082
9.183,0.0091,0.0052,3.4045
9.212,0.0084,0.0037,3.4059
9.227,0.0101,0.0078,3.4024
9.281,0.0098,0.0075,3.4028
9.294,0.0113,0.0102,3.4002
9.341,0.0113,0.0104,3.4
9.365,0.0124,0.0118,3.3985
9.387,0.0129,0.0125,3.3976
9.42,0.0126,0.0122,3.398
9.442,0.0136,0.0129,3.3968
9.485,0.0135,0.0128,3.3969
9.515,0.0128,0.0144,3.3967
9.567,0.0129,0.0145,3.3967
9.617,0.0127,0.0167,3.3958
9.637,0.0131,0.0154,3.3961
9.663,0.0125,0.0173,3.3956
9.702,0.0125,0.0173,3.3956
9.731,0.011,0.0179,3.3966
9.749,0.0107,0.0167,3.3975
9.771,0.0111,0.0176,3.3967
9.812,0.0103,0.0157,3.3983
9.855,0.0105,0.0162,3.3979
9.881,0.0098,0.0155,3.3989
9.926,0.01,0.0155,3.3987
9.969,0.009,0.0155,3.3995
9.987,0.0092,0.0155,3.3994
10.013,0.0085,0.0153,3.4001
10.043,0.0085,0.0153,3.4001
10.078,0.0079,0.0149,3.4008
10.125,0.0079,0.0148,3.4009
10.148,0.0074,0.0145,3.4015
10.166,0.007,0.0143,3.4019
10.191,0.0073,0.0144,3.4016
10.233,0.0066,0.0139,3.4024
10.281,0.0068,0.0141,3.4022
10.307,0.0063,0.0134,3.4029
10.332,0.0064,0.0136,3.4027
10.369,0.0042,0.0116,3.4057
10.402,0.0044,0.0118,3.4054
10.417,0.0052,0.0123,3.4045
10.446,0.004,0.012,3.4056
10.475,0.0048,0.0125,3.4047
10.507,0.0033,0.0105,3.407
10.538,0.0033,0.0107,3.4069
10.584,0.0032,0.0105,3.407
10.6,0.0022,0.0099,3.4082
10.636,0.0033,0.0104,3.407
10.665,0.0016,0.011,3.4082
10.69,0.002,0.0101,3.4083
10.742,0.0011,0.0125,3.408
10.774,0.0013,0.0116,3.4081
10.82,0.0009,0.0154,3.4067
10.84,0.001,0.0143,3.4072
10.877,0.0014,0.0176,3.4052
10.896,0.0013,0.017,3.4056
10.94,0.0018,0.0193,3.4041
10.966,0.0018,0.0192,3.4041
11.017,0.0038,0.0221,3.4009
11.036,0.0031,0.0212,3.4019
11.084,0.0048,0.0233,3.3994
11.115,0.0046,0.0231,3.3997
11.166,0.0062,0.025,3.3974
11.172,0.0059,0.0247,3.3978
11.205,0.0071,0.0263,3.396
11.229,0.0076,0.0271,3.3951
11.243,0.0071,0.0263,3.396
11.288,0.0085,0.0277,3.3941
11.335,0.0077,0.0274,3.3949
11.39,0.0143,0.0264,3.3896
11.414,0.0101,0.0277,3.3927
11.443,0.0113,0.0238,3.3935
11.47,0.0128,0.0249,3.3917
11.496,0.0074,0.0242,3.3967
11.534,0.0083,0.0241,3.396
11.566,0.0058,0.0281,3.3963
11.588,0.0061,0.0274,3.3963
11.616,0.0014,0.0296,3.3994
11.662,0.0014,0.0296,3.3994
11.701,0.0008,0.0303,3.3995
11.74,0.0011,0.0302,3.3993
11.779,0.0015,0.0293,3.3994
11.829,0.0013,0.0295,3.3994
11.872,0.0018,0.0283,3.3996
11.89,0.0017,0.0285,3.3996
11.916,0.0016,0.0281,3.3999
11.978,0.0017,0.0281,3.3998
12.018,0.0014,0.0278,3.4002
12.028,0.0015,0.0279,3.4001
12.066,0.0013,0.0277,3.4003
12.082,0.0014,0.0277,3.4003
12.109,0.0013,0.0276,3.4004
12.152,0.0013,0.0275,3.4005
12.176,0.0003,0.028,3.401
12.191,-0.0002,0.0266,3.4022
12.228,0.0011,0.0286,3.4001
12.28,-0.0013,0.0258,3.4036
12.308,-0.001,0.026,3.4032
12.332,-0.0015,0.0257,3.4038
12.374,-0.0014,0.0257,3.4037
12.381,-0.0009,0.0252,3.4035
12.41,-0.0009,0.0244,3.4039
12.437,0.0,0.0251,3.4027
12.502,-0.0021,0.0242,3.405
12.513,-0.0014,0.0244,3.4043
12.544,-0.0023,0.0237,3.4054
12.573,-0.0022,0.0239,3.4053
12.581,-0.0021,0.0228,3.4057
12.618,-0.0017,0.022,3.4057
12.637,-0.0019,0.0225,3.4056
12.672,-0.0017,0.0219,3.4058
12.708,-0.0017,0.022,3.4058
12.74,-0.0017,0.0218,3.4059
12.797,-0.0017,0.0218,3.4059
12.823,-0.0017,0.0216,3.4059
12.856,-0.0016,0.0216,3.4059
12.892,-0.0016,0.0216,3.4059
12.933,-0.0016,0.0216,3.4059
12.972,-0.0017,0.0216,3.4059
12.999,-0.0017,0.0216,3.4059
13.035,-0.0017,0.0215,3.406
13.048,-0.0017,0.0215,3.406
13.068,-0.0017,0.0215,3.406
13.106,-0.0018,0.0214,3.4061
13.155,-0.0018,0.0214,3.4061
13.201,-0.0018,0.0214,3.4062
13.208,-0.0018,0.0214,3.4061
13.235,-0.0019,0.0214,3.4062
13.265,-0.0019,0.0214,3.4062
13.299,-0.0019,0.0212,3.4063
13.338,-0.0019,0.0212,3.4063
13.367,-0.0019,0.0212,3.4063
13.384,-0.002,0.0212,3.4064
13.408,-0.0019,0.0212,3.4063
13.463,-0.002,0.0211,3.4065
13.481,-0.002,0.0211,3.4064
13.516,-0.002,0.0212,3.4064
13.553,-0.002,0.0212,3.4064
13.58,-0.002,0.0212,3.4064
13.627,-0.002,0.0212,3.4064
13.639,-0.002,0.0212,3.4064
13.67,-0.002,0.0212,3.4064
13.698,-0.002,0.0213,3.4064
13.756,-0.002,0.0213,3.4064
13.792,-0.002,0.0212,3.4064
13.8,-0.002,0.0212,3.4064
13.83,-0.002,0.0212,3.4064
13.866,-0.002,0.0213,3.4064
13.893,-0.002,0.0212,3.4064
13.934,-0.0021,0.0213,3.4064
13.959,-0.0021,0.0213,3.4064
13.994,-0.002,0.0213,3.4064
14.037,-0.002,0.0213,3.4064
14.061,-0.002,0.0213,3.4064
14.082,-0.0021,0.0213,3.4064
14.116,-0.0021,0.0213,3.4064
14.164,-0.0021,0.0214,3.4064
14.186,-0.0021,0.0214,3.4064
14.218,-0.002,0.0214,3.4063
14.238,-0.0021,0.0214,3.4063
14.258,-0.0021,0.0214,3.4063
14.313,-0.0021,0.0214,3.4064
14.327,-0.0021,0.0214,3.4064
14.368,-0.0039,0.0234,3.407
14.404,-0.0028,0.0228,3.4063
14.439,-0.0052,0.0221,3.4087
14.483,-0.0053,0.0221,3.4088
14.514,-0.0056,0.0227,3.4088
14.53,-0.0055,0.0225,3.4088
14.57,-0.0065,0.0234,3.4093
14.583,-0.0081,0.0243,3.4102
14.611,-0.0065,0.0234,3.4093
14.639,-0.01,0.0255,3.4113
14.696,-0.0091,0.0249,3.4108
14.729,-0.0121,0.027,3.4124
14.771,-0.0115,0.0266,3.4121
14.8,-0.015,0.0291,3.4139
14.826,-0.0139,0.0283,3.4134
14.871,-0.0161,0.0307,3.4142
14.883,-0.0158,0.0303,3.4141
14.908,-0.0173,0.0323,3.4144
14.962,-0.0174,0.0324,3.4145
14.996,-0.0192,0.0338,3.4154
15.023,-0.0189,0.0336,3.4152
15.038,-0.0204,0.0346,3.416
15.063,-0.0214,0.0354,3.4165
15.094,-0.0206,0.0347,3.4162
15.164,-0.0226,0.0367,3.417
15.179,-0.0221,0.0361,3.4168
15.205,-0.0242,0.0386,3.4174
15.249,-0.0241,0.0385,3.4174
15.304,-0.0255,0.0413,3.4173
15.343,-0.0251,0.0405,3.4173
15.37,-0.0261,0.0431,3.417
15.388,-0.0259,0.0426,3.4171
15.443,-0.0283,0.0443,3.4183
15.474,-0.0274,0.0438,3.4178
15.515,-0.0293,0.0455,3.4187
15.542,-0.0292,0.0428,3.4199
15.576,-0.03,0.043,3.4205
15.59,-0.0291,0.0425,3.4199
15.619,-0.0311,0.0443,3.4208
15.665,-0.0307,0.0433,3.4209
15.703,-0.0323,0.047,3.4205
15.728,-0.0322,0.0467,3.4206
15.762,-0.033,0.0501,3.4197
15.808,-0.0333,0.0507,3.4197
15.831,-0.0324,0.0532,3.4177
15.862,-0.0325,0.0529,3.4179
15.884,-0.0329,0.056,3.4168
15.905,-0.0308,0.0575,3.4143
15.945,-0.0327,0.0564,3.4165
15.987,-0.0293,0.0568,3.4133
16.015,-0.0291,0.0577,3.4126
16.063,-0.027,0.0553,3.412
16.105,-0.0272,0.0553,3.4121
16.122,-0.0284,0.057,3.4124
16.163,-0.0299,0.0577,3.4134
16.175,-0.0282,0.0568,3.4123
16.233,-0.0299,0.0577,3.4134
16.26,-0.0296,0.0621,3.4111
16.279,-0.0298,0.061,3.4117
16.311,-0.0302,0.0639,3.4107
16.36,-0.0301,0.0638,3.4107
16.388,-0.0307,0.0634,3.4114
16.415,-0.0306,0.0635,3.4113
16.444,-0.0324,0.0629,3.4131
16.463,-0.0322,0.0626,3.4131
16.48,-0.0326,0.0625,3.4135
16.528,-0.0323,0.0633,3.4129
16.562,-0.0323,0.063,3.413
16.582,-0.0322,0.064,3.4124
16.641,-0.0322,0.0639,3.4125
16.674,-0.0322,0.0643,3.4123
16.716,-0.0322,0.0643,3.4123
16.743,-0.0324,0.0641,3.4125
16.787,-0.0324,0.0641,3.4126
16.824,-0.0326,0.0639,3.4128
16.844,-0.0325,0.0639,3.4128
16.865,-0.0325,0.064,3.4126
16.908,-0.0324,0.064,3.4126
16.935,-0.0324,0.0644,3.4124
16.971,-0.0324,0.0645,3.4124
16.988,-0.0314,0.065,3.4113
17.012,-0.0313,0.0655,3.4109
17.038,-0.0315,0.0652,3.4113
17.08,-0.0304,0.066,3.4099
17.107,-0.0307,0.0657,3.4103
17.139,-0.0294,0.0674,3.4084
17.175,-0.0295,0.0673,3.4085
17.197,-0.0286,0.0686,3.407
17.252,-0.0284,0.0689,3.4068
17.277,-0.0283,0.0691,3.4066
17.293,-0.0283,0.0693,3.4064
17.328,-0.0283,0.0694,3.4065
17.355,-0.0285,0.069,3.4068
17.403,-0.0285,0.069,3.4068
17.429,-0.0286,0.0688,3.407
17.456,-0.0286,0.0687,3.407
17.472,-0.0286,0.0687,3.407
17.513,-0.0285,0.0688,3.4069
17.557,-0.0285,0.0687,3.407
17.59,-0.0286,0.069,3.4068
17.61,-0.0285,0.069,3.4068
17.648,-0.0286,0.069,3.4069
17.689,-0.0286,0.069,3.4069
17.725,-0.0286,0.0688,3.407
17.78,-0.0286,0.0688,3.407
17.801,-0.0285,0.0688,3.4069
17.822,-0.0285,0.0688,3.4069
17.85,-0.0283,0.0686,3.4068
17.873,-0.0269,0.0685,3.4056
17.894,-0.0281,0.0685,3.4067
17.929,-0.0259,0.0691,3.4044
17.956,-0.0259,0.0687,3.4046
17.976,-0.0267,0.0693,3.4051
18.05,-0.0259,0.0693,3.4044
18.071,-0.0278,0.07,3.4057
18.096,-0.0276,0.0702,3.4055
18.119,-0.0282,0.0692,3.4065
18.195,-0.0282,0.0692,3.4065
18.22,-0.0286,0.0696,3.4067
18.26,-0.0286,0.0695,3.4067
18.286,-0.0288,0.0697,3.4067
18.329,-0.0289,0.0697,3.4068
18.357,-0.029,0.0697,3.4069
18.386,-0.0289,0.0697,3.4068
18.417,-0.029,0.0696,3.4069
18.458,-0.029,0.0696,3.4069
18.5,-0.0288,0.0697,3.4068
18.525,-0.0289,0.0697,3.4068
18.553,-0.0289,0.0697,3.4068
18.606,-0.0289,0.0697,3.4068
18.627,-0.029,0.0697,3.4069
18.662,-0.029,0.0696,3.4069
18.679,-0.029,0.0697,3.4069
18.703,-0.0289,0.0696,3.4069
18.737,-0.0289,0.0696,3.4069
18.774,-0.0289,0.0696,3.4069
18.807,-0.0289,0.0696,3.4069
18.836,-0.029,0.0696,3.4069
18.867,-0.029,0.0696,3.4069
18.9,-0.029,0.0696,3.407
18.944,-0.029,0.0696,3.407
18.978,-0.029,0.0696,3.4069
18.998,-0.029,0.0696,3.4069
19.024,-0.0289,0.0695,3.4069
19.08,-0.0289,0.0695,3.4069
19.103,-0.029,0.0696,3.407
19.118,-0.029,0.0696,3.4069
19.153,-0.029,0.0696,3.4069
19.191,-0.029,0.0695,3.407
19.214,-0.029,0.0696,3.4069
19.249,-0.0289,0.0695,3.407
19.297,-0.0289,0.0695,3.407
19.363,-0.029,0.0695,3.407
19.382,-0.0289,0.0695,3.407
19.415,-0.0289,0.0695,3.4069
19.436,-0.0289,0.0695,3.4069
19.473,-0.0288,0.0694,3.4069
19.502,-0.0288,0.0694,3.4069
19.524,-0.0288,0.0694,3.4069
19.571,-0.0288,0.0694,3.4069
19.602,-0.0288,0.0694,3.4069
19.618,-0.0288,0.0694,3.4069
19.641,-0.0288,0.0694,3.4069
19.671,-0.0288,0.0693,3.4069
19.725,-0.0288,0.0694,3.4069
19.767,-0.0288,0.0693,3.4069
19.812,-0.0288,0.0693,3.4069
19.834,-0.0288,0.0693,3.4069
19.863,-0.0287,0.0693,3.4069
19.885,-0.0288,0.0693,3.4069
19.922,-0.0288,0.0693,3.4069
19.96,-0.0288,0.0692,3.4069
20.001,-0.0288,0.0692,3.4069
20.031,-0.0288,0.0692,3.4069
20.062,-0.0288,0.0692,3.4069
20.089,-0.0287,0.0692,3.4069
20.122,-0.0287,0.0692,3.4069
20.139,-0.0287,0.0692,3.4069
20.168,-0.0287,0.0691,3.4069
20.195,-0.0287,0.0691,3.4069
20.226,-0.0287,0.0692,3.4069
20.295,-0.0287,0.0692,3.4069
20.322,-0.0287,0.0692,3.4069
20.347,-0.0287,0.0692,3.4069
20.373,-0.0287,0.0691,3.4069
20.415,-0.0287,0.0691,3.4069
20.451,-0.0287,0.0691,3.4069
20.476,-0.0287,0.0691,3.4069
20.494,-0.0287,0.0691,3.4069
20.523,-0.0286,0.0691,3.4068
20.556,-0.0287,0.0691,3.4069
20.574,-0.0286,0.0691,3.4069
20.609,-0.0286,0.0691,3.4068
20.635,-0.0286,0.0691,3.4069
20.694,-0.0286,0.069,3.4069
20.734,-0.0286,0.0691,3.4069
20.758,-0.0287,0.0691,3.4069
20.801,-0.0286,0.0691,3.4069
20.81,-0.0286,0.069,3.4069
20.834,-0.0286,0.0691,3.4069
20.874,-0.0287,0.069,3.4069
20.907,-0.0286,0.069,3.4069
20.934,-0.0287,0.0691,3.4069
20.978,-0.0287,0.069,3.4069
20.999,-0.0286,0.069,3.4069
21.032,-0.0286,0.069,3.4069
21.064,-0.0286,0.069,3.4069
21.097,-0.0286,0.0689,3.4069
21.115,-0.0286,0.069,3.4069
21.164,-0.0287,0.069,3.407
21.187,-0.0287,0.069,3.4069
21.214,-0.0287,0.069,3.407
21.255,-0.0286,0.069,3.4069
21.267,-0.0287,0.069,3.407
21.328,-0.0286,0.069,3.4069
21.358,-0.0287,0.0689,3.407
21.369,-0.0287,0.0689,3.407
21.403,-0.0287,0.0689,3.407
21.428,-0.0287,0.0689,3.407
21.456,-0.0287,0.0689,3.407
21.489,-0.0287,0.0689,3.407
21.515,-0.0287,0.0689,3.407
21.538,-0.0287,0.0688,3.407
21.571,-0.0287,0.0688,3.4071
21.587,-0.0287,0.0688,3.4071
21.646,-0.0287,0.0689,3.407
21.677,-0.0287,0.0688,3.407
21.716,-0.0287,0.0688,3.4071
21.752,-0.0287,0.0688,3.4071
21.778,-0.0288,0.0688,3.4072
21.825,-0.0288,0.0688,3.4072
21.828,-0.0288,0.0687,3.4072
21.859,-0.0288,0.0688,3.4071
21.882,-0.0288,0.0688,3.4072
21.915,-0.0287,0.0688,3.4071
21.965,-0.0287,0.0688,3.4071
22.003,-0.0287,0.0687,3.4071
22.021,-0.0287,0.0688,3.4071
22.059,-0.0287,0.0687,3.4071
22.095,-0.0287,0.0687,3.4071
22.139,-0.0288,0.0688,3.4071
22.166,-0.0288,0.0688,3.4071
22.179,-0.0287,0.0687,3.4071
22.196,-0.0287,0.0686,3.4072
22.228,-0.0287,0.0687,3.4071
22.25,-0.0287,0.0686,3.4071
22.299,-0.0287,0.0686,3.4071
22.318,-0.0287,0.0687,3.4071
22.356,-0.029,0.0679,3.4077
22.402,-0.0287,0.0687,3.4071
22.447,-0.0287,0.0681,3.4074
22.489,-0.0284,0.0668,3.4077
22.516,-0.0284,0.0669,3.4077
22.545,-0.0275,0.0673,3.4067
22.559,-0.0266,0.0684,3.4054
22.591,-0.0274,0.0674,3.4066
22.619,-0.0255,0.0698,3.4038
22.651,-0.026,0.0692,3.4045
22.684,-0.0243,0.0706,3.4023
22.72,-0.0246,0.0704,3.4027
22.743,-0.0227,0.0714,3.4006
22.767,-0.0216,0.0715,3.3995
22.797,-0.0227,0.0714,3.4005
22.829,-0.0209,0.0715,3.3989
22.87,-0.0212,0.0715,3.3992
22.904,-0.0201,0.0709,3.3985
22.945,-0.0203,0.0709,3.3986
22.99,-0.0187,0.0706,3.3974
23.006,-0.0191,0.0707,3.3977
23.037,-0.0188,0.0706,3.3975
23.073,-0.0181,0.0712,3.3966
23.098,-0.0188,0.0706,3.3975
23.153,-0.0182,0.0713,3.3967
23.189,-0.0178,0.0711,3.3964
23.22,-0.018,0.0712,3.3965
23.253,-0.0202,0.0737,3.3973
23.284,-0.0201,0.0735,3.3972
23.318,-0.0176,0.0789,3.3925
23.356,-0.0177,0.0786,3.3927
23.396,-0.0194,0.0866,3.3905
23.428,-0.0192,0.0858,3.3907
23.473,-0.0206,0.0908,3.3896
23.499,-0.0197,0.0902,3.3891
23.528,-0.0209,0.0909,3.3898
23.558,-0.0208,0.0884,3.3909
23.611,-0.0209,0.0909,3.3898
23.64,-0.0208,0.0876,3.3913
23.68,-0.0221,0.0841,3.394
23.703,-0.0218,0.0846,3.3935
23.749,-0.0236,0.0844,3.3953
23.776,-0.0237,0.0844,3.3953
23.831,-0.0251,0.0845,3.3966
23.855,-0.025,0.0845,3.3964
23.877,-0.0254,0.0839,3.397
23.918,-0.0254,0.084,3.397
23.941,-0.0255,0.0836,3.3972
23.995,-0.0255,0.0837,3.3972
24.049,-0.0256,0.084,3.3972
24.064,-0.0256,0.0839,3.3972
24.095,-0.0257,0.0839,3.3973
24.129,-0.0257,0.0839,3.3973
24.155,-0.0258,0.0838,3.3975
24.172,-0.0259,0.0838,3.3976
24.213,-0.0258,0.0838,3.3975
24.258,-0.0257,0.0849,3.3969
24.267,-0.026,0.0838,3.3976
24.308,-0.0262,0.0838,3.3978
24.339,-0.0262,0.0839,3.3978
24.368,-0.0252,0.0842,3.3967
24.426,-0.0252,0.0842,3.3967
24.457,-0.0248,0.0809,3.398
24.473,-0.0249,0.0817,3.3977
24.5,-0.0249,0.0803,3.3983
24.544,-0.0249,0.0803,3.3983
24.583,-0.0256,0.0797,3.3992
24.611,-0.0256,0.0797,3.3992
24.637,-0.0261,0.0798,3.3996
24.668,-0.0261,0.0798,3.3996
24.694,-0.0262,0.0797,3.3998
24.722,-0.0263,0.0796,3.3998
24.763,-0.0263,0.0797,3.3998
24.765,-0.0262,0.0795,3.3999
24.815,-0.0263,0.0795,3.3999
24.838,-0.0263,0.0797,3.3998
24.896,-0.0263,0.0797,3.3998
24.924,-0.0263,0.0796,3.3999
24.963,-0.0263,0.0795,3.3999
24.975,-0.0263,0.0796,3.3999
25.01,-0.0267,0.0786,3.4007
25.031,-0.0273,0.0782,3.4014
25.077,-0.0268,0.0774,3.4014
25.102,-0.0264,0.0784,3.4006
25.123,-0.026,0.0775,3.4006
25.176,-0.0263,0.0776,3.4008
25.188,-0.0276,0.0772,3.4022
25.216,-0.028,0.0755,3.4033
25.235,-0.0277,0.0769,3.4023
25.273,-0.0288,0.0754,3.4041
25.304,-0.0288,0.0755,3.404
25.343,-0.0292,0.076,3.4041
25.385,-0.0291,0.0759,3.4041
25.403,-0.0294,0.0765,3.4041
25.454,-0.0294,0.0766,3.404
25.462,-0.0294,0.0767,3.4039
25.482,-0.0293,0.0765,3.404
25.509,-0.0293,0.0766,3.4039
25.543,-0.0294,0.0763,3.4042
25.576,-0.0294,0.0763,3.4041
25.6,-0.0297,0.0763,3.4044
25.657,-0.0296,0.0762,3.4044
25.683,-0.0301,0.0767,3.4046
25.724,-0.0301,0.0766,3.4046
25.746,-0.0308,0.0774,3.4049
25.761,-0.0316,0.0778,3.4054
25.788,-0.0312,0.0774,3.4052
25.814,-0.0306,0.0777,3.4045
25.875,-0.0306,0.0778,3.4045
25.892,-0.0293,0.0766,3.4039
25.947,-0.0294,0.0766,3.404
25.952,-0.0312,0.0755,3.4061
25.98,-0.0324,0.0765,3.4067
26.011,-0.0317,0.0763,3.4062
26.039,-0.0333,0.0754,3.408
26.087,-0.0331,0.0757,3.4077
26.132,-0.0337,0.0753,3.4084
26.169,-0.0337,0.0753,3.4084
26.224,-0.0334,0.075,3.4083
26.246,-0.0334,0.075,3.4083
26.281,-0.0331,0.0747,3.4082
26.312,-0.0332,0.0748,3.4082
26.352,-0.0331,0.0744,3.4083
26.382,-0.0331,0.0745,3.4082
26.399,-0.0332,0.0743,3.4084
26.438,-0.0332,0.0743,3.4084
26.471,-0.0333,0.0742,3.4086
26.512,-0.0333,0.0742,3.4086
26.562,-0.0333,0.0741,3.4086
26.583,-0.0333,0.0741,3.4086
26.599,-0.0333,0.074,3.4087
26.646,-0.0333,0.074,3.4087
26.685,-0.0333,0.0741,3.4087
26.719,-0.0333,0.0741,3.4087
26.746,-0.0333,0.0739,3.4088
26.803,-0.0333,0.0738,3.4088
26.853,-0.0335,0.074,3.4089
26.861,-0.0332,0.0735,3.4088
26.9,-0.0331,0.0742,3.4084
26.945,-0.0332,0.0742,3.4085
26.972,-0.0333,0.0753,3.4081
27.007,-0.0332,0.0751,3.4081
27.025,-0.0329,0.0755,3.4076
27.041,-0.0327,0.0756,3.4074
27.069,-0.0329,0.0755,3.4076
27.134,-0.0327,0.0756,3.4074
27.136,-0.0327,0.0756,3.4074
27.169,-0.0329,0.0755,3.4076
27.206,-0.0328,0.0755,3.4076
27.244,-0.033,0.0756,3.4077
27.286,-0.033,0.0756,3.4076
27.323,-0.033,0.0756,3.4076
27.352,-0.033,0.0756,3.4076
27.368,-0.0329,0.0756,3.4076
27.409,-0.0329,0.0756,3.4076
27.439,-0.033,0.0757,3.4076
27.495,-0.033,0.0757,3.4076
27.497,-0.0329,0.0771,3.4069
27.512,-0.0346,0.0774,3.4082
27.547,-0.0343,0.0771,3.4081
27.57,-0.0343,0.0774,3.408
27.623,-0.0343,0.0774,3.408
27.644,-0.0329,0.0769,3.407
27.674,-0.0329,0.0758,3.4074
27.696,-0.0321,0.0762,3.4066
27.743,-0.0323,0.0761,3.4068
27.767,-0.0324,0.0758,3.407
27.802,-0.0326,0.0756,3.4073
27.836,-0.0325,0.0757,3.4072
27.862,-0.033,0.0757,3.4076
27.881,-0.0332,0.0757,3.4078
27.902,-0.033,0.0757,3.4076
27.936,-0.0331,0.0754,3.4078
27.977,-0.0331,0.0755,3.4078
28.009,-0.033,0.0753,3.4078
28.035,-0.0331,0.0753,3.4078
28.062,-0.033,0.0752,3.4078
28.117,-0.033,0.0752,3.4078
28.141,-0.0329,0.0751,3.4078
28.183,-0.0329,0.0751,3.4078
28.214,-0.0329,0.0751,3.4079
28.242,-0.0329,0.0751,3.4078
28.265,-0.033,0.0751,3.4079
28.306,-0.0331,0.0752,3.4079
28.31,-0.033,0.0751,3.4079
28.349,-0.0332,0.0752,3.408
28.379,-0.0331,0.0752,3.408
28.411,-0.0332,0.0754,3.408
28.479,-0.0332,0.0754,3.408
28.482,-0.0332,0.0754,3.4079
28.53,-0.0332,0.0754,3.4079
28.558,-0.0332,0.0753,3.408
28.576,-0.0333,0.0753,3.408
28.616,-0.0332,0.0753,3.408
28.654,-0.0333,0.0753,3.4081
28.692,-0.0333,0.0753,3.4081
28.713,-0.0333,0.0753,3.4081
28.76,-0.0333,0.0753,3.4081
28.775,-0.0332,0.0752,3.4081
28.803,-0.0332,0.0752,3.4081
28.819,-0.0335,0.0732,3.4092
28.842,-0.0333,0.0725,3.4094
28.873,-0.0337,0.0731,3.4095
28.91,-0.0334,0.073,3.4092
28.942,-0.0332,0.0726,3.4092
28.967,-0.0339,0.0738,3.4093
29.008,-0.0339,0.0738,3.4093
29.032,-0.0337,0.0739,3.4091
29.058,-0.0337,0.0739,3.4091
29.084,-0.0337,0.0738,3.4091
29.119,-0.0338,0.0738,3.4092
29.153,-0.0337,0.0738,3.4091
29.198,-0.0339,0.0739,3.4093
29.236,-0.0338,0.0739,3.4092
29.279,-0.034,0.0739,3.4093
29.314,-0.034,0.0739,3.4093
29.341,-0.034,0.0739,3.4093
29.377,-0.034,0.0739,3.4093
29.404,-0.0339,0.0739,3.4093
29.419,-0.034,0.0739,3.4094
29.437,-0.034,0.0739,3.4093
29.483,-0.0344,0.075,3.4092
29.513,-0.034,0.0739,3.4094
29.532,-0.0355,0.0757,3.4098
29.587,-0.0351,0.0756,3.4095
29.601,-0.0359,0.0765,3.4098
29.652,-0.035,0.0772,3.4087
29.663,-0.0358,0.0766,3.4097
29.709,-0.0333,0.0765,3.4075
29.732,-0.0345,0.0774,3.4082
29.768,-0.0335,0.0762,3.4078
29.796,-0.0337,0.0763,3.4079
29.817,-0.0335,0.0761,3.4078
29.845,-0.0339,0.0758,3.4084
29.868,-0.0335,0.076,3.4079
29.911,-0.0342,0.0755,3.4087
29.938,-0.034,0.0757,3.4085
29.966,-0.0342,0.0753,3.4089
30.023,-0.0342,0.0753,3.4088
30.091,-0.0341,0.075,3.4089
30.093,-0.0341,0.0752,3.4089
30.116,-0.034,0.0749,3.4089
30.139,-0.0341,0.075,3.4089
30.169,-0.034,0.0749,3.4089
30.213,-0.034,0.0749,3.4089
30.245,-0.034,0.0749,3.4089
30.252,-0.0341,0.0749,3.409
30.29,-0.0341,0.0749,3.4089
30.315,-0.0342,0.0749,3.4091
30.357,-0.0342,0.0749,3.4091
30.399,-0.0344,0.0749,3.4092
30.423,-0.0344,0.0749,3.4092
30.459,-0.0344,0.0749,3.4092
30.477,-0.0344,0.0749,3.4092
30.506,-0.0344,0.0749,3.4092
30.555,-0.0345,0.0749,3.4093
30.577,-0.0344,0.0749,3.4092
30.612,-0.0344,0.0748,3.4093
30.626,-0.0344,0.0749,3.4093
30.661,-0.0346,0.0747,3.4095
30.696,-0.0344,0.0723,3.4104
30.717,-0.0346,0.0747,3.4095
30.759,-0.0337,0.0717,3.4101
30.778,-0.0342,0.0721,3.4104
30.802,-0.0341,0.0715,3.4105
30.843,-0.034,0.0713,3.4106
30.873,-0.035,0.0725,3.4109
30.91,-0.035,0.0725,3.4108
30.935,-0.0346,0.0723,3.4106
30.953,-0.0346,0.0722,3.4107
31.0,-0.0346,0.0723,3.4107
31.021,-0.0347,0.0721,3.4108
31.049,-0.0346,0.0721,3.4107
31.076,-0.0349,0.0721,3.411
31.134,-0.0349,0.072,3.411
31.161,-0.035,0.072,3.4111
31.179,-0.035,0.072,3.4111
31.2,-0.035,0.072,3.4111
31.25,-0.035,0.072,3.4111
31.273,-0.0349,0.072,3.411
31.298,-0.0349,0.0721,3.411
31.322,-0.0349,0.072,3.411
31.355,-0.0349,0.0736,3.4103
31.407,-0.0349,0.0733,3.4104
31.418,-0.0366,0.0744,3.4114
31.462,-0.0368,0.0746,3.4115
31.474,-0.0371,0.0751,3.4115
31.507,-0.0362,0.0759,3.4104
31.539,-0.0368,0.0755,3.411
31.568,-0.0356,0.075,3.4103
31.62,-0.0349,0.0752,3.4095
31.637,-0.0352,0.0748,3.41
31.689,-0.0352,0.0748,3.41
31.721,-0.0355,0.0744,3.4104
31.733,-0.036,0.0742,3.411
31.762,-0.0356,0.0743,3.4106
31.796,-0.0363,0.0739,3.4114
31.827,-0.0362,0.074,3.4112
31.856,-0.0362,0.0735,3.4115
31.901,-0.0362,0.0735,3.4115
31.935,-0.0362,0.0733,3.4115
31.99,-0.0362,0.0733,3.4115
32.018,-0.0361,0.0728,3.4118
32.048,-0.0361,0.0729,3.4117
32.074,-0.0363,0.0726,3.4119
32.097,-0.0362,0.0727,3.4119
32.114,-0.0364,0.0726,3.4121
32.189,-0.0365,0.0726,3.4122
32.213,-0.0367,0.0728,3.4123
32.252,-0.0367,0.0728,3.4123
32.274,-0.0368,0.0729,3.4123
32.288,-0.0368,0.0729,3.4123
32.303,-0.0368,0.0729,3.4123
32.339,-0.0367,0.0729,3.4123
32.386,-0.0368,0.0729,3.4122
32.432,-0.0368,0.0727,3.4124
32.463,-0.0368,0.0728,3.4124
32.492,-0.0369,0.0727,3.4124
32.512,-0.0369,0.0727,3.4125
32.536,-0.0369,0.0727,3.4124
32.575,-0.037,0.0727,3.4125
32.609,-0.0369,0.0727,3.4125
32.652,-0.0366,0.0718,3.4126
32.675,-0.0367,0.0727,3.4123
32.704,-0.0357,0.0714,3.412
32.748,-0.0358,0.0713,3.4122
32.774,-0.0362,0.0704,3.4129
32.831,-0.0362,0.0704,3.4129
32.862,-0.0364,0.0707,3.413
32.895,-0.0365,0.0707,3.4131
32.944,-0.0363,0.0706,3.4129
32.953,-0.0364,0.0706,3.413
32.981,-0.0363,0.0706,3.413
33.024,-0.0363,0.0706,3.413
33.046,-0.0364,0.0706,3.413
33.096,-0.0364,0.0706,3.413
33.133,-0.0364,0.0707,3.413
33.185,-0.0364,0.0707,3.4129
33.187,-0.0364,0.0707,3.413
33.24,-0.0364,0.0707,3.413
33.267,-0.0364,0.0706,3.413
33.306,-0.0364,0.0707,3.413
33.347,-0.0367,0.0718,3.4127
33.379,-0.0366,0.0713,3.4128
33.407,-0.0378,0.0727,3.4132
33.442,-0.0377,0.0727,3.4132
33.472,-0.0385,0.0739,3.4133
33.483,-0.0382,0.0747,3.4126
33.527,-0.0384,0.074,3.4132
33.55,-0.0365,0.0746,3.4112
33.59,-0.0371,0.0741,3.4119
33.619,-0.0365,0.0735,3.4118
33.646,-0.0368,0.074,3.4118
33.66,-0.0366,0.0733,3.4119
33.715,-0.0367,0.0733,3.412
33.73,-0.0371,0.0733,3.4123
33.751,-0.0374,0.073,3.4128
33.79,-0.0372,0.0733,3.4124
33.82,-0.0377,0.073,3.413
33.87,-0.0376,0.073,3.4129
33.874,-0.0377,0.0727,3.4131
33.927,-0.0376,0.0726,3.4131
33.935,-0.0375,0.0723,3.4132
33.961,-0.0375,0.0722,3.4132
34.008,-0.0375,0.0722,3.4132
34.019,-0.0375,0.0721,3.4133
34.064,-0.0375,0.0721,3.4133
34.096,-0.0377,0.0721,3.4135
34.116,-0.0379,0.0722,3.4136
34.159,-0.0378,0.0721,3.4135
34.193,-0.038,0.0721,3.4137
34.22,-0.038,0.0721,3.4137
34.252,-0.038,0.0721,3.4137
34.272,-0.0381,0.0722,3.4137
34.303,-0.038,0.0721,3.4137
34.368,-0.038,0.0722,3.4137
34.385,-0.038,0.0721,3.4137
34.417,-0.038,0.0721,3.4137
34.436,-0.038,0.072,3.4138
34.459,-0.0378,0.0716,3.4137
34.489,-0.0377,0.0721,3.4134
34.515,-0.038,0.0693,3.4151
34.583,-0.038,0.0694,3.415
34.586,-0.0383,0.0688,3.4155
34.632,-0.0376,0.0683,3.4152
34.654,-0.0378,0.0687,3.4151
34.679,-0.0381,0.0692,3.4151
34.709,-0.0375,0.0685,3.415
34.733,-0.038,0.0691,3.4151
34.774,-0.0382,0.0694,3.4152
34.782,-0.0379,0.0689,3.4151
34.836,-0.0379,0.069,3.4151
34.859,-0.0379,0.0689,3.4151
34.878,-0.0381,0.069,3.4153
34.899,-0.0379,0.0689,3.4151
34.931,-0.0383,0.0691,3.4154
34.992,-0.0382,0.069,3.4154
35.031,-0.0383,0.0692,3.4154
35.053,-0.0383,0.0692,3.4154
35.078,-0.0383,0.0692,3.4153
35.123,-0.0383,0.0692,3.4153
35.142,-0.0382,0.0691,3.4153
35.175,-0.0383,0.0691,3.4154
35.204,-0.0382,0.0691,3.4153
35.239,-0.0382,0.0705,3.4146
35.268,-0.0383,0.0692,3.4154
35.309,-0.0396,0.0714,3.4155
35.323,-0.039,0.071,3.4151
35.359,-0.0402,0.0719,3.4157
35.412,-0.0402,0.072,3.4157
35.438,-0.0389,0.0725,3.4143
35.476,-0.0387,0.0723,3.4143
35.516,-0.0382,0.0712,3.4144
35.549,-0.0383,0.0712,3.4144
35.578,-0.0386,0.0708,3.4149
35.609,-0.0385,0.0708,3.4148
35.644,-0.0389,0.0705,3.4153
35.69,-0.0389,0.0705,3.4153
35.707,-0.039,0.0701,3.4156
35.748,-0.0391,0.07,3.4157
35.786,-0.039,0.0696,3.4158
35.82,-0.039,0.0696,3.4158
35.85,-0.039,0.0695,3.4159
35.893,-0.039,0.0695,3.4159
35.934,-0.0392,0.0694,3.4161
35.969,-0.0392,0.0694,3.416
35.998,-0.0393,0.0694,3.4162
36.027,-0.0393,0.0694,3.4162
36.036,-0.0393,0.0693,3.4162
36.082,-0.0393,0.0693,3.4162
36.089,-0.0393,0.0693,3.4162
36.13,-0.0393,0.0693,3.4162
36.167,-0.0393,0.0693,3.4162
36.179,-0.0394,0.0693,3.4162
36.236,-0.0394,0.0693,3.4162
36.268,-0.0394,0.0694,3.4162
36.31,-0.0395,0.0696,3.4162
36.349,-0.0395,0.067,3.4175
36.403,-0.0395,0.0674,3.4172
36.422,-0.0385,0.0674,3.4164
36.451,-0.0388,0.0671,3.4168
36.489,-0.0387,0.0662,3.4171
36.536,-0.0387,0.0663,3.4171
36.553,-0.0393,0.0665,3.4175
36.574,-0.0392,0.0666,3.4174
36.598,-0.0393,0.0666,3.4174
36.637,-0.0393,0.0665,3.4174
36.675,-0.0393,0.0665,3.4174
36.695,-0.0393,0.0665,3.4175
36.744,-0.0393,0.0665,3.4175
36.766,-0.0394,0.0665,3.4176
36.811,-0.0394,0.0665,3.4176
36.839,-0.0395,0.0665,3.4177
36.867,-0.0395,0.0665,3.4177
36.901,-0.0394,0.0665,3.4176
36.942,-0.0395,0.0665,3.4176
36.983,-0.0394,0.0665,3.4176
37.011,-0.0394,0.0665,3.4176
37.043,-0.0406,0.0682,3.4178
37.069,-0.0404,0.0681,3.4177
37.095,-0.0411,0.0688,3.418
37.116,-0.0412,0.0697,3.4177
37.16,-0.0412,0.069,3.4181
37.176,-0.0387,0.0691,3.4158
37.23,-0.039,0.0691,3.416
37.254,-0.0396,0.0691,3.4165
37.28,-0.0396,0.0693,3.4165
37.298,-0.0388,0.0688,3.416
37.336,-0.0391,0.0682,3.4166
37.366,-0.0388,0.0686,3.4161
37.405,-0.0395,0.068,3.4169
37.433,-0.0393,0.0681,3.4168
37.464,-0.0397,0.0676,3.4173
37.496,-0.0397,0.0673,3.4175
37.507,-0.0397,0.0676,3.4173
37.572,-0.0398,0.0672,3.4176
37.612,-0.0398,0.0668,3.4178
37.632,-0.0398,0.0669,3.4177
37.663,-0.0399,0.0666,3.418
37.696,-0.0399,0.0667,3.4179
37.707,-0.0401,0.0664,3.4182
37.775,-0.0401,0.0664,3.4182
37.8,-0.0401,0.0664,3.4183
37.814,-0.0401,0.0664,3.4183
37.858,-0.0402,0.0664,3.4183
37.892,-0.04,0.0664,3.4182
37.936,-0.04,0.0664,3.4182
37.973,-0.04,0.0664,3.4181
38.014,-0.04,0.0664,3.4181
38.053,-0.04,0.0664,3.4181
38.068,-0.04,0.0664,3.4181
38.103,-0.04,0.0664,3.4182
38.148,-0.04,0.0664,3.4182
