elapsed_s,x_m,y_m,yaw_rad,stamp_ns,frame,episode_time_s
0.1401980390000972,2.083660840988159,-2.388354778289795,0.4860668066452159,1789313751423527581,odom,-7.2603253080001195
0.1961724719999438,2.0835392475128174,-2.3882992267608643,0.4863462666798955,1789313751530315024,odom,-7.204350875000273
0.2518650450001587,2.0835494995117188,-2.388286590576172,0.48603579647008,1789313751583999497,odom,-7.148658302000058
0.3046036199998525,2.083648204803467,-2.388348340988159,0.48588738131182696,1789313751633397919,odom,-7.095919727000364
0.3574487569999292,2.0836308002471924,-2.3884201049804688,0.4859793032860779,1789313751689953905,odom,-7.043074590000288
0.40955852300021434,2.0836005210876465,-2.388361930847168,0.4861418792901234,1789313751736625534,odom,-6.990964824000002
0.46272968099992795,2.0835251808166504,-2.388315439224243,0.4860203527841996,1789313751794622523,odom,-6.937793666000289
0.5140171930001998,2.083552837371826,-2.388322353363037,0.4859361932278246,1789313751826647622,odom,-6.886506154000017
0.5737570609999239,2.0836076736450195,-2.388414144515991,0.48592767078721755,1789313751908135992,odom,-6.826766286000293
0.6289836750001996,2.0835464000701904,-2.388399600982666,0.48604632251477675,1789313751963816506,odom,-6.771539672000017
0.6859479469999314,2.083469867706299,-2.3883562088012695,0.4862157325872234,1789313752020033461,odom,-6.714575400000285
0.7398709240001153,2.083500862121582,-2.388347864151001,0.4860766449112007,1789313752063413721,odom,-6.660652423000101
0.7911941170000318,2.0836024284362793,-2.3883907794952393,0.485766749011336,1789313752116613728,odom,-6.609329230000185
0.855539656000019,2.0836353302001953,-2.388382911682129,0.48596117732572625,1789313752193355185,odom,-6.544983691000198
0.9075401710001643,2.083479404449463,-2.388324737548828,0.48620613982552513,1789313752246655089,odom,-6.4929831760000525
0.9622505209999872,2.083470582962036,-2.388317108154297,0.486025952198547,1789313752300035817,odom,-6.4382728260002295
1.0131868600001326,2.0835514068603516,-2.3883540630340576,0.4858380768419294,1789313752346569401,odom,-6.387336487000084
1.074264444000164,2.0835976600646973,-2.3884072303771973,0.48595655525534526,1789313752406724554,odom,-6.326258903000053
1.1333492610001485,2.083590030670166,-2.3883206844329834,0.4861556179879552,1789313752466571194,odom,-6.267174086000068
1.1877474449997862,2.083534002304077,-2.3883118629455566,0.48619202818371704,1789313752503494126,odom,-6.2127759020004305
1.2483319009998013,2.0835728645324707,-2.3883163928985596,0.48603690309994907,1789313752563324791,odom,-6.1521914460004155
1.299768024000059,2.0836832523345947,-2.3883824348449707,0.4859746388304877,1789313752633329493,odom,-6.100755323000158
1.3540324149998924,2.083624839782715,-2.3883674144744873,0.48615858986094773,1789313752687842232,odom,-6.046490932000324
1.4074051440002222,2.0836148262023926,-2.388288736343384,0.48616534690671187,1789313752740586621,odom,-5.9931182029999945
1.4584335479999027,2.0836424827575684,-2.3883185386657715,0.4858962029832616,1789313752793218714,odom,-5.942089799000314
1.5092957739998383,2.0836756229400635,-2.38836932182312,0.485942110308817,1789313752840712649,odom,-5.8912275730003785
1.5608564429999205,2.083662271499634,-2.388411283493042,0.48608311149731953,1789313752877940041,odom,-5.839666904000296
1.6164065809998647,2.0836169719696045,-2.3883512020111084,0.48604620302952045,1789313752946962458,odom,-5.784116766000352
1.6777469530002236,2.0836474895477295,-2.388300895690918,0.48586336045663164,1789313753006479603,odom,-5.722776393999993
1.7292039720000503,2.0836939811706543,-2.388357639312744,0.4857329141345117,1789313753059976679,odom,-5.6713193750001665
1.784083955999904,2.0836801528930664,-2.388392925262451,0.48603915117588353,1789313753113522393,odom,-5.616439391000313
1.8490321909998784,2.0836093425750732,-2.3883306980133057,0.48613019116699074,1789313753173444849,odom,-5.551491156000338
1.9007692139998653,2.0836052894592285,-2.3882858753204346,0.4857762573093927,1789313753239950520,odom,-5.499754133000351
1.9526439040000696,2.0836243629455566,-2.388359546661377,0.485784885559207,1789313753279855114,odom,-5.447879443000147
2.011337962000198,2.0836355686187744,-2.3884260654449463,0.4859525143382636,1789313753336834771,odom,-5.389185385000019
2.0635877610002353,2.0835559368133545,-2.3883981704711914,0.4860829756011308,1789313753396628720,odom,-5.336935585999981
2.1248716519999107,2.083585262298584,-2.388322353363037,0.4859206601361876,1789313753456865889,odom,-5.275651695000306
2.1765741150002214,2.083631753921509,-2.3883445262908936,0.48587551558015235,1789313753496597868,odom,-5.223949231999995
2.2275678940000034,2.0836522579193115,-2.388432741165161,0.48595153896894433,1789313753560572487,odom,-5.172955453000213
2.2861404469999798,2.0835907459259033,-2.3884007930755615,0.48616183187758105,1789313753606573206,odom,-5.114382900000237
2.339301043999967,2.083556890487671,-2.3883509635925293,0.48610641121777914,1789313753643088442,odom,-5.06122230300025
2.3952878290001536,2.0836234092712402,-2.388329267501831,0.4858893745398836,1789313753713357312,odom,-5.005235518000063
2.44590998700005,2.083645820617676,-2.388396978378296,0.4859762531476849,1789313753766428095,odom,-4.954613360000167
2.511715548000211,2.083620309829712,-2.3883790969848633,0.4861391115291082,1789313753826437098,odom,-4.888807799000006
2.5636000290000993,2.0835671424865723,-2.3883016109466553,0.4861311411479448,1789313753876928192,odom,-4.836923318000117
2.6189238599999953,2.083559989929199,-2.388317584991455,0.48595958311348975,1789313753933539730,odom,-4.781599487000221
2.6717518440000276,2.0836291313171387,-2.3883674144744873,0.48592043351016784,1789313754006805283,odom,-4.728771503000189
2.7223757940000723,2.0835888385772705,-2.3883697986602783,0.486079894826546,1789313754059940678,odom,-4.678147553000144
2.7842943820000983,2.083550214767456,-2.3883097171783447,0.4860315677230113,1789313754106555325,odom,-4.6162289650001185
2.840070955000101,2.0836288928985596,-2.388315439224243,0.4858711121561195,1789313754173318249,odom,-4.560452392000116
2.895718117999877,2.0836477279663086,-2.388378143310547,0.48604345377561703,1789313754226725203,odom,-4.50480522900034
2.9524809149997964,2.083606481552124,-2.3884031772613525,0.48627977870493144,1789313754273229224,odom,-4.44804243200042
3.0104925310001818,2.08353590965271,-2.388352870941162,0.48605860831164693,1789313754333270413,odom,-4.390030816000035
3.0613560040001175,2.083603620529175,-2.388350248336792,0.4859504470150373,1789313754384475333,odom,-4.339167343000099
3.129616321999947,2.0836215019226074,-2.3884029388427734,0.4861456086652304,1789313754446516138,odom,-4.27090702500027
3.1821157889999085,2.0835952758789062,-2.388420343399048,0.4861855971322202,1789313754496693474,odom,-4.218407558000308
3.234170641000219,2.0835535526275635,-2.388352394104004,0.4860870713270797,1789313754553024393,odom,-4.166352705999998
3.289667817999998,2.0835630893707275,-2.3883824348449707,0.48610798330723326,1789313754626394373,odom,-4.110855529000219
3.346729019000122,2.083569288253784,-2.388453245162964,0.4861925562157267,1789313754683096510,odom,-4.0537943280000945
3.397979666000083,2.0835306644439697,-2.38844633102417,0.4862214531415454,1789313754716800076,odom,-4.002543681000134
3.449180616999911,2.0834708213806152,-2.388417959213257,0.48612986804626973,1789313754780065400,odom,-3.951342730000306
3.5018377500000497,2.0835397243499756,-2.3884332180023193,0.4860158420778601,1789313754836302143,odom,-3.898685597000167
3.56274064299987,2.08351469039917,-2.388491630554199,0.4861024325401667,1789313754884642702,odom,-3.8377827040003467
3.6171399469999415,2.083500623703003,-2.3884546756744385,0.486299855282012,1789313754953000885,odom,-3.7833834000002753
3.6723403510000026,2.0834877490997314,-2.388413190841675,0.48613480590407593,1789313755007327658,odom,-3.728182996000214
3.723432211999807,2.08355450630188,-2.3884220123291016,0.48593116839368383,1789313755059749943,odom,-3.67709113500041
3.780479267999908,2.083587884902954,-2.3884475231170654,0.48609461420527317,1789313755109910351,odom,-3.6200440790003086
3.8371410390000165,2.0835554599761963,-2.3884429931640625,0.486224392444231,1789313755163099629,odom,-3.5633823080002003
3.9036864499998956,2.0835275650024414,-2.388399839401245,0.48590419058552226,1789313755233107430,odom,-3.496836897000321
3.960280700000112,2.083566427230835,-2.3884482383728027,0.48592333813197897,1789313755289743763,odom,-3.4402426470001046
4.01818565800022,2.0835440158843994,-2.3885064125061035,0.48607143664631985,1789313755349547726,odom,-3.3823376889999963
4.074257787000079,2.0834975242614746,-2.3884782791137695,0.48617269540084807,1789313755396542174,odom,-3.326265560000138
4.1303813740000805,2.08349609375,-2.3884546756744385,0.4860557172363739,1789313755456238610,odom,-3.270141973000136
4.184808710000198,2.0835046768188477,-2.388468027114868,0.48588554352304275,1789313755510408026,odom,-3.215714637000019
4.246614847999808,2.0835185050964355,-2.388477087020874,0.48599798622893137,1789313755556995970,odom,-3.1539084990004085
4.306432572000176,2.0834546089172363,-2.3884165287017822,0.48626866914533956,1789313755643380982,odom,-3.0940907750000406
4.359115273000043,2.0834462642669678,-2.38840651512146,0.485885151669258,1789313755696568352,odom,-3.0414080740001737
4.413158443000157,2.0835320949554443,-2.388418436050415,0.4858657497380332,1789313755750053984,odom,-2.98736490400006
4.472963398000047,2.083543062210083,-2.388455867767334,0.4861606557180809,1789313755802901369,odom,-2.9275599490001696
4.525775254000109,2.0834786891937256,-2.3884265422821045,0.48607638562082556,1789313755856408459,odom,-2.8747480930001075
4.582509441000184,2.0834741592407227,-2.388429880142212,0.4858774101011288,1789313755916314703,odom,-2.818013906000033
4.640753220000079,2.0834763050079346,-2.388474464416504,0.4858858360414808,1789313755976813656,odom,-2.759770127000138
4.692351968999901,2.083489179611206,-2.388474464416504,0.4859894767407795,1789313756023193222,odom,-2.7081713780003156
4.749101388999861,2.0834853649139404,-2.3884074687957764,0.4860814427354496,1789313756076409203,odom,-2.6514219580003555
4.803738007999982,2.0834662914276123,-2.3883605003356934,0.4859005074301919,1789313756136391026,odom,-2.5967853390002347
4.863083594999807,2.0835556983947754,-2.3884103298187256,0.48591780523813055,1789313756200045210,odom,-2.5374397520004095
4.921387374999995,2.0835540294647217,-2.388430118560791,0.4860515516768622,1789313756259845597,odom,-2.479135972000222
4.973516084000039,2.0835304260253906,-2.388373613357544,0.4861136615361666,1789313756306168658,odom,-2.4270072630001778
5.039422285000001,2.0835213661193848,-2.388326644897461,0.48593998552974704,1789313756350938183,odom,-2.361101062000216
5.108441526000206,2.08354115486145,-2.388359308242798,0.4858482825841587,1789313756422837836,odom,-2.2920818210000107
5.16003022599989,2.0835421085357666,-2.3883726596832275,0.48607493955241415,1789313756490007979,odom,-2.240493121000327
5.216153972000029,2.083486795425415,-2.388352632522583,0.48592625961339775,1789313756546378237,odom,-2.1843693750001876
5.270424888999969,2.083531141281128,-2.388338565826416,0.48579329845463814,1789313756606658083,odom,-2.1300984580002478
5.328819614000167,2.0836029052734375,-2.3883564472198486,0.48581238472238564,1789313756660281521,odom,-2.0717037330000494
5.3871359380000285,2.083566904067993,-2.388359546661377,0.4861541795773884,1789313756719802958,odom,-2.013387409000188
5.445701577999898,2.083521842956543,-2.388319730758667,0.48612396955313014,1789313756766220671,odom,-1.9548217690003185
5.501197698999931,2.0834906101226807,-2.388307571411133,0.48596540907606445,1789313756816551072,odom,-1.8993256480002856
5.557377957999961,2.083564043045044,-2.388364315032959,0.48593293402432525,1789313756886201722,odom,-1.8431453890002558
5.608192694000081,2.083527088165283,-2.3883774280548096,0.48604301914048137,1789313756946225983,odom,-1.7923306530001355
5.676921625999967,2.0835087299346924,-2.3883111476898193,0.48609204779114606,1789313756986548764,odom,-1.72360172100025
5.732491922999998,2.0835001468658447,-2.3883135318756104,0.48592144673358256,1789313757063048703,odom,-1.668031424000219
5.791651300000012,2.0835750102996826,-2.388362169265747,0.4859665366244206,1789313757116150481,odom,-1.6088720470002045
5.842742551999891,2.0835869312286377,-2.3883824348449707,0.4861721112400477,1789313757176255089,odom,-1.5577807950003262
5.9013179200001105,2.083512306213379,-2.3883135318756104,0.4861754581652126,1789313757236103398,odom,-1.4992054270001063
5.957891144999849,2.083493709564209,-2.3883273601531982,0.48607485650294874,1789313757296212298,odom,-1.4426322020003681
6.015434112000094,2.0835227966308594,-2.3884103298187256,0.4860234104821449,1789313757349465710,odom,-1.3850892350001232
6.071225244999823,2.0835070610046387,-2.388439178466797,0.4861860576212585,1789313757406199795,odom,-1.3292981020003936
6.126759669999956,2.0834546089172363,-2.388371467590332,0.48625910414465456,1789313757466150624,odom,-1.273763677000261
6.181108604000201,2.083484649658203,-2.388340950012207,0.48612046801193576,1789313757512789828,odom,-1.2194147430000157
6.245983109000008,2.0835492610931396,-2.388390064239502,0.48596506817942875,1789313757573580366,odom,-1.1545402380002088
6.299353372000041,2.0835537910461426,-2.388420343399048,0.4860757535815932,1789313757629599434,odom,-1.1011699750001753
6.352458575000128,2.0834550857543945,-2.388383388519287,0.48619979491543264,1789313757689495427,odom,-1.0480647720000889
6.407515201000024,2.083461046218872,-2.3883588314056396,0.4859308049757956,1789313757746242863,odom,-0.9930081460001929
6.468721041000208,2.0835628509521484,-2.388378858566284,0.48560287250200085,1789313757799462658,odom,-0.9318023060000087
6.5204609110001,2.0835702419281006,-2.388444662094116,0.48579607684242826,1789313757856051546,odom,-0.8800624360001166
6.575489664000088,2.0834994316101074,-2.388446092605591,0.48585490991767183,1789313757909996134,odom,-0.8250336830001288
6.635296058000222,2.08341646194458,-2.388402223587036,0.4856251128393074,1789313757963542563,odom,-0.7652272889999949
6.688766483000109,2.083503007888794,-2.388406991958618,0.4854809608116187,1789313758022962433,odom,-0.7117568640001082
6.740691540000171,2.0835583209991455,-2.3884642124176025,0.48560587290786106,1789313758072659356,odom,-0.659831807000046
6.793471425999996,2.0835189819335938,-2.3884291648864746,0.4857421801140743,1789313758124141318,odom,-0.6070519210002203
6.845895274000213,2.083475351333618,-2.388373851776123,0.48577173064557466,1789313758176050049,odom,-0.5546280730000035
6.897451204999925,2.083463191986084,-2.388371706008911,0.4854979276560091,1789313758234847885,odom,-0.5030721420002919
6.953811465999934,2.0835115909576416,-2.38844895362854,0.4855290723398142,1789313758290077072,odom,-0.44671188100028303
7.007011102999968,2.0834755897521973,-2.3884732723236084,0.48562787158252346,1789313758346234661,odom,-0.39351224400024876
7.067003900000145,2.0833725929260254,-2.3884365558624268,0.4857216901992079,1789313758395959956,odom,-0.3335194470000715
7.1181439840001985,2.0833818912506104,-2.3884057998657227,0.48569742646239566,1789313758452774388,odom,-0.2823793630000182
7.177869321999879,2.0834836959838867,-2.3884756565093994,0.4854832722974589,1789313758513093335,odom,-0.22265402500033815
7.234757366999929,2.0834946632385254,-2.3885295391082764,0.4856453561212509,1789313758566234213,odom,-0.16576598000028753
7.2865591899999345,2.083404064178467,-2.3885090351104736,0.485874278383905,1789313758622717482,odom,-0.11396415700028228
7.339071006999802,2.083404541015625,-2.388444185256958,0.4856566759228166,1789313758676091534,odom,-0.06145234000041455
7.3940385109999625,2.0834507942199707,-2.388484001159668,0.48554742508568777,1789313758725945574,odom,-0.00648483600025429
7.446689690999847,2.083489418029785,-2.388540744781494,0.4856298367152126,1789313758786017519,odom,0.046166343999630044
7.497222246000092,2.0834317207336426,-2.3885385990142822,0.48575247902674895,1789313758836458069,odom,0.09669889899987538
7.5487907219999215,2.083401679992676,-2.3884594440460205,0.4857792859418371,1789313758879278046,odom,0.14826737499970477
7.612812988999849,2.0833992958068848,-2.3884613513946533,0.4855815525489714,1789313758932793480,odom,0.2122896419996323
7.6690585599999395,2.0835037231445312,-2.388486623764038,0.4855234672225192,1789313758992640835,odom,0.2685352129997227
7.721173219999855,2.083507537841797,-2.388486385345459,0.4855870436818454,1789313759039336783,odom,0.3206498729996383
7.784328689000176,2.0834577083587646,-2.3884565830230713,0.4859146070016578,1789313759089464766,odom,0.38380534199995964
7.844782773000134,2.0834007263183594,-2.388437032699585,0.4856763948452843,1789313759143133265,odom,0.44425942599991686
7.900279692999902,2.0835037231445312,-2.388511896133423,0.4856893592848491,1789313759225980145,odom,0.49975634599968544
7.951900103999833,2.083491802215576,-2.3884899616241455,0.48588854201741855,1789313759289972884,odom,0.5513767569996162
8.005347935999907,2.0834555625915527,-2.3884246349334717,0.48582497474490177,1789313759336063963,odom,0.6048245889996906
8.057591750000029,2.083451747894287,-2.3883979320526123,0.4856391765175122,1789313759389292818,odom,0.657068402999812
8.117478528999982,2.0835142135620117,-2.388460636138916,0.48559269963118,1789313759442568404,odom,0.716955181999765
8.169785222999963,2.0835444927215576,-2.3884854316711426,0.48577325893275414,1789313759476216656,odom,0.7692618759997458
8.2270560259999,2.0843327045440674,-2.3879899978637695,0.48621383118434686,1789313759542551381,odom,0.8265326789996834
8.287104055999862,2.0885684490203857,-2.3840012550354004,0.48279529171980556,1789313759619324786,odom,0.8865807089996451
8.338050697000199,2.0953099727630615,-2.3803930282592773,0.4760662427276952,1789313759676051957,odom,0.9375273499999821
8.401251351000155,2.1021862030029297,-2.376563787460327,0.4721224885935739,1789313759722629649,odom,1.0007280039999387
8.457562875999884,2.112886667251587,-2.3722240924835205,0.4687447950103112,1789313759794123274,odom,1.0570395289996668
8.512472010000238,2.120652437210083,-2.3689863681793213,0.4656264499215551,1789313759849495512,odom,1.111948663000021
8.566148485000213,2.1342573165893555,-2.3623876571655273,0.4654071744311485,1789313759902494294,odom,1.1656251379999958
8.617018550000012,2.148709535598755,-2.3567512035369873,0.46639796443176945,1789313759945758683,odom,1.2164952029997949
8.670306058999813,2.1598081588745117,-2.3499767780303955,0.46702354446226363,1789313759997730118,odom,1.2697827119995964
8.722383534000073,2.1867589950561523,-2.33699893951416,0.4702100195828642,1789313760062592131,odom,1.3218601869998565
8.775860933999866,2.198676824569702,-2.3299367427825928,0.47572271871381494,1789313760109370333,odom,1.375337586999649
8.831347388999802,2.214354991912842,-2.321070909500122,0.479917856400633,1789313760169937474,odom,1.4308240419995855
8.88430458899984,2.2265100479125977,-2.3115193843841553,0.4786144049137684,1789313760215917689,odom,1.4837812419996226
8.937363518999973,2.243483066558838,-2.298985242843628,0.47921121512769765,1789313760272546393,odom,1.5368401719997564
8.997827841999879,2.2560641765594482,-2.289494752883911,0.4786748400850368,1789313760329109055,odom,1.597304494999662
9.049089816000105,2.2637622356414795,-2.282748222351074,0.4775778364541942,1789313760376006228,odom,1.6485664689998885
9.113357911000094,2.2681400775909424,-2.2797422409057617,0.4784082258290981,1789313760435837847,odom,1.712834563999877
9.170163522000166,2.2685258388519287,-2.2796714305877686,0.48479695354483854,1789313760499164206,odom,1.7696401749999495
9.225543191999805,2.266803741455078,-2.2808079719543457,0.49090447240136414,1789313760552524907,odom,1.8250198449995878
9.277878557999884,2.2640435695648193,-2.282244920730591,0.49442671975314856,1789313760612428528,odom,1.8773552109996672
9.33866490299988,2.2627716064453125,-2.282973527908325,0.4974730246970854,1789313760672489983,odom,1.938141555999664
9.394576419999794,2.2624669075012207,-2.283053159713745,0.4992383441332012,1789313760734346730,odom,1.9940530729995771
9.447001772000021,2.2621912956237793,-2.2829432487487793,0.49972198626667613,1789313760779258353,odom,2.0464784249998047
9.508714371000224,2.2616965770721436,-2.282881021499634,0.5003123856968335,1789313760839119536,odom,2.108191024000007
9.569543373000215,2.261353015899658,-2.2829973697662354,0.5015530654106881,1789313760885945183,odom,2.1690200259999983
9.620481213999938,2.2608301639556885,-2.2833292484283447,0.5028334898667068,1789313760956314188,odom,2.219957866999721
9.671177739000086,2.2606964111328125,-2.2834041118621826,0.5030482467729661,1789313760979167563,odom,2.2706543919998694
9.724305085000196,2.260336399078369,-2.283665657043457,0.5039922877442247,1789313761050608498,odom,2.3237817379999797
9.78056000000015,2.2605772018432617,-2.2834055423736572,0.5040508557005956,1789313761115842921,odom,2.3800366529999337
9.83370862699985,2.262237787246704,-2.279315233230591,0.5031971199038973,1789313761173484188,odom,2.433185279999634
9.888887396999962,2.264674425125122,-2.277634620666504,0.5031834569809904,1789313761212455136,odom,2.4883640499997455
9.952025264999975,2.2715888023376465,-2.27408504486084,0.5025443715434217,1789313761279441458,odom,2.551501917999758
10.008704923000096,2.279508590698242,-2.269611358642578,0.5019016577548139,1789313761339465720,odom,2.608181575999879
10.06123747599986,2.2858633995056152,-2.2648651599884033,0.5002488818275864,1789313761389097792,odom,2.6607141289996434
10.117344612000124,2.2994608879089355,-2.2539186477661133,0.49424514095235844,1789313761455849749,odom,2.7168212649999077
10.172591127000032,2.31353759765625,-2.244936943054199,0.5009516538637794,1789313761509221655,odom,2.7720677799998157
10.228397235000102,2.3289170265197754,-2.2361550331115723,0.5074940728047814,1789313761565884215,odom,2.8278738879998855
10.279951532999803,2.3416178226470947,-2.227876901626587,0.5099999512211649,1789313761609171492,odom,2.8794281859995863
10.332500310999876,2.3587303161621094,-2.219667673110962,0.510289345980429,1789313761672514302,odom,2.9319769639996593
10.38635803599982,2.372267723083496,-2.212047576904297,0.5107646535926308,1789313761719080788,odom,2.985834688999603
10.4379018059999,2.3904311656951904,-2.2049355506896973,0.513615281298888,1789313761772356612,odom,3.037378458999683
10.494232594000096,2.403870105743408,-2.200312614440918,0.5175326820119508,1789313761833140475,odom,3.093709246999879
10.547516486999939,2.413161277770996,-2.1953623294830322,0.5213013224888766,1789313761885907751,odom,3.146993139999722
10.59958608900024,2.421095371246338,-2.188999652862549,0.5200982661011289,1789313761932393652,odom,3.1990627420000237
10.656118160000005,2.4307363033294678,-2.1813454627990723,0.5190324290804139,1789313761986112458,odom,3.2555948129997887
10.712539444999948,2.435270071029663,-2.1751372814178467,0.5196587611434702,1789313762049094540,odom,3.312016097999731
10.771011385999827,2.43861722946167,-2.1699702739715576,0.5182751221917995,1789313762095618826,odom,3.3704880389996106
10.830840530999922,2.438894748687744,-2.1678733825683594,0.5178874056875792,1789313762162250859,odom,3.430317183999705
10.88366828800008,2.437941789627075,-2.167576789855957,0.5193118789697646,1789313762223088127,odom,3.483144940999864
10.93836260299986,2.4369020462036133,-2.1682662963867188,0.5207455510038443,1789313762267062289,odom,3.5378392559996428
10.99857450599984,2.43570876121521,-2.169342041015625,0.5215099490655899,1789313762325200898,odom,3.598051158999624
11.050728588999846,2.435058355331421,-2.169684648513794,0.5215240559417739,1789313762375726801,odom,3.650205241999629
11.111924956000166,2.434555768966675,-2.1691648960113525,0.5212086034170081,1789313762443184477,odom,3.7114016089999495
11.171969271999842,2.4340641498565674,-2.168660879135132,0.5200416832215563,1789313762499015671,odom,3.7714459249996253
11.225822133999827,2.4334375858306885,-2.168267250061035,0.5186612596900105,1789313762555791718,odom,3.8252987869996105
11.279775444999814,2.4330520629882812,-2.1681692600250244,0.5177953676326557,1789313762605525118,odom,3.879252097999597
11.33492755799989,2.432718515396118,-2.1682326793670654,0.5180267949603992,1789313762655792815,odom,3.9344042109996735
11.388790211000014,2.432542085647583,-2.1685266494750977,0.5187053719549326,1789313762726750952,odom,3.9882668639997974
11.440024439999888,2.433572769165039,-2.1693153381347656,0.5180493714994563,1789313762772333723,odom,4.0395010929996715
11.493647954000153,2.4349303245544434,-2.169241428375244,0.5179493370497624,1789313762825532538,odom,4.093124606999936
11.544620834999932,2.436918020248413,-2.16784405708313,0.5163474781319659,1789313762876192194,odom,4.144097487999716
11.595843416000207,2.441126823425293,-2.164896249771118,0.5144433039088776,1789313762932264191,odom,4.19532006899999
11.663841423000122,2.4489035606384277,-2.1596803665161133,0.5110619779064026,1789313762988955599,odom,4.263318075999905
11.715914000999874,2.459843635559082,-2.1523654460906982,0.5096198864416227,1789313763055493456,odom,4.315390653999657
11.768433720999838,2.469370126724243,-2.14729642868042,0.5135840001174065,1789313763102329594,odom,4.367910373999621
11.824786269000015,2.479114532470703,-2.141967535018921,0.5171697211128503,1789313763148781878,odom,4.424262921999798
11.878189203000147,2.495774269104004,-2.1313586235046387,0.5149053554431753,1789313763216420990,odom,4.4776658559999305
11.936633751000045,2.5112268924713135,-2.120614528656006,0.5139412299989996,1789313763262176854,odom,4.536110403999828
11.990201647000049,2.5331180095672607,-2.1078827381134033,0.5217113033511512,1789313763328935248,odom,4.589678299999832
12.058653004999996,2.546936273574829,-2.0988948345184326,0.5260809961749536,1789313763378929955,odom,4.65812965799978
12.110448394999821,2.565201997756958,-2.093961715698242,0.5316363887987585,1789313763434522253,odom,4.709925047999604
12.171786906999841,2.578252077102661,-2.088623285293579,0.5336673507334828,1789313763492226464,odom,4.771263559999625
12.238841667000088,2.59344482421875,-2.078918933868408,0.5333629605042348,1789313763565794331,odom,4.838318319999871
12.29865967600017,2.606623888015747,-2.067091464996338,0.5310137963069987,1789313763635968071,odom,4.8981363289999535
12.357205793000048,2.6086413860321045,-2.060776948928833,0.5296324197983502,1789313763692713839,odom,4.9566824459998315
12.411738313000114,2.610220193862915,-2.057379961013794,0.5329271513317092,1789313763745790821,odom,5.011214965999898
12.470947511999839,2.6093263626098633,-2.0568900108337402,0.5346766478870215,1789313763805988175,odom,5.070424164999622
12.532958770999812,2.6076576709747314,-2.0579755306243896,0.5374733717223776,1789313763848843199,odom,5.1324354239995955
12.588104580000163,2.606410264968872,-2.059370279312134,0.5419440214340882,1789313763915377480,odom,5.187581232999946
12.641756766000071,2.606278657913208,-2.059319019317627,0.5431908822184516,1789313763968947512,odom,5.241233418999855
12.694185349000236,2.606292963027954,-2.0588557720184326,0.5433783820502844,1789313764022400481,odom,5.293662002000019
12.747719837000204,2.6062638759613037,-2.058624505996704,0.5440564315345925,1789313764082861763,odom,5.3471964899999875
12.807627446999959,2.6061673164367676,-2.058824300765991,0.5443569106647367,1789313764129039389,odom,5.407104099999742
12.868324253000083,2.606104612350464,-2.059105634689331,0.5443663764814987,1789313764182978255,odom,5.467800905999866
12.925771152999914,2.6061112880706787,-2.0590476989746094,0.5443028599593613,1789313764256107193,odom,5.5252478059996974
12.979843345000063,2.606513261795044,-2.0585904121398926,0.5430628341210499,1789313764315750224,odom,5.579319997999846
13.044873434000237,2.6097140312194824,-2.0567708015441895,0.539910729394195,1789313764375567299,odom,5.644350087000021
13.095998508999855,2.615051746368408,-2.051046848297119,0.5317806679694812,1789313764435390574,odom,5.695475161999639
13.150695702000121,2.6227529048919678,-2.0447051525115967,0.5250678189260388,1789313764488837105,odom,5.750172354999904
13.20923314699985,2.629085063934326,-2.039581060409546,0.5201175073088594,1789313764535710436,odom,5.808709799999633
13.263302458999988,2.637385606765747,-2.034152030944824,0.5227672381620234,1789313764595988613,odom,5.862779111999771
13.317225976999907,2.6458139419555664,-2.029048204421997,0.5227783607633022,1789313764655711991,odom,5.9167026299996905
13.373759870999947,2.657310724258423,-2.0214028358459473,0.5186458871785766,1789313764705319983,odom,5.973236523999731
13.430912015000104,2.6696090698242188,-2.0114831924438477,0.5151626533956274,1789313764758802754,odom,6.030388667999887
13.487670424000044,2.6895370483398438,-1.9994314908981323,0.522522532023729,1789313764825501067,odom,6.087147076999827
13.539395123999839,2.7017340660095215,-1.9903764724731445,0.52471879979388,1789313764869166476,odom,6.138871776999622
13.59408559800022,2.7250356674194336,-1.9829764366149902,0.5334744393803664,1789313764929075104,odom,6.193562251000003
13.645358802999908,2.736485004425049,-1.9781742095947266,0.5333638472258817,1789313764971943718,odom,6.2448354559996915
13.704993800000011,2.7514455318450928,-1.9709423780441284,0.5325404185922927,1789313765029065472,odom,6.304470452999794
13.761204136999822,2.773904800415039,-1.9574590921401978,0.5275197526482298,1789313765098606926,odom,6.360680789999606
13.812013462999857,2.789649724960327,-1.945261001586914,0.5251523007264364,1789313765148643595,odom,6.411490115999641
13.871379688000161,2.8022358417510986,-1.9328407049179077,0.5195975316819823,1789313765208627087,odom,6.470856340999944
13.928571255999941,2.812662363052368,-1.9233276844024658,0.5205482113174186,1789313765261961562,odom,6.528047908999724
13.982269650000035,2.816664457321167,-1.9196852445602417,0.5206920051543794,1789313765310398918,odom,6.581746302999818
14.041963785000007,2.82248854637146,-1.9182785749435425,0.5255239544474475,1789313765379054409,odom,6.6414404379997904
14.0981419929999,2.8247439861297607,-1.9196929931640625,0.5312406394870114,1789313765432009322,odom,6.6976186459996825
14.153832865999902,2.8239994049072266,-1.9206336736679077,0.5349234455646367,1789313765488711220,odom,6.753309518999686
14.20800304300019,2.822415351867676,-1.920506238937378,0.5363433822240221,1789313765545522791,odom,6.807479695999973
14.271543700000166,2.821394205093384,-1.920609474182129,0.5387743232144991,1789313765602135044,odom,6.871020352999949
14.323884634000024,2.821077346801758,-1.9206132888793945,0.540975924336634,1789313765656240088,odom,6.923361286999807
14.387766415999977,2.8211305141448975,-1.9205049276351929,0.5417461560356011,1789313765718388182,odom,6.98724306899976
14.441006691999974,2.8209519386291504,-1.9201562404632568,0.5415719651618317,1789313765778991801,odom,7.040483344999757
14.494576508000137,2.8208179473876953,-1.9201244115829468,0.5420232845082369,1789313765818652731,odom,7.09405316099992
14.55281164400003,2.8207266330718994,-1.9201823472976685,0.5422370654939864,1789313765882133824,odom,7.152288296999814
14.613161308000144,2.8211464881896973,-1.9202334880828857,0.541774313692545,1789313765948699099,odom,7.212637960999928
14.666082665999966,2.8238863945007324,-1.9189008474349976,0.5383618924459637,1789313765999485833,odom,7.265559318999749
14.717512448999969,2.826669692993164,-1.9142717123031616,0.5307267019837888,1789313766052346569,odom,7.316989101999752
14.77478251399998,2.8314061164855957,-1.9094831943511963,0.5262589748685005,1789313766105463606,odom,7.374259166999764
14.828991763999966,2.839164972305298,-1.9027889966964722,0.5192712182276746,1789313766168737751,odom,7.428468416999749
14.884885423000014,2.845038414001465,-1.8984456062316895,0.5193129057486205,1789313766222612721,odom,7.4843620759997975
14.939808699999958,2.8512961864471436,-1.8941642045974731,0.5180365974891302,1789313766275243861,odom,7.539285352999741
14.994160767999801,2.861605405807495,-1.88599693775177,0.5132863227961535,1789313766332473856,odom,7.593637420999585
15.046453284000108,2.8734443187713623,-1.875878930091858,0.5093966254445557,1789313766381814820,odom,7.645929936999892
15.099394545999985,2.889284372329712,-1.8663409948349,0.5167953148105936,1789313766438593966,odom,7.698871198999768
15.156592578000073,2.9039649963378906,-1.8567813634872437,0.5202422488726111,1789313766491450888,odom,7.756069230999856
15.213563629999953,2.925635576248169,-1.8477113246917725,0.5274666969584986,1789313766551816326,odom,7.8130402829997365
15.269443880999916,2.9433772563934326,-1.8405200242996216,0.5291183558659619,1789313766605379444,odom,7.868920533999699
15.322365111000181,2.9556500911712646,-1.8365247249603271,0.529666883324821,1789313766651907307,odom,7.921841763999964
15.39555865300008,2.9739387035369873,-1.82791006565094,0.5263826071960898,1789313766718558651,odom,7.995035305999863
15.44937327300022,2.9960622787475586,-1.812713623046875,0.5176523279420786,1789313766788390499,odom,8.048849926000003
15.50095019399987,3.004817247390747,-1.8024779558181763,0.5127798600770901,1789313766835461241,odom,8.100426846999653
15.5546988279998,3.016664981842041,-1.7923322916030884,0.5135134889016992,1789313766890141827,odom,8.154175480999584
15.615083565000077,3.0215723514556885,-1.7844434976577759,0.5134181077850187,1789313766941822153,odom,8.21456021799986
15.667379025000173,3.0288593769073486,-1.779725432395935,0.5094227964273488,1789313767003032309,odom,8.266855677999956
15.718287744000008,3.0349926948547363,-1.7784308195114136,0.5110179032545329,1789313767058476788,odom,8.317764396999792
15.772608930999922,3.0366177558898926,-1.778165578842163,0.5139853230174779,1789313767095145327,odom,8.372085583999706
15.830916451000121,3.039634943008423,-1.7793246507644653,0.5223485308061206,1789313767168465954,odom,8.430393103999904
15.882250200999806,3.0393595695495605,-1.7794177532196045,0.5240477680959452,1789313767215087038,odom,8.48172685399959
15.938152019999961,3.0373966693878174,-1.7796471118927002,0.5253509341754451,1789313767273541790,odom,8.537628672999745
15.995087934999901,3.035611629486084,-1.7795971632003784,0.529014144825796,1789313767332055193,odom,8.594564587999685
16.047472645000198,3.0348551273345947,-1.77964448928833,0.5311257108868734,1789313767386388642,odom,8.646949297999981
16.099110047000067,3.0350167751312256,-1.779620885848999,0.5318043119005194,1789313767432066542,odom,8.69858669999985
16.152572340999996,3.0354578495025635,-1.7795761823654175,0.5313861891975707,1789313767482134920,odom,8.752048993999779
16.206150347999937,3.0357561111450195,-1.7795147895812988,0.5315951044124212,1789313767545404059,odom,8.80562700099972
16.258047306000208,3.035754442214966,-1.7794359922409058,0.5317461879903805,1789313767588492733,odom,8.857523958999991
16.327455093000026,3.0356340408325195,-1.7794212102890015,0.5319022528250549,1789313767638618571,odom,8.92693174599981
16.38273843900015,3.0355498790740967,-1.7794843912124634,0.5319528352910222,1789313767705079895,odom,8.982215091999933
16.4354421930002,3.0362939834594727,-1.7791171073913574,0.5308029544760745,1789313767765083414,odom,9.034918845999982
16.498593979999896,3.0388710498809814,-1.777612328529358,0.5287704277945003,1789313767832424981,odom,9.09807063299968
16.551174276999973,3.043003797531128,-1.774483561515808,0.5274752797474102,1789313767878684145,odom,9.150650929999756
16.605451654999797,3.0514981746673584,-1.7684240341186523,0.5253361365287261,1789313767945582014,odom,9.20492830799958
16.656752475999838,3.0574088096618652,-1.7642894983291626,0.5236012703880465,1789313767978623492,odom,9.256229128999621
16.71149290099993,3.0692970752716064,-1.7554073333740234,0.5197242999102941,1789313768047000986,odom,9.310969553999712
16.77297483800021,3.0802924633026123,-1.748417615890503,0.5179451023697578,1789313768098370654,odom,9.372451490999993
16.824812371000007,3.089284658432007,-1.743408441543579,0.5191886993553237,1789313768163403612,odom,9.42428902399979
16.879265271999884,3.1002631187438965,-1.7372106313705444,0.5167963016642464,1789313768218402487,odom,9.478741924999667
16.93585737300009,3.113466262817383,-1.7299299240112305,0.5164610990542124,1789313768262003523,odom,9.535334025999873
16.990202625000165,3.132193088531494,-1.7199403047561646,0.5171643697525861,1789313768318518978,odom,9.589679277999949
17.04355544400005,3.151893377304077,-1.7112572193145752,0.5210953978740734,1789313768376455885,odom,9.643032096999832
17.095671893000144,3.168210029602051,-1.7036097049713135,0.5245604629229011,1789313768424991948,odom,9.695148545999928
17.14737508799999,3.1825144290924072,-1.695875883102417,0.5260450137089117,1789313768475108725,odom,9.746851740999773
17.2032272739998,3.2014660835266113,-1.6831929683685303,0.5241638255864692,1789313768535324437,odom,9.802703926999584
17.258087222000086,3.219031572341919,-1.67118501663208,0.5218131354312814,1789313768591694218,odom,9.857563874999869
17.309557452999798,3.233201503753662,-1.6608567237854004,0.5210416672663121,1789313768642062527,odom,9.90903410599958
17.36639541400018,3.244675874710083,-1.6503841876983643,0.5170664420863705,1789313768691554409,odom,9.965872066999964
17.430284139999912,3.251400947570801,-1.6435030698776245,0.5139581548145176,1789313768761619908,odom,10.029760792999696
17.49126603700006,3.254918336868286,-1.6406935453414917,0.5172278104284015,1789313768821871621,odom,10.090742689999843
17.547824090000177,3.254173517227173,-1.641075849533081,0.5215527087811532,1789313768868295533,odom,10.14730074299996
17.6041816930001,3.2510874271392822,-1.6424827575683594,0.5273221281304024,1789313768941601855,odom,10.203658345999884
17.65635161399996,3.250063896179199,-1.642784833908081,0.5308603392895658,1789313768991795164,odom,10.255828266999742
17.71073894600022,3.2499516010284424,-1.642716646194458,0.5322464358316683,1789313769025786263,odom,10.310215599000003
17.78375542799995,3.2498562335968018,-1.642337679862976,0.5332507476539966,1789313769104997498,odom,10.383232080999733
17.835409244999937,3.249473810195923,-1.6424037218093872,0.5341317297374495,1789313769151589018,odom,10.43488589799972
17.888780785000108,3.2489852905273438,-1.642617106437683,0.5358731114308136,1789313769208380801,odom,10.488257437999891
17.940922258000228,3.2485153675079346,-1.642861008644104,0.5371848427872826,1789313769261582714,odom,10.540398911000011
17.999904412999967,3.2479803562164307,-1.643053650856018,0.5387635271367077,1789313769324980122,odom,10.59938106599975
18.05050071000005,3.247546672821045,-1.6430410146713257,0.5394668148918879,1789313769378577811,odom,10.649977362999834
18.110012407999875,3.247896671295166,-1.6429027318954468,0.5374938928869148,1789313769438568694,odom,10.709489060999658
18.17220523600008,3.2502384185791016,-1.639038324356079,0.5357378933931123,1789313769501844269,odom,10.771681888999865
18.243023859999994,3.2544240951538086,-1.6343797445297241,0.5318102243661912,1789313769572882038,odom,10.842500512999777
18.298518248000164,3.263005495071411,-1.6289823055267334,0.5290091922126055,1789313769631852251,odom,10.897994900999947
18.350312611999925,3.2704925537109375,-1.6240020990371704,0.526700915460089,1789313769678429943,odom,10.949789264999708
18.407570228000168,3.279773712158203,-1.617797613143921,0.5246888441380801,1789313769738157612,odom,11.007046880999951
18.46088128700012,3.2889018058776855,-1.6099839210510254,0.5191256096242957,1789313769791546685,odom,11.060357939999903
18.53175978399986,3.3042848110198975,-1.5972685813903809,0.5124035554228296,1789313769854924065,odom,11.131236436999643
18.590764753999792,3.3270134925842285,-1.5827662944793701,0.5198840897231887,1789313769928137642,odom,11.190241406999576
18.641927172000123,3.3376569747924805,-1.5746570825576782,0.5223524375068279,1789313769964914185,odom,11.241403824999907
18.695738334999987,3.350796699523926,-1.5684561729431152,0.5274762671103005,1789313770019914252,odom,11.29521498799977
18.74849511299999,3.374680280685425,-1.5579196214675903,0.5299246588189598,1789313770085144621,odom,11.347971765999773
18.805793304999952,3.3877007961273193,-1.552283525466919,0.528242931313485,1789313770140606266,odom,11.405269957999735
18.859923897000044,3.4036507606506348,-1.5438787937164307,0.5281483229768378,1789313770195095641,odom,11.459400549999827
18.91367272200023,3.4128589630126953,-1.5370851755142212,0.5242877577930543,1789313770244968039,odom,11.513149375000012
18.966851714999848,3.4250638484954834,-1.5264956951141357,0.5207195447388133,1789313770291668278,odom,11.566328367999631
19.018415067000205,3.441732406616211,-1.512455701828003,0.5197838899793203,1789313770358261687,odom,11.617891719999989
19.06959527700019,3.448939085006714,-1.500427007675171,0.516216536377969,1789313770408654553,odom,11.669071929999973
19.129341761999967,3.4508934020996094,-1.4972106218338013,0.5179949420903698,1789313770469113451,odom,11.72881841499975
19.194462698999814,3.4571125507354736,-1.4926172494888306,0.5143159973397677,1789313770514908892,odom,11.793939351999597
19.253700312000092,3.4614903926849365,-1.4918887615203857,0.5152979019696817,1789313770586505514,odom,11.853176964999875
19.317057829000078,3.4626669883728027,-1.4924784898757935,0.5244609777566273,1789313770648061854,odom,11.91653448199986
19.369027396000092,3.461571216583252,-1.4927350282669067,0.5236334851354005,1789313770708061558,odom,11.968504048999876
19.43327622200013,3.460738182067871,-1.4930164813995361,0.5229260004488683,1789313770761504036,odom,12.032752874999915
19.48881035500017,3.4598002433776855,-1.4937584400177002,0.5243807607857509,1789313770828194720,odom,12.088287007999952
19.54260167700022,3.459371566772461,-1.4942224025726318,0.5246463613826594,1789313770874997956,odom,12.142078330000004
19.595825118999983,3.4589591026306152,-1.4945975542068481,0.5243248198471087,1789313770934844595,odom,12.195301771999766
19.661632178000218,3.458749771118164,-1.4946799278259277,0.5245576817754573,1789313770981291634,odom,12.261108831000001
19.733002136999858,3.458465576171875,-1.4947346448898315,0.5246821800235311,1789313771041561943,odom,12.33247878999964
19.78972672000009,3.458327054977417,-1.494799017906189,0.5250339794987542,1789313771106386048,odom,12.389203372999873
19.85546305800017,3.458310127258301,-1.4948465824127197,0.5252425101656596,1789313771171516281,odom,12.454939710999952
19.906258717000128,3.4581844806671143,-1.4948900938034058,0.5253218068332239,1789313771244818312,odom,12.505735369999911
19.95755105699982,3.45857834815979,-1.4948886632919312,0.5251267262192649,1789313771291411740,odom,12.557027709999602
20.012459227999898,3.4612674713134766,-1.4950577020645142,0.5233249967189926,1789313771344834668,odom,12.611935880999681
20.067083170999922,3.4652585983276367,-1.4917629957199097,0.5211990194145468,1789313771404728991,odom,12.666559823999705
20.120924317000117,3.470010995864868,-1.4878915548324585,0.5202754451793135,1789313771445113999,odom,12.7204009699999
20.175684966000063,3.479973554611206,-1.4796278476715088,0.5156831941080292,1789313771511698824,odom,12.775161618999846
20.236399593999977,3.4902732372283936,-1.4729282855987549,0.5122535854459871,1789313771573727232,odom,12.83587624699976
20.294290499,3.497628688812256,-1.4695162773132324,0.5149978342079188,1789313771614673001,odom,12.893767151999782
20.358971459999793,3.516526699066162,-1.4600788354873657,0.5137788886416776,1789313771689448458,odom,12.958448112999577
20.42626810899992,3.5387210845947266,-1.4489803314208984,0.513580485287206,1789313771754691941,odom,13.025744761999704
20.478453166000236,3.5584425926208496,-1.4368855953216553,0.5136077207439592,1789313771816383225,odom,13.077929819000019
20.532622637999793,3.570145606994629,-1.4304523468017578,0.5148648690324331,1789313771848044735,odom,13.132099290999577
20.583264695999787,3.5927610397338867,-1.4200708866119385,0.5171935192898163,1789313771918007714,odom,13.18274134899957
20.63602076999996,3.6073336601257324,-1.4099338054656982,0.5176013902716735,1789313771974630457,odom,13.235497422999742
20.69281485700003,3.615004062652588,-1.404331088066101,0.517131963977004,1789313772001357895,odom,13.292291509999814
20.749300267999843,3.6387104988098145,-1.3872171640396118,0.5158796912581529,1789313772078153235,odom,13.348776920999626
20.800167512999906,3.654167413711548,-1.37660551071167,0.5155915272955852,1789313772134945494,odom,13.399644165999689
20.85510704399985,3.66683292388916,-1.3654420375823975,0.5119488963225444,1789313772191312415,odom,13.454583696999634
20.906209429000228,3.6704013347625732,-1.360761284828186,0.509790286415391,1789313772224701744,odom,13.505686082000011
20.958127473999866,3.675306558609009,-1.357222080230713,0.5122329764296183,1789313772293693167,odom,13.55760412699965
21.01949279900009,3.677234172821045,-1.3560600280761719,0.514250378669366,1789313772338070971,odom,13.618969451999874
21.07047227000021,3.674734354019165,-1.3584957122802734,0.5194406741793635,1789313772404722315,odom,13.669948922999993
21.129392438000195,3.6715009212493896,-1.3594017028808594,0.5235597741839283,1789313772461371285,odom,13.728869090999979
21.18656438800008,3.6697640419006348,-1.3593223094940186,0.5267953991024944,1789313772518048865,odom,13.786041040999862
21.238890790999903,3.6693332195281982,-1.3589037656784058,0.5290476121158855,1789313772577945095,odom,13.838367443999687
21.295519211999817,3.6692044734954834,-1.358755350112915,0.5295383003132357,1789313772621273619,odom,13.8949958649996
21.346701692999886,3.6688926219940186,-1.358717918395996,0.5305492429404569,1789313772674580199,odom,13.94617834599967
21.402295699000206,3.668274402618408,-1.3587634563446045,0.5326178361487173,1789313772739596468,odom,14.001772351999989
21.453967404000196,3.6679024696350098,-1.358884572982788,0.5337189702856181,1789313772777975899,odom,14.053444056999979
21.505891017000067,3.667405366897583,-1.358925461769104,0.5352848987032748,1789313772836488825,odom,14.10536766999985
21.56446794800013,3.6670048236846924,-1.359001636505127,0.5363414861744489,1789313772883066517,odom,14.163944600999912
21.621811227999842,3.6667237281799316,-1.3590283393859863,0.5372017992596928,1789313772928768498,odom,14.221287880999625
21.680014776999997,3.666559934616089,-1.3584681749343872,0.5384937279622268,1789313773017007214,odom,14.27949142999978
21.745237506000194,3.6679141521453857,-1.3558605909347534,0.5362243112847341,1789313773074545723,odom,14.344714158999977
21.803138106000006,3.6716055870056152,-1.352388858795166,0.5332498125058267,1789313773137945038,odom,14.402614758999789
21.854679249000128,3.6761281490325928,-1.3491265773773193,0.5314699239532992,1789313773192510706,odom,14.454155901999911
21.909069971000008,3.682032346725464,-1.3454291820526123,0.5283899077306908,1789313773234495980,odom,14.508546623999791
21.962127778000195,3.6910159587860107,-1.3397221565246582,0.5273734692041562,1789313773295088393,odom,14.561604430999978
22.01762440499988,3.699523448944092,-1.3339247703552246,0.52519840376545,1789313773354551655,odom,14.617101057999662
22.076188408000235,3.7090213298797607,-1.3257403373718262,0.5199717142475173,1789313773404785258,odom,14.675665061000018
22.13151946400012,3.7236411571502686,-1.313955545425415,0.5152499407811205,1789313773465791804,odom,14.730996116999904
22.18410433500003,3.7415082454681396,-1.3040412664413452,0.5241526344347146,1789313773521171433,odom,14.783580987999812
22.24172582700021,3.7525198459625244,-1.296230435371399,0.5263607420031667,1789313773561329705,odom,14.841202479999993
22.29531365799994,3.78047513961792,-1.2839081287384033,0.5285784228002797,1789313773634772164,odom,14.894790310999724
22.350601738000023,3.7965471744537354,-1.2771475315093994,0.5268925833850124,1789313773684610707,odom,14.950078390999806
22.40493969199997,3.806493043899536,-1.273188591003418,0.5273724332221774,1789313773731489998,odom,15.004416344999754
22.46709453299991,3.8269717693328857,-1.259935736656189,0.5223312996135223,1789313773797872645,odom,15.066571185999692
22.527210367999942,3.847026824951172,-1.2459850311279297,0.5215575749838949,1789313773861218315,odom,15.126687020999725
22.586170279999806,3.853855848312378,-1.236641526222229,0.5178087110459313,1789313773894839388,odom,15.185646932999589
22.637102453999887,3.8653624057769775,-1.2239034175872803,0.5151732047533201,1789313773971346003,odom,15.23657910699967
22.69007459400018,3.871248483657837,-1.2182328701019287,0.5142801518920038,1789313774017750603,odom,15.289551246999963
22.742431140999997,3.8792550563812256,-1.2133370637893677,0.5086625589013424,1789313774077725750,odom,15.34190779399978
22.794733415999872,3.8853793144226074,-1.2098363637924194,0.5064706076219421,1789313774131238085,odom,15.394210068999655
22.852802498000074,3.8881967067718506,-1.2104345560073853,0.5151905436549585,1789313774191906077,odom,15.452279150999857
22.905978545999915,3.8891069889068604,-1.2103219032287598,0.5174980201094499,1789313774237734658,odom,15.505455198999698
22.963177150999854,3.888657569885254,-1.2102546691894531,0.515609497515439,1789313774294751746,odom,15.562653803999638
23.01446990600016,3.8879573345184326,-1.2103170156478882,0.5153937741886175,1789313774347913367,odom,15.613946558999942
23.0677862120001,3.887789011001587,-1.2103841304779053,0.5161222365679498,1789313774407858950,odom,15.667262864999884
23.119489053000052,3.888099431991577,-1.210387945175171,0.5160634804306662,1789313774458119732,odom,15.718965705999835
23.174751212000047,3.888561725616455,-1.210182547569275,0.5157367826524581,1789313774504381281,odom,15.77422786499983
23.25371994299985,3.8888790607452393,-1.20988929271698,0.5159247743262665,1789313774561768156,odom,15.853196595999634
23.309181241999795,3.889040946960449,-1.2097141742706299,0.5162377432869304,1789313774614584071,odom,15.908657894999578
23.36045143599995,3.8890719413757324,-1.209763526916504,0.5161521329362778,1789313774685210091,odom,15.959928088999732
23.41864426500024,3.8890302181243896,-1.2098522186279297,0.5161598400976957,1789313774738870007,odom,16.018120918000022
23.476953959000184,3.891710042953491,-1.208635926246643,0.5159507387032564,1789313774812132698,odom,16.076430611999967
23.527539886999875,3.8946211338043213,-1.2057271003723145,0.5148429004823346,1789313774861038786,odom,16.12701653999966
23.58235740000009,3.9000282287597656,-1.2017078399658203,0.5138653798597363,1789313774913725478,odom,16.181834052999875
23.64218862200005,3.9103808403015137,-1.1951082944869995,0.5134878469790879,1789313774980923754,odom,16.241665274999832
23.694114442000227,3.920057773590088,-1.1889225244522095,0.5128204060995915,1789313775034562928,odom,16.29359109500001
23.747144759000093,3.926852226257324,-1.1847714185714722,0.5120733150386096,1789313775069471461,odom,16.346621411999877
23.8015455929999,3.939462661743164,-1.177719235420227,0.5104820618452659,1789313775128081423,odom,16.401022245999684
23.85750926699984,3.951193332672119,-1.1730716228485107,0.5105855510642504,1789313775194609982,odom,16.456985919999624
23.914250936999906,3.9701387882232666,-1.1646076440811157,0.5110494522447391,1789313775254570586,odom,16.51372758999969
23.968958848000057,3.9857873916625977,-1.1559512615203857,0.5105517238727924,1789313775307592970,odom,16.56843550099984
24.026147085000048,4.002514839172363,-1.1479836702346802,0.5117047393241774,1789313775350934607,odom,16.62562373799983
24.07781216500007,4.020169258117676,-1.140868067741394,0.5144132445216135,1789313775407641035,odom,16.67728881799985
24.143153230999815,4.038177013397217,-1.1289188861846924,0.5140247495135406,1789313775476647717,odom,16.742629883999598
24.194383904000006,4.054656982421875,-1.116637110710144,0.5123892154744957,1789313775527726990,odom,16.79386055699979
24.265212190000057,4.073911666870117,-1.1033055782318115,0.511773787920311,1789313775587864739,odom,16.86468884299984
24.320514766000088,4.0896477699279785,-1.091433048248291,0.5119072133203547,1789313775651072127,odom,16.91999141899987
24.376542568999866,4.101998329162598,-1.0812997817993164,0.5091213453896456,1789313775704693896,odom,16.97601922199965
24.436059354000008,4.104946136474609,-1.0770471096038818,0.5077156164494945,1789313775764339787,odom,17.03553600699979
24.48938282800009,4.108396053314209,-1.075252890586853,0.5091133931583046,1789313775817563158,odom,17.088859480999872
24.552705270999923,4.107704162597656,-1.0763657093048096,0.5116915945459647,1789313775873405796,odom,17.152181923999706
24.60611860200015,4.10396146774292,-1.078181266784668,0.518165951877224,1789313775940957648,odom,17.205595254999935
24.660224070999902,4.102323532104492,-1.0781437158584595,0.5216363652813643,1789313775991066319,odom,17.259700723999686
24.712942286999805,4.101860523223877,-1.077694058418274,0.5249733423937152,1789313776049226385,odom,17.31241893999959
24.764091935000124,4.101778030395508,-1.0774869918823242,0.526124928493307,1789313776090992314,odom,17.363568587999907
24.817574546999822,4.101430892944336,-1.0775717496871948,0.5269644778543751,1789313776147513253,odom,17.417051199999605
24.86858486500023,4.100780487060547,-1.0778580904006958,0.5284910377480246,1789313776201031071,odom,17.468061518000013
24.93161466299989,4.100214004516602,-1.0781538486480713,0.530216853897811,1789313776250841004,odom,17.531091315999674
24.98351955399994,4.0997314453125,-1.078428030014038,0.5315947855381757,1789313776314236742,odom,17.582996206999724
25.039863586000138,4.099451541900635,-1.078465461730957,0.5328046746565026,1789313776377872330,odom,17.63934023899992
25.099415058999966,4.100599765777588,-1.076533555984497,0.5308104947737038,1789313776434157950,odom,17.69889171199975
25.15030422300015,4.1036882400512695,-1.0726910829544067,0.5273896684892014,1789313776487702948,odom,17.74978087599993
25.20157892899988,4.108029365539551,-1.0693005323410034,0.5249029866436469,1789313776541584355,odom,17.801055581999663
25.255110436999985,4.112555027008057,-1.0662455558776855,0.5236631450559784,1789313776588120562,odom,17.854587089999768
25.31954236899992,4.119297981262207,-1.0619076490402222,0.5223841315751513,1789313776634192330,odom,17.919019021999702
25.372517804999916,4.12900447845459,-1.0553058385849,0.5229039163536024,1789313776707906586,odom,17.9719944579997
25.42901470300012,4.13736629486084,-1.0476691722869873,0.5171228608127383,1789313776764851672,odom,18.028491355999904
25.479595893999885,4.1506242752075195,-1.0362627506256104,0.5105637804158066,1789313776817512375,odom,18.07907254699967
25.537739088999842,4.165415287017822,-1.0259507894515991,0.515098875233282,1789313776870900732,odom,18.137215741999626
25.58984296000017,4.181944847106934,-1.0151296854019165,0.5211060001744386,1789313776927564722,odom,18.189319612999952
25.643645609000032,4.193020820617676,-1.0084679126739502,0.5239520700403162,1789313776971275908,odom,18.243122261999815
25.69877627799997,4.210612773895264,-0.9994243383407593,0.5293788230281313,1789313777037829501,odom,18.29825293099975
25.75359663800009,4.22858190536499,-0.9901085495948792,0.5302174053580783,1789313777084143025,odom,18.353073290999873
25.82160747199987,4.243865966796875,-0.9853689670562744,0.5307236895475981,1789313777137506348,odom,18.421084124999652
25.874528729999838,4.257976055145264,-0.9780470132827759,0.530201246115299,1789313777210779292,odom,18.47400538299962
25.935079098000188,4.269186496734619,-0.9682638645172119,0.5239373152615601,1789313777264130217,odom,18.53455575099997
25.99020781499985,4.284826278686523,-0.9551628232002258,0.5221918778824753,1789313777327952486,odom,18.589684467999632
26.04921019099993,4.292299747467041,-0.9461231827735901,0.5214607237400485,1789313777367710215,odom,18.648686843999712
26.10881216000007,4.300604343414307,-0.9341806173324585,0.5215055934560121,1789313777443673712,odom,18.708288812999854
26.169968232999963,4.305634021759033,-0.9297724366188049,0.519049819892524,1789313777497638327,odom,18.769444885999746
26.222856756000056,4.31152868270874,-0.9263123869895935,0.5133294799044785,1789313777562326056,odom,18.82233340899984
26.28982479000024,4.3144330978393555,-0.9256476759910583,0.5209610520114265,1789313777624604565,odom,18.889301443000022
26.34282515399991,4.314372539520264,-0.9254422187805176,0.5255324954328892,1789313777680801255,odom,18.942301806999694
26.404163982000227,4.313375473022461,-0.9255601167678833,0.5242519969381237,1789313777730448347,odom,19.00364063500001
26.45925839399979,4.312318325042725,-0.9261308312416077,0.525284819366572,1789313777794014794,odom,19.058735046999573
26.532120022000072,4.311856269836426,-0.9268113970756531,0.526100576517911,1789313777848449332,odom,19.131596674999855
26.598780884000007,4.3116559982299805,-0.9274126887321472,0.5258304644714701,1789313777914066178,odom,19.19825753699979
26.660188672999993,4.311490535736084,-0.927460789680481,0.5259440484491774,1789313777984065396,odom,19.259665325999777
26.716906118000225,4.311457633972168,-0.9273643493652344,0.5260810012263342,1789313778050705296,odom,19.316382771000008
26.767630095000186,4.311448097229004,-0.9274052381515503,0.5261013423642189,1789313778097471815,odom,19.36710674799997
26.819228709000072,4.311447620391846,-0.9275286197662354,0.5261642655191292,1789313778153957707,odom,19.418705361999855
26.881741826000052,4.311392307281494,-0.9276054501533508,0.5259961725367014,1789313778190657956,odom,19.481218478999835
26.940567367999847,4.3112897872924805,-0.9276366829872131,0.5260366928413467,1789313778267661435,odom,19.54004402099963
26.996673570999974,4.311906337738037,-0.9272478222846985,0.5262356746528105,1789313778326621157,odom,19.596150223999757
27.06622769200021,4.3145623207092285,-0.9276031851768494,0.5252778977337548,1789313778387607199,odom,19.665704344999995
27.129591031000018,4.3193182945251465,-0.9245381355285645,0.5215955068270285,1789313778454701764,odom,19.7290676839998
27.18263699499994,4.326632976531982,-0.9184566140174866,0.5189432253029468,1789313778514005286,odom,19.782113647999722
27.24226571700001,4.335741996765137,-0.9111303687095642,0.5140013141516558,1789313778570713860,odom,19.841742369999793
27.302918454000064,4.347701072692871,-0.903867244720459,0.5139522978170471,1789313778637204749,odom,19.902395106999847
27.353886627000065,4.357515811920166,-0.8994894623756409,0.5164929683333982,1789313778690638167,odom,19.95336327999985
27.40666797899985,4.372952461242676,-0.8922858834266663,0.516066178416103,1789313778743890149,odom,20.006144631999632
27.458325218000027,4.390655994415283,-0.8842180371284485,0.5159333799404919,1789313778797446114,odom,20.05780187099981
27.509739350000018,4.403323173522949,-0.8765426874160767,0.5163796621026808,1789313778837410075,odom,20.1092160029998
27.56228229899989,4.4273362159729,-0.8653077483177185,0.518308935005133,1789313778900665623,odom,20.161758951999673
27.623907978999796,4.4424004554748535,-0.8575696349143982,0.5201342247109779,1789313778954017741,odom,20.22338463199958
27.677946981999867,4.4515204429626465,-0.8524816632270813,0.5226026873819386,1789313778994045836,odom,20.27742363499965
27.730743343000086,4.46486759185791,-0.8418633341789246,0.523894176677318,1789313779053903204,odom,20.33021999599987
27.785956155999884,4.47822904586792,-0.8312460780143738,0.5231852953991855,1789313779120671851,odom,20.385432808999667
27.839816532999976,4.489265441894531,-0.8218635320663452,0.5243465847096221,1789313779174583775,odom,20.43929318599976
27.896251572999972,4.494138717651367,-0.8153119683265686,0.5214549239126681,1789313779233874661,odom,20.495728225999756
27.952640021000207,4.495641231536865,-0.8116689324378967,0.5211284791603571,1789313779287265641,odom,20.55211667399999
28.010114821000116,4.494693756103516,-0.811739444732666,0.5235926847109043,1789313779347288472,odom,20.6095914739999
28.06488132300001,4.492896556854248,-0.8133923411369324,0.5263787025778507,1789313779394034487,odom,20.664357975999792
28.11601020199987,4.49169921875,-0.8150307536125183,0.527636179404433,1789313779450609547,odom,20.715486854999654
28.167233514000145,4.490954875946045,-0.8154274225234985,0.5277983503839031,1789313779504144770,odom,20.76671016699993
28.219777967000027,4.490394592285156,-0.815153956413269,0.5274975437800146,1789313779548670393,odom,20.81925461999981
28.27203863900013,4.489729881286621,-0.8148166537284851,0.526854690875848,1789313779590510231,odom,20.871515291999913
28.33130092300007,4.488811016082764,-0.8144739866256714,0.5262977976920815,1789313779650516135,odom,20.930777575999855
28.39833964499985,4.487943172454834,-0.8143346309661865,0.526006395549366,1789313779710538727,odom,20.997816297999634
28.45239093700002,4.4872331619262695,-0.8144522309303284,0.5261053127782966,1789313779774046999,odom,21.0518675899998
28.5080841099998,4.486952781677246,-0.8146582245826721,0.5264055862923255,1789313779813915116,odom,21.107560762999583
28.558954777000054,4.486661911010742,-0.8149324059486389,0.5271963778848646,1789313779873838288,odom,21.158431429999837
28.627731605999998,4.487327575683594,-0.8147763013839722,0.5267387557064545,1789313779937226635,odom,21.22720825899978
28.680818627000008,4.490523338317871,-0.8142703771591187,0.5240323629919201,1789313780010720593,odom,21.28029527999979
28.758854477000114,4.493740558624268,-0.8120980858802795,0.522202333186432,1789313780084545714,odom,21.358331129999897
28.810110846000043,4.500294208526611,-0.806976318359375,0.5182980145226841,1789313780147853953,odom,21.409587498999826
28.871297541999866,4.508453845977783,-0.800537109375,0.5135602234894188,1789313780197219235,odom,21.47077419499965
28.930707731999973,4.520386219024658,-0.7930887937545776,0.5146108612286425,1789313780265282494,odom,21.530184384999757
28.988269572999798,4.53122615814209,-0.7861608266830444,0.5169080539848954,1789313780320499998,odom,21.58774622599958
29.046231931999955,4.547202110290527,-0.7752678990364075,0.5129076621821067,1789313780383737666,odom,21.64570858499974
29.105195171000105,4.561461925506592,-0.763792097568512,0.5093536073169806,1789313780437090021,odom,21.704671823999888
29.156805689000066,4.579473972320557,-0.7544630169868469,0.5182816732155372,1789313780490574938,odom,21.75628234199985
29.22103384000002,4.5984086990356445,-0.7450180649757385,0.5219796692788924,1789313780550483328,odom,21.8205104929998
29.277306189000228,4.617269515991211,-0.7391246557235718,0.5216615631596174,1789313780614092928,odom,21.87678284200001
29.333293510000203,4.627813339233398,-0.7347589731216431,0.5232976411151898,1789313780667136771,odom,21.932770162999986
29.38589818799983,4.6377458572387695,-0.7285448908805847,0.5235597931649446,1789313780723845583,odom,21.98537484099961
29.445993506999912,4.652069091796875,-0.7166571021080017,0.5230722148766155,1789313780780494553,odom,22.045470159999695
29.49729067699991,4.656543731689453,-0.7121521830558777,0.5216558370139769,1789313780829657894,odom,22.096767329999693
29.556078425000123,4.6588544845581055,-0.7037577033042908,0.5170614704500996,1789313780878923041,odom,22.155555077999907
29.612330133999876,4.660376071929932,-0.7020873427391052,0.5230323299797938,1789313780943799359,odom,22.21180678699966
29.668103339000027,4.658663272857666,-0.7027233242988586,0.5271459813796675,1789313780997093541,odom,22.26757999199981
29.720410955999796,4.656344890594482,-0.7043665647506714,0.5311206864286648,1789313781057108742,odom,22.31988760899958
29.775381300999925,4.655125141143799,-0.7051830291748047,0.5348159232644351,1789313781103853566,odom,22.374857953999708
29.827333488000022,4.654489994049072,-0.7053686380386353,0.537475117900323,1789313781153820139,odom,22.426810140999805
29.87943988500001,4.654125213623047,-0.7050521969795227,0.5392066861404352,1789313781207011563,odom,22.478916537999794
29.932223349000196,4.653880596160889,-0.7047985792160034,0.5406485203663178,1789313781254035813,odom,22.53170000199998
29.99154547299986,4.653588771820068,-0.7047659754753113,0.5425131092847162,1789313781313837868,odom,22.591022125999643
30.043791328000225,4.653356552124023,-0.7049485445022583,0.5435151449059754,1789313781366973978,odom,22.643267981000008
30.096321219999936,4.653220176696777,-0.7050505876541138,0.5435295179955365,1789313781407377821,odom,22.69579787299972
30.152831877000153,4.653121471405029,-0.7050039768218994,0.5437211488584242,1789313781490692955,odom,22.752308529999937
30.213114655000027,4.654472351074219,-0.7042216062545776,0.5414655473108478,1789313781547864300,odom,22.81259130799981
30.266718131999824,4.656242370605469,-0.7021083235740662,0.5384957309751025,1789313781576986653,odom,22.866194784999607
30.31897537900022,4.663572788238525,-0.6948169469833374,0.5286390744190378,1789313781659218890,odom,22.918452032000005
30.37507303800021,4.670749187469482,-0.6891200542449951,0.5213242807294972,1789313781710474593,odom,22.974549690999993
30.44055362400013,4.67714262008667,-0.6840453743934631,0.5194046344228772,1789313781767107827,odom,23.040030276999914
30.50637863100019,4.686069011688232,-0.6787903308868408,0.5226830073872862,1789313781831473214,odom,23.105855283999972
30.56123518200002,4.693201065063477,-0.6741858720779419,0.5201751017091202,1789313781894918782,odom,23.160711834999802
30.6145940790002,4.7095746994018555,-0.6621228456497192,0.515060536933872,1789313781953758341,odom,23.214070731999982
30.66821169900004,4.722458839416504,-0.6531660556793213,0.5166928327847825,1789313781996573311,odom,23.267688351999823
30.7223510230001,4.738334655761719,-0.6448044180870056,0.5236832860525331,1789313782053578240,odom,23.321827675999884
30.773805539000023,4.753604888916016,-0.6356241703033447,0.526397941489585,1789313782107140643,odom,23.373282191999806
30.828858732999834,4.76906681060791,-0.6294230818748474,0.5319684947501415,1789313782167014700,odom,23.428335385999617
30.88099229799991,4.780274391174316,-0.6239628195762634,0.5337229582751607,1789313782217083556,odom,23.480468950999693
30.94954083499988,4.795162677764893,-0.6143254041671753,0.5318595107059262,1789313782277008635,odom,23.549017487999663
31.00918766699988,4.809500217437744,-0.6010673642158508,0.5282551357566836,1789313782340201002,odom,23.60866431999966
31.060526181000114,4.817139625549316,-0.5938066840171814,0.5273946759926396,1789313782393731457,odom,23.660002833999897
31.112749764,4.81944465637207,-0.591079831123352,0.5278503914947797,1789313782447526795,odom,23.712226416999783
31.164202455000122,4.821474075317383,-0.588549792766571,0.5299553241749672,1789313782500617844,odom,23.763679107999906
31.219564837000235,4.819907188415527,-0.5892412662506104,0.5348181445546718,1789313782554236037,odom,23.819041490000018
31.28042560799986,4.817158222198486,-0.5906643867492676,0.5406655527163181,1789313782610334498,odom,23.879902260999643
31.333138319000227,4.815793991088867,-0.5910515785217285,0.5466559428054859,1789313782666973692,odom,23.93261497200001
31.388669888000095,4.815362453460693,-0.5908879637718201,0.5491825807464888,1789313782705589157,odom,23.988146540999878
31.442300565000096,4.814935207366943,-0.5905084609985352,0.5517184711854319,1789313782776945931,odom,24.04177721799988
31.49423230299999,4.81468391418457,-0.590615451335907,0.5530034860509531,1789313782821600539,odom,24.093708955999773
31.563175597999816,4.814338684082031,-0.5909727215766907,0.5545550560370492,1789313782883846861,odom,24.1626522509996
31.617344329999924,4.813953876495361,-0.5912300944328308,0.555680157758842,1789313782951034647,odom,24.216820982999707
31.668772125000032,4.813889980316162,-0.5912660956382751,0.5561426613000365,1789313782970322472,odom,24.268248777999816
31.7238035270002,4.813640594482422,-0.5913399457931519,0.5574056958375929,1789313783063852173,odom,24.323280179999983
31.78315806599994,4.814615249633789,-0.5907177329063416,0.5568083298073039,1789313783113428694,odom,24.382634718999725
31.84020194699997,4.81706428527832,-0.5877676606178284,0.5520718706803089,1789313783173603398,odom,24.439678599999752
31.897401317000003,4.821894645690918,-0.5825386047363281,0.5442320578066728,1789313783232624632,odom,24.496877969999787
31.95203293700024,4.826970100402832,-0.5784597396850586,0.5398630477340634,1789313783280315024,odom,24.551509590000023
32.00605533099997,4.833840370178223,-0.5734183192253113,0.5377056084126781,1789313783344853503,odom,24.605531983999754
32.0608244240002,4.841122150421143,-0.5688502192497253,0.5372200015047459,1789313783397053582,odom,24.660301076999986
32.12083039800018,4.847329616546631,-0.5648727416992188,0.5341860107281816,1789313783453415972,odom,24.720307050999963
32.17443438600003,4.858968734741211,-0.5555054545402527,0.5281254228177997,1789313783510112625,odom,24.773911038999813
32.2398660419999,4.876166343688965,-0.5421987175941467,0.5262382179353849,1789313783576853854,odom,24.839342694999687
32.296158647000084,4.8907470703125,-0.5337600708007812,0.5342284773894848,1789313783630143029,odom,24.895635299999867
32.353021692999846,4.90480375289917,-0.5249736309051514,0.5362864435577069,1789313783690374476,odom,24.95249834599963
32.415858685999865,4.924386501312256,-0.5161453485488892,0.536850845494738,1789313783741198403,odom,25.01533533899965
32.469778229999974,4.940309047698975,-0.5095662474632263,0.5352434840445185,1789313783810133559,odom,25.069254882999758
32.52056540700005,4.953281402587891,-0.5015277862548828,0.5327198953796198,1789313783856798273,odom,25.120042059999832
32.59195926700022,4.966894626617432,-0.4859310984611511,0.5287735780033876,1789313783917117459,odom,25.191435920000004
32.64338478899981,4.9750447273254395,-0.47880345582962036,0.5253145663313307,1789313783970172268,odom,25.242861441999594
32.70559018799986,4.97817325592041,-0.4715942442417145,0.5238384010724849,1789313784026738745,odom,25.305066840999643
32.76090485800023,4.981563568115234,-0.468752384185791,0.5295315913644933,1789313784083503348,odom,25.360381511000014
32.820359686999836,4.979132652282715,-0.4694829285144806,0.5386335271823297,1789313784154181820,odom,25.41983633999962
32.87456259500004,4.975951671600342,-0.470788836479187,0.5454951856742463,1789313784213509423,odom,25.474039247999826
32.931108356000095,4.974233627319336,-0.47103098034858704,0.5525537550803297,1789313784269365174,odom,25.53058500899988
32.99148595099996,4.973679542541504,-0.4708859324455261,0.5566831980302104,1789313784313422305,odom,25.590962603999742
33.04557858599992,4.97333288192749,-0.4707288146018982,0.5599104939350126,1789313784376661879,odom,25.645055238999703
33.10069737999993,4.972947120666504,-0.47087061405181885,0.561653308757758,1789313784426720721,odom,25.700174032999712
33.15953031199979,4.972385883331299,-0.4711795747280121,0.564289477929716,1789313784496846300,odom,25.75900696499957
33.21607882399985,4.972060680389404,-0.4712676405906677,0.5661056895879898,1789313784553546053,odom,25.815555476999634
33.27003104100004,4.971848487854004,-0.4712601602077484,0.5676219152410386,1789313784600031000,odom,25.86950769399982
33.32193618600013,4.971653938293457,-0.47126391530036926,0.5689217811175231,1789313784653396231,odom,25.921412838999913
33.374852994999856,4.971504211425781,-0.4712749421596527,0.5699741161039362,1789313784697178465,odom,25.97432964799964
33.44507832499994,4.971098899841309,-0.47139522433280945,0.5712049146686606,1789313784769970757,odom,26.044554977999724
33.49672132200021,4.9709601402282715,-0.4714648425579071,0.5717476090083717,1789313784793323380,odom,26.096197974999995
33.551158603000204,4.9704108238220215,-0.4715433120727539,0.5745949430793019,1789313784880174023,odom,26.150635255999987
33.6024917069999,4.970102310180664,-0.4715788960456848,0.5760494853281308,1789313784923690420,odom,26.201968359999682
33.658503956000004,4.969697952270508,-0.47163522243499756,0.5775150189629404,1789313784976743323,odom,26.257980608999787
33.7161242279999,4.969518184661865,-0.47171035408973694,0.5789496239697126,1789313785046579224,odom,26.315600880999682
33.76853267700017,4.971111297607422,-0.4697355031967163,0.5755472824193005,1789313785102143151,odom,26.36800932999995
33.81952235200015,4.973833084106445,-0.4657594859600067,0.5692421284628999,1789313785156820399,odom,26.418999004999932
33.88451716999998,4.9790215492248535,-0.46113207936286926,0.5642808640558574,1789313785220116955,odom,26.483993822999764
33.95759217400018,4.985326290130615,-0.456879585981369,0.5620686527141332,1789313785280091626,odom,26.557068826999966
34.009289380000155,4.992752552032471,-0.4520609378814697,0.5598568729779281,1789313785333338362,odom,26.608766032999938
34.06141020899986,5.001014232635498,-0.44672662019729614,0.5550338975950085,1789313785396868092,odom,26.660886861999643
34.11442532299998,5.008304595947266,-0.44038882851600647,0.5487024879289448,1789313785443572861,odom,26.71390197599976
34.16508427300005,5.022833824157715,-0.4299301505088806,0.5392697271329466,1789313785497790438,odom,26.76456092599983
34.224769984999966,5.039331912994385,-0.41981735825538635,0.5410163914213713,1789313785549894673,odom,26.82424663799975
34.29735771900005,5.059098243713379,-0.40964457392692566,0.5427546038131665,1789313785623059851,odom,26.89683437199983
34.35914192700011,5.079996585845947,-0.4009299874305725,0.5398020394330398,1789313785690053564,odom,26.958618579999893
34.41359331900003,5.093084812164307,-0.39663389325141907,0.537999841417344,1789313785750161749,odom,27.013069971999812
34.468102440000166,5.101469993591309,-0.39160680770874023,0.5347571766939062,1789313785783309084,odom,27.06757909299995
34.52006019400005,5.1185736656188965,-0.37574338912963867,0.5273359835062744,1789313785846640927,odom,27.119536846999836
34.57822713099995,5.127962589263916,-0.36808159947395325,0.5243129649172094,1789313785913290840,odom,27.177703783999732
34.63192491200016,5.134603977203369,-0.3589465618133545,0.5241526942816971,1789313785960200650,odom,27.231401564999942
34.69617994100008,5.138477802276611,-0.3558773398399353,0.5251614566670552,1789313786023455721,odom,27.295656593999865
34.75307005900004,5.138050556182861,-0.35669562220573425,0.5318721080870209,1789313786086853129,odom,27.35254671199982
34.81000039999981,5.135383605957031,-0.35866180062294006,0.5390463804538957,1789313786147460085,odom,27.40947705299959
34.871523931999945,5.132690906524658,-0.35903918743133545,0.5449081928082736,1789313786200039727,odom,27.47100058499973
34.922382437000124,5.131371974945068,-0.35850635170936584,0.5507172184831532,1789313786256531578,odom,27.521859089999907
34.9881639539999,5.130755424499512,-0.35795000195503235,0.5555901541703456,1789313786316836459,odom,27.587640606999685
35.040514002000236,5.130152702331543,-0.35758984088897705,0.5589945773239006,1789313786380066019,odom,27.63999065500002
35.11261267100008,5.129565238952637,-0.3575734496116638,0.562084258280107,1789313786433832985,odom,27.712089323999862
35.17232935999982,5.1288981437683105,-0.3575516641139984,0.5659405060014583,1789313786496804577,odom,27.771806012999605
35.225885954000205,5.128382682800293,-0.35747969150543213,0.5688362190284297,1789313786563110453,odom,27.825362606999988
35.28674314,5.12807035446167,-0.3574393093585968,0.5703761253022536,1789313786614225966,odom,27.886219792999782
35.340349238999806,5.1278791427612305,-0.3574410676956177,0.5714236741160689,1789313786661482674,odom,27.93982589199959
35.41936385400004,5.127748489379883,-0.3574270009994507,0.5722571687611805,1789313786706735236,odom,28.018840506999823
35.474367798,5.127526760101318,-0.35745692253112793,0.5734495610301075,1789313786800348145,odom,28.073844450999786
35.52774438899996,5.127403736114502,-0.35749104619026184,0.5738554451790423,1789313786839855772,odom,28.127221041999746
35.58006621300001,5.1273040771484375,-0.35755056142807007,0.5744383535437927,1789313786903314692,odom,28.179542865999792
35.63193020500012,5.1283769607543945,-0.3567603528499603,0.5721818818700353,1789313786966438872,odom,28.2314068579999
35.683736756000144,5.129757881164551,-0.3548537790775299,0.569313646936982,1789313787012985331,odom,28.283213408999927
35.73633647199995,5.132824420928955,-0.35084378719329834,0.5631578523301157,1789313787073493105,odom,28.33581312499973
35.788389714999994,5.137679100036621,-0.34657469391822815,0.5583112118712559,1789313787120559317,odom,28.387866367999777
35.84204134999982,5.1420722007751465,-0.343651682138443,0.5563044517642551,1789313787161583763,odom,28.4415180029996
35.8977048239999,5.151974201202393,-0.3375056982040405,0.5539841575497785,1789313787223292214,odom,28.497181476999685
35.951918419999856,5.160922050476074,-0.3314482867717743,0.5482920839421119,1789313787289866787,odom,28.55139507299964
36.00401303999979,5.171327114105225,-0.32260000705718994,0.5389747538433383,1789313787343374831,odom,28.603489692999574
36.05775235700003,5.186072826385498,-0.31249094009399414,0.5360492661453083,1789313787396551949,odom,28.65722900999981
36.109535226999924,5.200883865356445,-0.3055095970630646,0.5374038088442152,1789313787443176133,odom,28.709011879999707
36.163063757000145,5.215867042541504,-0.2974800765514374,0.5392768280863304,1789313787499935252,odom,28.76254040999993
36.22025618199996,5.235390663146973,-0.28981271386146545,0.5388333766748243,1789313787556448561,odom,28.81973283499974
36.27391853800009,5.243602275848389,-0.2875365614891052,0.536549325658595,1789313787596411568,odom,28.873395190999872
36.33485418800001,5.257666110992432,-0.27994924783706665,0.5362670884050353,1789313787656417471,odom,28.93433084099979
36.39112586400006,5.277980804443359,-0.2659717798233032,0.5309044998798418,1789313787729755026,odom,28.990602516999843
36.442661499000224,5.286147594451904,-0.2545332610607147,0.5229669371059285,1789313787780804974,odom,29.042138152000007
36.49436456100011,5.292693138122559,-0.24615201354026794,0.5186511636021874,1789313787830358130,odom,29.093841213999895
36.54582742699995,5.295807838439941,-0.24011477828025818,0.5200561711461225,1789313787883167130,odom,29.145304079999732
36.597767900000235,5.298593521118164,-0.23805777728557587,0.5260677719677346,1789313787936571461,odom,29.19724455300002
36.65724023199982,5.296623229980469,-0.2389162927865982,0.5347917807232488,1789313787993462426,odom,29.256716884999605
36.713694982000106,5.293491840362549,-0.24027134478092194,0.5392382209115336,1789313788053540570,odom,29.31317163499989
36.77015008399985,5.290330410003662,-0.2412169724702835,0.5472231654886465,1789313788109124762,odom,29.369626736999635
36.8218518650001,5.28959321975708,-0.24116913974285126,0.5528855738181496,1789313788157670361,odom,29.421328517999882
36.87826318999987,5.28954553604126,-0.2410438358783722,0.5544496238786987,1789313788199954134,odom,29.477739842999654
36.93755881600009,5.2892351150512695,-0.24130983650684357,0.5560429228904781,1789313788273157460,odom,29.537035468999875
36.9960646049999,5.288713455200195,-0.2418273538351059,0.5579644829865956,1789313788333161694,odom,29.595541257999685
37.05290505699986,5.288192272186279,-0.2420472800731659,0.560274340051184,1789313788393085820,odom,29.652381709999645
37.10418651200007,5.2877516746521,-0.24213223159313202,0.5621691030072943,1789313788439582449,odom,29.703663164999853
37.16213523599981,5.287329196929932,-0.24227483570575714,0.5636300027889126,1789313788487476450,odom,29.761611888999596
37.22399365299998,5.2868475914001465,-0.24252040684223175,0.5660129914689245,1789313788546947342,odom,29.823470305999763
37.27741821200016,5.28657341003418,-0.24270515143871307,0.5672172852839302,1789313788576247794,odom,29.87689486499994
37.32988067699989,5.286231517791748,-0.24283412098884583,0.5682495139143381,1789313788623295647,odom,29.929357329999675
37.381590138999854,5.285730838775635,-0.2429555207490921,0.5703933359911902,1789313788699934346,odom,29.981066791999638
37.432793673000106,5.285436630249023,-0.24302612245082855,0.5720917291329229,1789313788770571333,odom,30.03227032599989
37.50005857199994,5.285380840301514,-0.24301131069660187,0.572959879003149,1789313788816756111,odom,30.099535224999727
37.556222372999855,5.287006855010986,-0.24106287956237793,0.5694512826221073,1789313788893122059,odom,30.15569902599964
37.621509866,5.289376735687256,-0.2376652956008911,0.5650196687197921,1789313788941221577,odom,30.22098651899978
37.68428013599987,5.295280456542969,-0.23290196061134338,0.5594174569776285,1789313789010765654,odom,30.283756788999654
37.73783452099997,5.303487300872803,-0.22774125635623932,0.5566618500890037,1789313789076490027,odom,30.33731117399975
37.79000891800024,5.310700416564941,-0.22301755845546722,0.5549019057992834,1789313789129573208,odom,30.389485571000023
37.848196718000054,5.3177571296691895,-0.21781715750694275,0.55063064647953,1789313789182892662,odom,30.447673370999837
37.900756752000234,5.327849864959717,-0.20832405984401703,0.5402107596939864,1789313789236402851,odom,30.500233405000017
37.956792551000035,5.3433027267456055,-0.19826021790504456,0.5431738586540218,1789313789290496928,odom,30.55626920399982
38.016152305000105,5.360663890838623,-0.18891634047031403,0.5465156935276253,1789313789353144270,odom,30.61562895799989
38.07317586299996,5.376397609710693,-0.18151889741420746,0.5464109327389662,1789313789407054287,odom,30.672652515999744
38.13718858399989,5.393857002258301,-0.1739984154701233,0.5445643744745341,1789313789456380469,odom,30.73666523699967
38.19928604400002,5.412785053253174,-0.16652323305606842,0.5382997662153758,1789313789526519162,odom,30.798762696999802
38.25899156300011,5.428466320037842,-0.1569855809211731,0.5328667176520647,1789313789597338301,odom,30.858468215999892
38.311317161999796,5.448256015777588,-0.1442783921957016,0.530222989139683,1789313789649930102,odom,30.91079381499958
38.36449192600003,5.459367275238037,-0.1345132440328598,0.5263084993676813,1789313789689491373,odom,30.96396857899981
38.4329177059999,5.474544048309326,-0.1208546981215477,0.5175293240661898,1789313789770086390,odom,31.03239435899968
38.48360475199979,5.485406398773193,-0.11016940325498581,0.5178362420074675,1789313789822809321,odom,31.083081404999575
38.54866449700012,5.496326446533203,-0.10175328701734543,0.511433022428331,1789313789879486901,odom,31.1481411499999
38.60476829700019,5.502772331237793,-0.0981605052947998,0.5087829463752123,1789313789939959866,odom,31.204244949999975
38.65739758000018,5.508250713348389,-0.09506237506866455,0.5169453662273253,1789313789993096215,odom,31.256874232999962
38.71630308700014,5.511175632476807,-0.09529893100261688,0.5262004061940386,1789313790046458346,odom,31.315779739999925
38.772769675999825,5.511328220367432,-0.09574192762374878,0.5274347948670641,1789313790110544783,odom,31.37224632899961
38.84228315300015,5.509873867034912,-0.09682422876358032,0.5268739062909323,1789313790162902695,odom,31.441759805999936
38.89644244300007,5.508158206939697,-0.09774282574653625,0.5279917076286239,1789313790229530913,odom,31.495919095999852
38.953672820000065,5.507620811462402,-0.0977800190448761,0.529276456489214,1789313790286579949,odom,31.55314947299985
39.01335005100009,5.507574081420898,-0.09762441366910934,0.5302247233816986,1789313790339838845,odom,31.612826703999872
39.06389767000019,5.507718086242676,-0.09751896560192108,0.5307057503473691,1789313790373182637,odom,31.66337432299997
39.118021088000205,5.507840156555176,-0.09755649417638779,0.530950612649584,1789313790432914120,odom,31.71749774099999
39.18688124299979,5.5076904296875,-0.09773673862218857,0.5307100600136853,1789313790513437611,odom,31.786357895999572
39.24007808599981,5.507561206817627,-0.09777286648750305,0.5305610635315631,1789313790576418263,odom,31.839554738999595
39.295612406000146,5.507791042327881,-0.09764455258846283,0.5308197551231069,1789313790632460696,odom,31.89508905899993
39.3582043360002,5.510504722595215,-0.09656523913145065,0.5298330747702068,1789313790682779652,odom,31.957680988999982
39.420705546000136,5.514692306518555,-0.09280530363321304,0.5294097596943136,1789313790749530417,odom,32.02018219899992
39.472467168000094,5.52138090133667,-0.08777332305908203,0.5297535603956481,1789313790812867504,odom,32.07194382099988
39.52402696299987,5.528033256530762,-0.08323024213314056,0.5294368738646815,1789313790859444720,odom,32.12350361599965
39.57659998899999,5.537792682647705,-0.07702265679836273,0.5288943961076521,1789313790913134199,odom,32.17607664199977
39.63539605400001,5.546619892120361,-0.07050695270299911,0.5275398203235516,1789313790957726103,odom,32.234872706999795
39.688531008000155,5.561645984649658,-0.061920177191495895,0.5240346207310556,1789313791023564202,odom,32.28800766099994
39.750950424000166,5.573286533355713,-0.05766928195953369,0.523633038142606,1789313791089575631,odom,32.35042707699995
39.80424822900022,5.587369441986084,-0.05097713693976402,0.5218583455737063,1789313791142829758,odom,32.403724882000006
39.85871360400006,5.604750156402588,-0.04419901221990585,0.5227650458567494,1789313791195477349,odom,32.45819025699984
39.92093279299979,5.622706890106201,-0.0341535285115242,0.5208233814666037,1789313791239546400,odom,32.520409445999576
39.97665796299998,5.641145706176758,-0.030741851776838303,0.527777605034879,1789313791306161267,odom,32.57613461599976
40.02754673900017,5.653399467468262,-0.02429947815835476,0.530052189803095,1789313791350946766,odom,32.627023391999955
40.08441256600008,5.668112277984619,-0.013127138838171959,0.5272877746568495,1789313791413741690,odom,32.683889218999866
40.13529542200013,5.681982040405273,-0.003287241095677018,0.526105586256217,1789313791472735268,odom,32.73477207499991
40.18629405599995,5.687623977661133,0.003636789508163929,0.5251494137334435,1789313791526207787,odom,32.785770708999735
40.23874832799993,5.6917948722839355,0.008254513144493103,0.5247032004250616,1789313791576180083,odom,32.83822498099971
40.28998085400008,5.692205905914307,0.009741373360157013,0.5242653250246966,1789313791629858357,odom,32.88945750699986
40.34178685999996,5.691953659057617,0.00979223195463419,0.5251076666574324,1789313791663027865,odom,32.94126351299974
40.3937515890002,5.689767837524414,0.008859832771122456,0.5279485203106885,1789313791725919348,odom,32.99322824199999
40.44576239800017,5.688744068145752,0.007943284697830677,0.5295763635033167,1789313791772826058,odom,33.04523905099995
40.49720375800007,5.687640190124512,0.007424467708915472,0.5306852512528455,1789313791836406094,odom,33.09668041099985
40.552612859999954,5.687237739562988,0.007606254890561104,0.5303411813807475,1789313791876169306,odom,33.15208951299974
40.605461698,5.686631202697754,0.007965654134750366,0.5294341289723455,1789313791932663304,odom,33.20493835099978
40.66501412600019,5.686367034912109,0.008187656290829182,0.5290632270062708,1789313791966072184,odom,33.26449077899997
40.724283189999824,5.6859917640686035,0.008479874581098557,0.5290401559367353,1789313792021790129,odom,33.32375984299961
40.77517875000012,5.685798168182373,0.008180869743227959,0.5295064438831723,1789313792106153351,odom,33.374655402999906
40.82903608300012,5.6858038902282715,0.007993592880666256,0.5297097971751418,1789313792166034323,odom,33.4285127359999
40.88560734500015,5.685784339904785,0.008024091832339764,0.5301610873894699,1789313792219257695,odom,33.485083997999936
40.9401845299999,5.686010837554932,0.008372614160180092,0.5303429255221449,1789313792279498202,odom,33.53966118299968
40.99629204099983,5.687432289123535,0.007475181017071009,0.5291221392995101,1789313792326545817,odom,33.59576869399962
41.05169230999991,5.688119888305664,0.008092636242508888,0.5276946904643053,1789313792365944487,odom,33.65116896299969
41.10419717400009,5.69205379486084,0.010668167844414711,0.5237088649702993,1789313792429583413,odom,33.703673826999875
41.16976303799993,5.700501441955566,0.01618278957903385,0.5182821022499264,1789313792499200207,odom,33.76923969099971
41.223761045000174,5.709902286529541,0.023362278938293457,0.5173859079110572,1789313792555924279,odom,33.82323769799996
41.27900928000008,5.721335411071777,0.03038801997900009,0.5208189977034698,1789313792616166455,odom,33.878485932999865
41.330225100999996,5.728418827056885,0.0348518006503582,0.5223943381186551,1789313792670241219,odom,33.92970175399978
41.38212026000019,5.741649627685547,0.04453747719526291,0.5173892872005297,1789313792713706833,odom,33.981596912999976
41.43524657399985,5.756916046142578,0.05642649158835411,0.5131044706696681,1789313792765876395,odom,34.03472322699963
41.49696882699982,5.776463508605957,0.06701985746622086,0.5223452557898968,1789313792826217753,odom,34.0964454799996
41.55155641100009,5.78939151763916,0.07779642939567566,0.5241439894305858,1789313792872560841,odom,34.151033063999876
41.60985390799988,5.805957794189453,0.0815603956580162,0.5286014083904208,1789313792915999752,odom,34.20933056099966
41.66049231199986,5.820243835449219,0.08824996650218964,0.530310169599697,1789313792965926510,odom,34.25996896499964
41.71708194299981,5.841440677642822,0.09807474911212921,0.5271461198390714,1789313793050312621,odom,34.316558595999595
41.773356496999895,5.862499713897705,0.11009258031845093,0.5229623439410702,1789313793109297615,odom,34.37283314999968
41.82662578899999,5.877658843994141,0.12505008280277252,0.5190809989724672,1789313793165901762,odom,34.426102441999774
41.88184471000022,5.887235641479492,0.1352793127298355,0.5151802840962992,1789313793222574574,odom,34.481321363000006
41.94319223699995,5.893087863922119,0.14210602641105652,0.5177192862649547,1789313793272561175,odom,34.54266888999973
42.010280972000146,5.8988566398620605,0.14603736996650696,0.5163925179465468,1789313793335808140,odom,34.60975762499993
42.07261145800021,5.9000396728515625,0.14659559726715088,0.5201681155386216,1789313793405974728,odom,34.672088110999994
42.13625693999984,5.898656368255615,0.1448982059955597,0.5252762907610854,1789313793456168276,odom,34.73573359299962
42.19603833100018,5.894988536834717,0.14452216029167175,0.5291461794762858,1789313793522586209,odom,34.795514983999965
42.25425790700001,5.893074035644531,0.14478391408920288,0.533095539870017,1789313793579491478,odom,34.85373455999979
42.32273482299979,5.892333507537842,0.1447865217924118,0.5357260565951792,1789313793626608235,odom,34.922211475999575
42.380102480999994,5.892050743103027,0.14458945393562317,0.5369892048929921,1789313793679168087,odom,34.97957913399978
42.435046263000004,5.891892433166504,0.14431147277355194,0.5365638072014216,1789313793765920979,odom,35.03452291599979
42.49625583599982,5.891727924346924,0.1442609429359436,0.5369560219904596,1789313793799175841,odom,35.0957324889996
42.54972522700018,5.891249179840088,0.14429578185081482,0.5378366821498965,1789313793875828368,odom,35.149201879999964
42.604488461000074,5.890922546386719,0.1441899836063385,0.5384971547985425,1789313793942531926,odom,35.20396511399986
42.66449839999996,5.890791416168213,0.14405857026576996,0.5389147347963925,1789313793996004921,odom,35.26397505299974
42.716443703000095,5.89064359664917,0.14398430287837982,0.5390167161718621,1789313794049123389,odom,35.31592035599988
42.7800418249999,5.890449523925781,0.1439722776412964,0.539591833316297,1789313794099089962,odom,35.37951847799968
