t_s,utc,source_stamp_s,receipt_age_s,x_m,y_m,z_m,yaw_rad,source,frame,raw_frame
0.004041665999466204,2026-09-13T15:49:54.572778+00:00,1789314594.5546632,0.018114805221557617,1.3282488494095732e-05,7.045692032273905e-06,0.30894923210144043,1.4006822867007607e-05,odom,episode_start,odom
0.06483390599987615,2026-09-13T15:49:54.633467+00:00,1789314594.621103,0.012363910675048828,5.678300655985214e-05,4.058623186092313e-05,0.30894267559051514,-5.4120477182895144e-05,odom,episode_start,odom
0.12872009099919524,2026-09-13T15:49:54.697451+00:00,1789314594.6745002,0.02295088768005371,7.17068319452802e-05,-4.888774027423278e-05,0.30890750885009766,-0.000171477650556362,odom,episode_start,odom
0.18149383799936913,2026-09-13T15:49:54.750226+00:00,1789314594.7445834,0.00564265251159668,7.296696929448865e-05,-5.2513855302854234e-05,0.3088971674442291,-0.0001914043566204615,odom,episode_start,odom
0.23396537600001466,2026-09-13T15:49:54.802703+00:00,1789314594.7911966,0.011506319046020508,8.828668748398097e-05,5.3435032613012435e-05,0.3089016079902649,8.352252342125333e-05,odom,episode_start,odom
0.3087759449999794,2026-09-13T15:49:54.877506+00:00,1789314594.8448262,0.03267979621887207,6.384419742086082e-05,7.802921978587786e-05,0.30891481041908264,-1.4749290780935453e-05,odom,episode_start,odom
0.36859463699966,2026-09-13T15:49:54.937319+00:00,1789314594.8979006,0.03941845893859863,0.0001235742592153384,1.727845129391171e-05,0.30889269709587097,-0.00026216063166439874,odom,episode_start,odom
0.43249061399910715,2026-09-13T15:49:55.001228+00:00,1789314594.9545171,0.046710968017578125,0.00011770776827077094,-5.8245992622284006e-05,0.3088897168636322,-0.00012705429060244633,odom,episode_start,odom
0.4972841219996553,2026-09-13T15:49:55.066016+00:00,1789314595.0311205,0.03489542007446289,0.00010154278312447243,4.745253397521816e-05,0.30891820788383484,-2.7377663287420084e-05,odom,episode_start,odom
0.548503704999348,2026-09-13T15:49:55.117241+00:00,1789314595.0948071,0.022433757781982422,0.00011880174877057774,4.3484227341860695e-05,0.3089327812194824,-7.43021640098318e-05,odom,episode_start,odom
0.5993025359994135,2026-09-13T15:49:55.168039+00:00,1789314595.1617012,0.006337881088256836,0.00011078528864484775,-7.99842499069182e-05,0.3089311718940735,-0.0002312315706413104,odom,episode_start,odom
0.6648790429999281,2026-09-13T15:49:55.233612+00:00,1789314595.2155986,0.018013477325439453,0.00013278429321324757,-2.388432660190877e-05,0.3089350461959839,-8.013491362235392e-05,odom,episode_start,odom
0.7290855729997929,2026-09-13T15:49:55.297816+00:00,1789314595.2912524,0.006563663482666016,9.527133633521054e-05,0.00012093781658496086,0.3089395761489868,6.873959317865719e-06,odom,episode_start,odom
0.7857458239996049,2026-09-13T15:49:55.354482+00:00,1789314595.3450541,0.009427785873413086,8.757113270667211e-05,7.712380217000535e-05,0.3089410960674286,-3.694666583176076e-05,odom,episode_start,odom
0.8384312979997048,2026-09-13T15:49:55.407170+00:00,1789314595.3846853,0.022484779357910156,6.90040227183823e-05,-1.0052774329006918e-05,0.30894017219543457,-9.37062196345595e-05,odom,episode_start,odom
0.9076174529991476,2026-09-13T15:49:55.476350+00:00,1789314595.4511683,0.02518177032470703,0.0006109287494599438,5.582528832609782e-05,0.30897149443626404,0.00023617172313339374,odom,episode_start,odom
0.9644419149999521,2026-09-13T15:49:55.533177+00:00,1789314595.524708,0.008468866348266602,0.004080668908102083,0.0015211339485313384,0.30937623977661133,-0.001601391844878508,odom,episode_start,odom
1.0159497209997426,2026-09-13T15:49:55.584684+00:00,1789314595.5777419,0.006942033767700195,0.009904242261605446,0.0008752980934944015,0.3093433380126953,-0.006368098935400357,odom,episode_start,odom
1.0674458139992566,2026-09-13T15:49:55.636136+00:00,1789314595.6279685,0.008167505264282227,0.016571225149780495,0.0005928062594921426,0.30941906571388245,-0.009408199513650017,odom,episode_start,odom
1.1253358339999977,2026-09-13T15:49:55.694072+00:00,1789314595.6811435,0.012928485870361328,0.024646391798055778,-0.00021677679127272628,0.3093922734260559,-0.0116292413004635,odom,episode_start,odom
1.1857559589998345,2026-09-13T15:49:55.754490+00:00,1789314595.734495,0.01999497413635254,0.03544624046960158,-0.0007824777072179406,0.3091598153114319,-0.009737853253682927,odom,episode_start,odom
1.2392891749996124,2026-09-13T15:49:55.808022+00:00,1789314595.7944381,0.013583898544311523,0.0502502474893513,-0.0006353192775172822,0.3079749047756195,-0.008956872372355762,odom,episode_start,odom
1.2984457039992776,2026-09-13T15:49:55.867181+00:00,1789314595.8477104,0.019470691680908203,0.06811956237803231,-0.0007945154577141955,0.3059343695640564,-0.007917399624145283,odom,episode_start,odom
1.3518789079998896,2026-09-13T15:49:55.920613+00:00,1789314595.9147847,0.005828380584716797,0.091269902993148,-0.00021437415192392117,0.30121055245399475,-0.006367458987341368,odom,episode_start,odom
1.4090283659998022,2026-09-13T15:49:55.977762+00:00,1789314595.948133,0.029628992080688477,0.10354174586933482,0.0005051945562363214,0.3005194365978241,-0.006650795562926803,odom,episode_start,odom
1.4632460369994078,2026-09-13T15:49:56.031984+00:00,1789314596.0280666,0.0039174556732177734,0.13713303678746627,-0.0007671827933461023,0.3018207252025604,-0.00010192940821895924,odom,episode_start,odom
1.546995142999549,2026-09-13T15:49:56.115727+00:00,1789314596.0812073,0.03451967239379883,0.1500924703540166,-0.0006465610112435793,0.30258724093437195,0.003970538965946235,odom,episode_start,odom
1.6032820959999299,2026-09-13T15:49:56.172014+00:00,1789314596.1647325,0.00728154182434082,0.17451739149848328,0.0033077655145355295,0.30167636275291443,0.004138992697893973,odom,episode_start,odom
1.6557253899991338,2026-09-13T15:49:56.224455+00:00,1789314596.2144039,0.010051250457763672,0.18973011127433004,0.005102873488635196,0.3001498281955719,0.004226028917179158,odom,episode_start,odom
1.7094134299995858,2026-09-13T15:49:56.278145+00:00,1789314596.2679873,0.01015782356262207,0.20347499064865143,0.007988350948580178,0.3002058267593384,0.005904582159233063,odom,episode_start,odom
1.7635738749995653,2026-09-13T15:49:56.332279+00:00,1789314596.3280125,0.004266500473022461,0.2113899865986531,0.008413466150565596,0.29940852522850037,0.004702181460058186,odom,episode_start,odom
1.8240720479998345,2026-09-13T15:49:56.392808+00:00,1789314596.3752797,0.017528295516967773,0.21488449030991305,0.009186704979709026,0.3021484613418579,0.003457970403552335,odom,episode_start,odom
1.8764348849999806,2026-09-13T15:49:56.445171+00:00,1789314596.4347322,0.010438919067382812,0.21464236403158907,0.009174911151519347,0.30269211530685425,0.0066132862957469785,odom,episode_start,odom
1.9282106489999933,2026-09-13T15:49:56.496944+00:00,1789314596.4910326,0.005911350250244141,0.21258698962086242,0.00851433565943073,0.3022874593734741,0.01251230679099724,odom,episode_start,odom
1.9805546039997353,2026-09-13T15:49:56.549296+00:00,1789314596.5444589,0.0048370361328125,0.21069009935694172,0.008019968077198666,0.3019581437110901,0.016130217177578787,odom,episode_start,odom
2.0323484499995175,2026-09-13T15:49:56.601086+00:00,1789314596.5917137,0.009372234344482422,0.20997173708272232,0.0076902786354330205,0.3019688129425049,0.018433260577178312,odom,episode_start,odom
2.085210158999871,2026-09-13T15:49:56.653947+00:00,1789314596.6378958,0.016051292419433594,0.20988210890052333,0.007608924602988218,0.3024289309978485,0.019396864261956633,odom,episode_start,odom
2.138582323999799,2026-09-13T15:49:56.707314+00:00,1789314596.7011633,0.006150722503662109,0.20978054721309408,0.0078095126850357965,0.30287715792655945,0.019321031724370274,odom,episode_start,odom
2.1956497159999344,2026-09-13T15:49:56.764382+00:00,1789314596.7331262,0.03125572204589844,0.20954518881986972,0.0079369821373209,0.30293381214141846,0.01959061911933258,odom,episode_start,odom
2.2489621619997706,2026-09-13T15:49:56.817700+00:00,1789314596.7912133,0.026486635208129883,0.2087526671285279,0.007950987605156085,0.30296483635902405,0.0209790890103263,odom,episode_start,odom
2.3044725809995725,2026-09-13T15:49:56.873206+00:00,1789314596.8179755,0.05523037910461426,0.20834943370438833,0.0077704518512834025,0.303004652261734,0.021737460801306563,odom,episode_start,odom
2.3632514909995734,2026-09-13T15:49:56.931988+00:00,1789314596.9209852,0.011002779006958008,0.20668546493055248,0.008145745101153123,0.3030291199684143,0.02561030183716295,odom,episode_start,odom
2.4173309029993106,2026-09-13T15:49:56.986063+00:00,1789314596.9811957,0.0048673152923583984,0.20725092562666717,0.008506279514875412,0.3031313121318817,0.026878848912466613,odom,episode_start,odom
2.477394747999824,2026-09-13T15:49:57.046131+00:00,1789314597.031071,0.015059947967529297,0.2084764216314757,0.008863295256982623,0.30267828702926636,0.025447898417538143,odom,episode_start,odom
2.5336679629999708,2026-09-13T15:49:57.102404+00:00,1789314597.0916443,0.010759830474853516,0.21422032478104797,0.010020226285767514,0.301947683095932,0.022110162340312597,odom,episode_start,odom
2.5847567629998593,2026-09-13T15:49:57.153490+00:00,1789314597.1375668,0.015923261642456055,0.22119454809623795,0.010598738845168265,0.3029296398162842,0.0198499753066177,odom,episode_start,odom
2.641360222000003,2026-09-13T15:49:57.210093+00:00,1789314597.2042706,0.005822420120239258,0.2313985398837759,0.011279982524553117,0.3041593134403229,0.01988223403455125,odom,episode_start,odom
2.707321934999527,2026-09-13T15:49:57.276057+00:00,1789314597.2576082,0.018448829650878906,0.24113978277032638,0.011777220179204226,0.3049715459346771,0.021976588695556076,odom,episode_start,odom
2.7600293460000103,2026-09-13T15:49:57.328766+00:00,1789314597.324324,0.0044422149658203125,0.25384475874750434,0.01370107855643618,0.304977685213089,0.020912000862881256,odom,episode_start,odom
2.8138486239995473,2026-09-13T15:49:57.382579+00:00,1789314597.372491,0.010088205337524414,0.26697935316384763,0.016468387137724194,0.30467313528060913,0.017331584854714425,odom,episode_start,odom
2.8697506939997766,2026-09-13T15:49:57.438487+00:00,1789314597.4306164,0.007870674133300781,0.28711530589566064,0.019577703329533708,0.3048414885997772,0.01663023698976096,odom,episode_start,odom
2.9297081249997063,2026-09-13T15:49:57.498439+00:00,1789314597.4776337,0.02080535888671875,0.305428175344747,0.02030305142564845,0.30537185072898865,0.023233865856144842,odom,episode_start,odom
2.9811160319995906,2026-09-13T15:49:57.549858+00:00,1789314597.5247526,0.02510547637939453,0.3208326283187795,0.02296863012986769,0.3038247525691986,0.029346754041657874,odom,episode_start,odom
3.0332491719991594,2026-09-13T15:49:57.601987+00:00,1789314597.587918,0.014068841934204102,0.34269614821884214,0.02185691466894632,0.30147477984428406,0.03254398061872643,odom,episode_start,odom
3.097014384999966,2026-09-13T15:49:57.665750+00:00,1789314597.6375415,0.028208494186401367,0.3607781888483943,0.023524175913500533,0.3042082190513611,0.03606021728685105,odom,episode_start,odom
3.1497909559993786,2026-09-13T15:49:57.718527+00:00,1789314597.7008796,0.017647504806518555,0.3716065755065635,0.021937052583618638,0.3050020933151245,0.039093588630324305,odom,episode_start,odom
3.202974995999284,2026-09-13T15:49:57.771701+00:00,1789314597.7410939,0.030607223510742188,0.3811784193422538,0.022938683785798303,0.30481672286987305,0.03897625053389642,odom,episode_start,odom
3.2575169779993303,2026-09-13T15:49:57.826250+00:00,1789314597.8185122,0.007737874984741211,0.4016348162228209,0.026014594770881472,0.3022407293319702,0.03696646364169842,odom,episode_start,odom
3.3100148949997674,2026-09-13T15:49:57.878752+00:00,1789314597.868704,0.01004791259765625,0.40930736411825763,0.029211091812053808,0.30157479643821716,0.03768776343193703,odom,episode_start,odom
3.3619899369996347,2026-09-13T15:49:57.930727+00:00,1789314597.9209704,0.00975656509399414,0.41682609693003725,0.0335123539272954,0.3045899271965027,0.035550705472471855,odom,episode_start,odom
3.4218955540000024,2026-09-13T15:49:57.990628+00:00,1789314597.9611921,0.02943587303161621,0.41880001548582835,0.03474534675106422,0.3056735396385193,0.037221619110077375,odom,episode_start,odom
3.4730471069997293,2026-09-13T15:49:58.041779+00:00,1789314598.0343225,0.007456541061401367,0.4181499209169177,0.0350490141096233,0.3053401708602905,0.040853902129168396,odom,episode_start,odom
3.5256341769991195,2026-09-13T15:49:58.094374+00:00,1789314598.0812585,0.013115406036376953,0.41618913015446757,0.034358368435522285,0.3051614463329315,0.04344327169987616,odom,episode_start,odom
3.5939568439998766,2026-09-13T15:49:58.162686+00:00,1789314598.1455986,0.017087459564208984,0.4149435854604825,0.03364050091082296,0.3041851818561554,0.047373004652081496,odom,episode_start,odom
3.646403609999652,2026-09-13T15:49:58.215140+00:00,1789314598.2075768,0.007563352584838867,0.4151219555084499,0.03384383131809429,0.3042173981666565,0.04896026166872347,odom,episode_start,odom
3.7010759989998405,2026-09-13T15:49:58.269804+00:00,1789314598.25462,0.01518392562866211,0.4153086822765367,0.034297670164528726,0.3049263060092926,0.0498250978146384,odom,episode_start,odom
3.756494773999293,2026-09-13T15:49:58.325226+00:00,1789314598.3142674,0.010958671569824219,0.41511914692655494,0.03466610639025006,0.30518418550491333,0.05138535202404837,odom,episode_start,odom
3.8180823599996074,2026-09-13T15:49:58.386812+00:00,1789314598.3511987,0.035613298416137695,0.41486379836070936,0.034673753002604585,0.3052263557910919,0.05253446900036729,odom,episode_start,odom
3.8713567059994602,2026-09-13T15:49:58.440105+00:00,1789314598.400873,0.03923201560974121,0.4145683022033694,0.0345508799986656,0.30524471402168274,0.053681822462527284,odom,episode_start,odom
3.9248278099994423,2026-09-13T15:49:58.493563+00:00,1789314598.4809577,0.01260519027709961,0.4143046255257048,0.03444382643310559,0.3052014708518982,0.05487358432045497,odom,episode_start,odom
3.989116398999613,2026-09-13T15:49:58.557850+00:00,1789314598.5211651,0.03668475151062012,0.41433381982756534,0.03446465131280782,0.30468443036079407,0.0546052667472905,odom,episode_start,odom
4.040238890999717,2026-09-13T15:49:58.608973+00:00,1789314598.5970232,0.011949777603149414,0.41757193215775507,0.0348363097635932,0.30435460805892944,0.051407646325421164,odom,episode_start,odom
4.095377986999665,2026-09-13T15:49:58.663815+00:00,1789314598.655444,0.008371114730834961,0.4238139122438037,0.03733162340706467,0.30435818433761597,0.04625133634404388,odom,episode_start,odom
4.147879702999489,2026-09-13T15:49:58.716615+00:00,1789314598.7095115,0.007103443145751953,0.4313894513054609,0.03979288218858448,0.3050631582736969,0.041862319914055424,odom,episode_start,odom
4.205373011999654,2026-09-13T15:49:58.774112+00:00,1789314598.7675192,0.006592750549316406,0.44048730918415246,0.041952354195879366,0.30566930770874023,0.03885127489536211,odom,episode_start,odom
4.264004110999849,2026-09-13T15:49:58.832742+00:00,1789314598.824201,0.008540868759155273,0.45137464111322123,0.04307232037395348,0.3063420057296753,0.03894613494992871,odom,episode_start,odom
4.329255334999289,2026-09-13T15:49:58.897992+00:00,1789314598.874197,0.023794889450073242,0.460751268553602,0.04382951117667322,0.3063814043998718,0.041308569179590915,odom,episode_start,odom
4.388732670999161,2026-09-13T15:49:58.957465+00:00,1789314598.9274392,0.030025720596313477,0.4709771799292521,0.04523300354851542,0.30624982714653015,0.03784368170725205,odom,episode_start,odom
4.455910760999359,2026-09-13T15:49:59.024645+00:00,1789314599.0074902,0.017154932022094727,0.49736099188048544,0.05011282176970491,0.3041827976703644,0.029899512343333216,odom,episode_start,odom
4.509972320999623,2026-09-13T15:49:59.078701+00:00,1789314599.0676637,0.011037349700927734,0.5190647444636274,0.05069229622827773,0.3044818043708801,0.03779254530095199,odom,episode_start,odom
4.562350527999115,2026-09-13T15:49:59.131084+00:00,1789314599.1218374,0.009246587753295898,0.5378321968768378,0.0535086030454312,0.30291128158569336,0.04066925852620429,odom,episode_start,odom
4.626582076999512,2026-09-13T15:49:59.195314+00:00,1789314599.1793473,0.01596665382385254,0.5604592948016849,0.04865103817740993,0.3053134083747864,0.045326395664008534,odom,episode_start,odom
4.679839483999785,2026-09-13T15:49:59.248407+00:00,1789314599.2343016,0.01410531997680664,0.5788475913391797,0.047124568058154126,0.30634260177612305,0.04500783710136502,odom,episode_start,odom
4.740863446999356,2026-09-13T15:49:59.309595+00:00,1789314599.3015988,0.007996320724487305,0.5995376060666177,0.04714731495718638,0.30484697222709656,0.04305714686241302,odom,episode_start,odom
4.804319581999152,2026-09-13T15:49:59.373041+00:00,1789314599.354174,0.018867015838623047,0.618950465786225,0.04881720754955238,0.30196651816368103,0.038903227999084744,odom,episode_start,odom
4.855755187999421,2026-09-13T15:49:59.424487+00:00,1789314599.417523,0.006964206695556641,0.6415567756484875,0.053540553436434046,0.29809021949768066,0.03750283592594661,odom,episode_start,odom
4.945798005999677,2026-09-13T15:49:59.514531+00:00,1789314599.4458249,0.06870603561401367,0.6463810846732811,0.05479810419903414,0.2993125319480896,0.03601301665420198,odom,episode_start,odom
5.002643010999236,2026-09-13T15:49:59.571369+00:00,1789314599.5374103,0.03395867347717285,0.6686006333364994,0.06370297794300722,0.3056817054748535,0.029937545973398035,odom,episode_start,odom
5.053904357999272,2026-09-13T15:49:59.622640+00:00,1789314599.6178634,0.004776477813720703,0.6784040691143453,0.06537456443540479,0.30667033791542053,0.0314718863261495,odom,episode_start,odom
5.117025607999494,2026-09-13T15:49:59.685757+00:00,1789314599.6508107,0.03494620323181152,0.6773476684823417,0.06418126058710111,0.30674228072166443,0.031489417210757036,odom,episode_start,odom
5.175580144999913,2026-09-13T15:49:59.744292+00:00,1789314599.7028067,0.04148530960083008,0.682770453224498,0.0625651917979762,0.3064534366130829,0.03304816538501876,odom,episode_start,odom
5.232917651999742,2026-09-13T15:49:59.801651+00:00,1789314599.7216988,0.07995223999023438,0.6827864950978648,0.06207673758271198,0.3063359260559082,0.033475819538385625,odom,episode_start,odom
5.321562458999324,2026-09-13T15:49:59.890290+00:00,1789314599.830841,0.059448957443237305,0.6818351747330251,0.059464771870337774,0.30648186802864075,0.04214526700592469,odom,episode_start,odom
5.395665946999543,2026-09-13T15:49:59.964345+00:00,1789314599.9241025,0.04024243354797363,0.6802459444812409,0.06051881132634629,0.3066512942314148,0.045907832557873125,odom,episode_start,odom
5.4545450939995135,2026-09-13T15:50:00.023267+00:00,1789314600.0173419,0.005925178527832031,0.6802019264510536,0.06133683731423584,0.30682381987571716,0.04922637391459028,odom,episode_start,odom
5.512708506999843,2026-09-13T15:50:00.081432+00:00,1789314600.0577638,0.023668289184570312,0.6802941568969731,0.061362030677701906,0.3068335950374603,0.04897448266543248,odom,episode_start,odom
5.605233696999676,2026-09-13T15:50:00.173965+00:00,1789314600.1348827,0.03908228874206543,0.6803564503884613,0.061196874238678034,0.306832492351532,0.04853984945759704,odom,episode_start,odom
5.6993694649991085,2026-09-13T15:50:00.268101+00:00,1789314600.2341418,0.033959150314331055,0.6802317689020059,0.06128023968930768,0.30682721734046936,0.04852630984427775,odom,episode_start,odom
5.757387581999865,2026-09-13T15:50:00.326122+00:00,1789314600.3073955,0.018726587295532227,0.6801919602705506,0.061307347614763974,0.30682629346847534,0.048654227091881275,odom,episode_start,odom
5.812466269999277,2026-09-13T15:50:00.381198+00:00,1789314600.3707092,0.010488748550415039,0.6804480204546679,0.06123745544463077,0.30683067440986633,0.0485167300746453,odom,episode_start,odom
5.870336082999529,2026-09-13T15:50:00.439079+00:00,1789314600.4313607,0.007718324661254883,0.6824591883040396,0.06081169538744763,0.30703961849212646,0.047209891761470175,odom,episode_start,odom
5.927132944999357,2026-09-13T15:50:00.495870+00:00,1789314600.4719422,0.023927927017211914,0.6841625933715756,0.06099330804357417,0.3071025609970093,0.04357640484819969,odom,episode_start,odom
5.984651230999589,2026-09-13T15:50:00.553387+00:00,1789314600.517367,0.03602004051208496,0.688145840489072,0.06294729180688291,0.3067864179611206,0.037783088625397254,odom,episode_start,odom
6.040793012999529,2026-09-13T15:50:00.609529+00:00,1789314600.6042805,0.005248546600341797,0.7006132286693434,0.06710397487975184,0.30642688274383545,0.028845842836633495,odom,episode_start,odom
6.0959164739997505,2026-09-13T15:50:00.664652+00:00,1789314600.657302,0.00735020637512207,0.7093881959567578,0.0689442611042696,0.3063543736934662,0.024840993665067868,odom,episode_start,odom
6.150230373999875,2026-09-13T15:50:00.718964+00:00,1789314600.7106147,0.008349418640136719,0.7150357603929007,0.06986473443591479,0.30584460496902466,0.023662493350421254,odom,episode_start,odom
6.204884150999533,2026-09-13T15:50:00.773618+00:00,1789314600.7639828,0.009635210037231445,0.7231912587700137,0.07208563703604753,0.30555909872055054,0.018414684531070424,odom,episode_start,odom
6.2596039839991136,2026-09-13T15:50:00.828341+00:00,1789314600.824021,0.004319906234741211,0.7413108746448929,0.07485353426491714,0.3046961724758148,0.014478900824028695,odom,episode_start,odom
6.316142993999165,2026-09-13T15:50:00.884882+00:00,1789314600.877633,0.007248878479003906,0.7581367989021742,0.07473796897889057,0.3047502934932709,0.022380354921982093,odom,episode_start,odom
6.3708695149998675,2026-09-13T15:50:00.939604+00:00,1789314600.9172988,0.02230525016784668,0.7728330040418554,0.07617288842018444,0.30341285467147827,0.025845045950385725,odom,episode_start,odom
6.444878835999589,2026-09-13T15:50:01.013614+00:00,1789314600.9806283,0.032985687255859375,0.793132877819869,0.07660139420420159,0.30332159996032715,0.027750465728267445,odom,episode_start,odom
6.496023385999251,2026-09-13T15:50:01.064756+00:00,1789314601.0573416,0.007414340972900391,0.8248890815506875,0.07260965251063373,0.303526371717453,0.03125440078660724,odom,episode_start,odom
6.550010201999612,2026-09-13T15:50:01.118746+00:00,1789314601.1139672,0.004778861999511719,0.8384859805465648,0.07221978841817228,0.30382785201072693,0.032029799452988894,odom,episode_start,odom
6.610379800999908,2026-09-13T15:50:01.179068+00:00,1789314601.1673648,0.011703252792358398,0.85473353490038,0.07373220189824303,0.30291932821273804,0.03092996890020272,odom,episode_start,odom
6.668281351999212,2026-09-13T15:50:01.237020+00:00,1789314601.2106924,0.02632761001586914,0.8685782727671929,0.0760232521279145,0.30183595418930054,0.028411265514430073,odom,episode_start,odom
6.721832727999754,2026-09-13T15:50:01.290570+00:00,1789314601.2773108,0.013259172439575195,0.8948633645602052,0.07878464267068447,0.29900702834129333,0.028095825403354757,odom,episode_start,odom
6.77295721199971,2026-09-13T15:50:01.341686+00:00,1789314601.3273635,0.014322519302368164,0.9094412346468874,0.08552697445527374,0.29939135909080505,0.024854405619576858,odom,episode_start,odom
6.833967104999829,2026-09-13T15:50:01.402696+00:00,1789314601.3813477,0.021348237991333008,0.921482055009748,0.08864138516457493,0.30310186743736267,0.023148299089583824,odom,episode_start,odom
6.890078442999766,2026-09-13T15:50:01.458818+00:00,1789314601.4522784,0.006539583206176758,0.9309405061938811,0.08948373517053693,0.3042772710323334,0.0268213691130661,odom,episode_start,odom
6.947211749999951,2026-09-13T15:50:01.515951+00:00,1789314601.5105712,0.005379676818847656,0.9381181096257973,0.08827695536251418,0.3046877086162567,0.025793436421251426,odom,episode_start,odom
7.001643829999921,2026-09-13T15:50:01.570382+00:00,1789314601.567299,0.0030832290649414062,0.9404876693163784,0.08562075029185973,0.3057633936405182,0.030104309666371343,odom,episode_start,odom
7.054928999999902,2026-09-13T15:50:01.623664+00:00,1789314601.610543,0.013120889663696289,0.9409741438433985,0.08502570346118299,0.30605509877204895,0.03495283603342936,odom,episode_start,odom
7.109245963999456,2026-09-13T15:50:01.677955+00:00,1789314601.6673708,0.010584115982055664,0.9398807037880318,0.08494755010912552,0.30597788095474243,0.03495659605911228,odom,episode_start,odom
7.168155049999768,2026-09-13T15:50:01.736893+00:00,1789314601.7259614,0.01093149185180664,0.9388820795428952,0.08523606798941724,0.3062400221824646,0.03510224548347296,odom,episode_start,odom
7.235647642999538,2026-09-13T15:50:01.804383+00:00,1789314601.7991345,0.005248546600341797,0.9386314381233452,0.08544369254021772,0.3064199984073639,0.0371244688850344,odom,episode_start,odom
7.289126593999754,2026-09-13T15:50:01.857863+00:00,1789314601.8449159,0.01294708251953125,0.9387569205317328,0.08566737927856971,0.3065250813961029,0.03760985367054881,odom,episode_start,odom
7.342356685999221,2026-09-13T15:50:01.911089+00:00,1789314601.9037914,0.007297515869140625,0.9390111803901806,0.08569629118236544,0.30656033754348755,0.0372688368847548,odom,episode_start,odom
7.397551890999239,2026-09-13T15:50:01.966281+00:00,1789314601.9572017,0.009079217910766602,0.9389444111361271,0.08561738654017387,0.30656570196151733,0.03715015872541616,odom,episode_start,odom
7.458472362999601,2026-09-13T15:50:02.027206+00:00,1789314602.0106156,0.016590356826782227,0.9387391730007877,0.08553571259856185,0.30656930804252625,0.03723893747993934,odom,episode_start,odom
7.511771766999118,2026-09-13T15:50:02.080508+00:00,1789314602.0772583,0.003249645233154297,0.9385740752522295,0.08555731067074646,0.30656862258911133,0.03741378230076697,odom,episode_start,odom
7.571399226999347,2026-09-13T15:50:02.140132+00:00,1789314602.101879,0.038253068923950195,0.9386102770803935,0.0855664740343478,0.30656713247299194,0.03735747630929731,odom,episode_start,odom
7.628047542999411,2026-09-13T15:50:02.196785+00:00,1789314602.180773,0.016011953353881836,0.9404259253141466,0.08464106284424383,0.30685800313949585,0.03661220452430847,odom,episode_start,odom
7.684147542999199,2026-09-13T15:50:02.252876+00:00,1789314602.237101,0.015774965286254883,0.9427832899515722,0.0843980461981329,0.306847482919693,0.033150330977961384,odom,episode_start,odom
7.741867944999285,2026-09-13T15:50:02.310601+00:00,1789314602.2983005,0.012300491333007812,0.9495076838830201,0.08623545537793625,0.3060707151889801,0.029069986747261467,odom,episode_start,odom
7.796257644999969,2026-09-13T15:50:02.364988+00:00,1789314602.3605585,0.00442957878112793,0.9608246070347889,0.08991058500969934,0.3055579662322998,0.025825168169931745,odom,episode_start,odom
7.851618330999372,2026-09-13T15:50:02.420355+00:00,1789314602.3974082,0.022946834564208984,0.9682092979147363,0.09149133829855327,0.3052869141101837,0.022531155403857417,odom,episode_start,odom
7.908948865999264,2026-09-13T15:50:02.477681+00:00,1789314602.464055,0.013625860214233398,0.9784192466962072,0.09300459302322445,0.30451083183288574,0.02323180283061499,odom,episode_start,odom
7.961757303999548,2026-09-13T15:50:02.530492+00:00,1789314602.5236797,0.006812334060668945,0.9889493169068037,0.0946880455052414,0.30428674817085266,0.019619275542358316,odom,episode_start,odom
8.022424397999202,2026-09-13T15:50:02.591162+00:00,1789314602.5809305,0.010231494903564453,1.0054891567913073,0.09678884734255566,0.3037555515766144,0.01495592116298361,odom,episode_start,odom
8.080398075999256,2026-09-13T15:50:02.649131+00:00,1789314602.6407313,0.008399724960327148,1.026416062217284,0.09819108943470078,0.30407780408859253,0.018244724644290056,odom,episode_start,odom
8.132132826999623,2026-09-13T15:50:02.700869+00:00,1789314602.688317,0.012552022933959961,1.0420034457274974,0.09780189857930466,0.30350765585899353,0.024759595504199816,odom,episode_start,odom
8.187566897999204,2026-09-13T15:50:02.756282+00:00,1789314602.7476046,0.008677482604980469,1.0635935055429209,0.10202606486188581,0.3029690384864807,0.02445188137613485,odom,episode_start,odom
8.240495636999185,2026-09-13T15:50:02.809230+00:00,1789314602.7971132,0.01211690902709961,1.0840227332935073,0.0987516410364328,0.30643972754478455,0.029649039260265964,odom,episode_start,odom
8.297644615999161,2026-09-13T15:50:02.866378+00:00,1789314602.8571317,0.009246349334716797,1.0995723036382483,0.09732851571094026,0.3075888156890869,0.03386205175905077,odom,episode_start,odom
8.352532609999798,2026-09-13T15:50:02.921267+00:00,1789314602.9038339,0.01743316650390625,1.1170912626998515,0.09770758834412657,0.30730101466178894,0.03236862359142955,odom,episode_start,odom
8.404819581999618,2026-09-13T15:50:02.973555+00:00,1789314602.9705555,0.002999544143676758,1.136553110261165,0.09905062190131342,0.3048924505710602,0.02820285366370867,odom,episode_start,odom
8.461486135999621,2026-09-13T15:50:03.030219+00:00,1789314603.0037332,0.026485919952392578,1.1540607446201703,0.10086611629740538,0.3027769923210144,0.027554297143944636,odom,episode_start,odom
8.522592853999413,2026-09-13T15:50:03.091322+00:00,1789314603.0638921,0.027429819107055664,1.1743624266614021,0.10382945616455574,0.3002772331237793,0.02849282990664781,odom,episode_start,odom
8.584867283999301,2026-09-13T15:50:03.153594+00:00,1789314603.1339817,0.01961231231689453,1.188793487936164,0.10952991308951487,0.30345427989959717,0.024473231136662107,odom,episode_start,odom
8.636121045999971,2026-09-13T15:50:03.204858+00:00,1789314603.1937373,0.011120796203613281,1.1962889329424868,0.11189510357224308,0.30522066354751587,0.02374553388853251,odom,episode_start,odom
8.700255775999722,2026-09-13T15:50:03.268989+00:00,1789314603.2571933,0.011795759201049805,1.200658010616169,0.11184435145959737,0.30541402101516724,0.025620194738663615,odom,episode_start,odom
8.751959507999345,2026-09-13T15:50:03.320698+00:00,1789314603.3038592,0.016838788986206055,1.1988173715285888,0.11096112997987484,0.30539530515670776,0.02865929719242044,odom,episode_start,odom
8.810233753999455,2026-09-13T15:50:03.378622+00:00,1789314603.3669732,0.011648893356323242,1.1953434971766281,0.11015694763816308,0.3048103153705597,0.03270923816312088,odom,episode_start,odom
8.864570543999434,2026-09-13T15:50:03.433306+00:00,1789314603.4199865,0.01331949234008789,1.193321038807941,0.11103989715227858,0.3050069212913513,0.03544192052017836,odom,episode_start,odom
8.936966629999915,2026-09-13T15:50:03.505699+00:00,1789314603.4891374,0.016561508178710938,1.1925180519804588,0.1119422135903152,0.30508747696876526,0.0381315837356836,odom,episode_start,odom
8.988236873999995,2026-09-13T15:50:03.556974+00:00,1789314603.543698,0.013275861740112305,1.1922470726124015,0.11232032202247977,0.30521729588508606,0.039799897135229356,odom,episode_start,odom
9.039809999999306,2026-09-13T15:50:03.608512+00:00,1789314603.5985062,0.010005712509155273,1.1918855845039065,0.11219425583600084,0.3052769601345062,0.04099648398397904,odom,episode_start,odom
9.09123254899987,2026-09-13T15:50:03.659976+00:00,1789314603.6436074,0.016368627548217773,1.191224037781053,0.11207951767556634,0.3053151071071625,0.041881668593708905,odom,episode_start,odom
9.147159880999425,2026-09-13T15:50:03.715891+00:00,1789314603.7036908,0.012200117111206055,1.190390777529084,0.11218172302650731,0.3053518235683441,0.04337216267954968,odom,episode_start,odom
9.206936915999904,2026-09-13T15:50:03.775668+00:00,1789314603.7671714,0.008496522903442383,1.1898224905641421,0.11179154264804136,0.3054841160774231,0.05230119590014892,odom,episode_start,odom
9.263782620999336,2026-09-13T15:50:03.832518+00:00,1789314603.8204446,0.012073516845703125,1.189218944608426,0.11225174260204496,0.3059922456741333,0.08653481310351552,odom,episode_start,odom
9.314751711999634,2026-09-13T15:50:03.883484+00:00,1789314603.8774314,0.006052494049072266,1.1881706209765952,0.11319000413075109,0.3062790632247925,0.11829293328318047,odom,episode_start,odom
9.371719222999673,2026-09-13T15:50:03.940456+00:00,1789314603.923677,0.016778945922851562,1.187140514436077,0.11506138437657432,0.3060533106327057,0.1456160905562693,odom,episode_start,odom
9.424969684999269,2026-09-13T15:50:03.993700+00:00,1789314603.9704874,0.023212671279907227,1.1860807892758023,0.117232306260037,0.3057989478111267,0.17061399011973077,odom,episode_start,odom
9.475734010999986,2026-09-13T15:50:04.044477+00:00,1789314604.0237353,0.020741701126098633,1.1848957385903969,0.11944543550799269,0.30566510558128357,0.19956374104867936,odom,episode_start,odom
9.526210911999442,2026-09-13T15:50:04.094958+00:00,1789314604.0876467,0.007311344146728516,1.1834713218264052,0.12172241510532167,0.30546483397483826,0.23350563222939844,odom,episode_start,odom
9.57985680099955,2026-09-13T15:50:04.148592+00:00,1789314604.1404493,0.008142709732055664,1.1824267908099002,0.12339024844098756,0.30505016446113586,0.2619770768141435,odom,episode_start,odom
9.642292166999141,2026-09-13T15:50:04.211026+00:00,1789314604.1961808,0.014845132827758789,1.181209261940225,0.12457966826533573,0.3050403296947479,0.2903389318413622,odom,episode_start,odom
9.696744384999874,2026-09-13T15:50:04.265480+00:00,1789314604.253626,0.011853933334350586,1.1803129377234187,0.1257912564460255,0.3051195740699768,0.3192825374595921,odom,episode_start,odom
9.750927580999814,2026-09-13T15:50:04.319666+00:00,1789314604.3144016,0.0052642822265625,1.179563012812571,0.12674847547089962,0.30507799983024597,0.35130179251287863,odom,episode_start,odom
9.801627450999149,2026-09-13T15:50:04.370366+00:00,1789314604.3671618,0.003204345703125,1.1792400243949204,0.1275504824262329,0.3049356937408447,0.37862453030934107,odom,episode_start,odom
9.853568480999456,2026-09-13T15:50:04.422306+00:00,1789314604.413707,0.008599042892456055,1.1792165251174112,0.127441930061597,0.3047158122062683,0.4037068667395012,odom,episode_start,odom
9.90514463799991,2026-09-13T15:50:04.473881+00:00,1789314604.467101,0.006779909133911133,1.1802676570112118,0.12842187327160348,0.3044220209121704,0.4284604584005067,odom,episode_start,odom
9.95729154699984,2026-09-13T15:50:04.526028+00:00,1789314604.5207193,0.005308628082275391,1.1793176364331657,0.12953029107340563,0.3042502701282501,0.450585949739817,odom,episode_start,odom
10.016751033999753,2026-09-13T15:50:04.584209+00:00,1789314604.5672266,0.016982316970825195,1.1796553206525595,0.1305496931936988,0.3047010004520416,0.4759176169775028,odom,episode_start,odom
10.068549391999113,2026-09-13T15:50:04.637286+00:00,1789314604.6270494,0.010236501693725586,1.1830060318809976,0.13377512926928126,0.30564457178115845,0.5126034213317647,odom,episode_start,odom
10.124406723999527,2026-09-13T15:50:04.693140+00:00,1789314604.6869495,0.00619053840637207,1.1879373040930643,0.14027350867666522,0.30244943499565125,0.5605779951409193,odom,episode_start,odom
10.185323842999424,2026-09-13T15:50:04.754061+00:00,1789314604.7402842,0.013776779174804688,1.1890543422066566,0.15204119100456026,0.2969370484352112,0.60002114111556,odom,episode_start,odom
10.237179615999594,2026-09-13T15:50:04.805918+00:00,1789314604.802363,0.0035550594329833984,1.190168751579988,0.15657339065209241,0.2954677641391754,0.6061128373808187,odom,episode_start,odom
10.290690897999411,2026-09-13T15:50:04.859436+00:00,1789314604.853621,0.005815029144287109,1.1862525524953131,0.1626561640609938,0.2976391315460205,0.6016359070714179,odom,episode_start,odom
10.35623066899916,2026-09-13T15:50:04.924969+00:00,1789314604.9185104,0.0064585208892822266,1.1863141222844755,0.1630124966285178,0.29908743500709534,0.6022229826596297,odom,episode_start,odom
10.410655459999361,2026-09-13T15:50:04.979388+00:00,1789314604.9572208,0.022167205810546875,1.1854077622107952,0.16227029174109542,0.29914507269859314,0.5991990180886904,odom,episode_start,odom
10.471830329999648,2026-09-13T15:50:05.040564+00:00,1789314605.0304947,0.01006937026977539,1.1855879140552912,0.16163016844258093,0.2994163930416107,0.5966165254609939,odom,episode_start,odom
10.533343088999573,2026-09-13T15:50:05.102077+00:00,1789314605.0869412,0.015135765075683594,1.184768256045118,0.16029379640387065,0.299990177154541,0.5969473571883255,odom,episode_start,odom
10.59227946899955,2026-09-13T15:50:05.161012+00:00,1789314605.1536233,0.007388591766357422,1.184207397601481,0.16093972815749047,0.3014153242111206,0.6008420722648826,odom,episode_start,odom
10.647964838000007,2026-09-13T15:50:05.216701+00:00,1789314605.2102115,0.00648951530456543,1.1841174499498162,0.16253781841092518,0.30198395252227783,0.6049444578059897,odom,episode_start,odom
10.704865827999129,2026-09-13T15:50:05.273602+00:00,1789314605.2602468,0.013355255126953125,1.184357286925366,0.16337515204655395,0.30211520195007324,0.6077186550664833,odom,episode_start,odom
10.760331779999433,2026-09-13T15:50:05.329066+00:00,1789314605.317185,0.011881113052368164,1.184535010719211,0.1634145442971101,0.3021692931652069,0.6081327065610052,odom,episode_start,odom
10.826434545999291,2026-09-13T15:50:05.395168+00:00,1789314605.380293,0.014875173568725586,1.1843032722660927,0.162912409755265,0.3021705150604248,0.6077279296186917,odom,episode_start,odom
10.878139061999718,2026-09-13T15:50:05.446875+00:00,1789314605.4389043,0.007970809936523438,1.1839202686191364,0.16257045251701907,0.3021686375141144,0.6081790720932725,odom,episode_start,odom
10.944999511999413,2026-09-13T15:50:05.513733+00:00,1789314605.4973395,0.016393423080444336,1.1834839198016007,0.16234498710377876,0.30216673016548157,0.6085262637288849,odom,episode_start,odom
11.000581188999604,2026-09-13T15:50:05.569317+00:00,1789314605.5644038,0.004913330078125,1.1834363300302553,0.16224310019743848,0.3021617531776428,0.6082154209603043,odom,episode_start,odom
11.05399277199922,2026-09-13T15:50:05.622732+00:00,1789314605.603382,0.01934981346130371,1.1834921645511594,0.16227854424499377,0.30215543508529663,0.6082738731335458,odom,episode_start,odom
11.107943005999914,2026-09-13T15:50:05.676675+00:00,1789314605.6667933,0.009881734848022461,1.1834480440345563,0.16238155064583715,0.30214911699295044,0.6084022067558776,odom,episode_start,odom
11.176092396999593,2026-09-13T15:50:05.744699+00:00,1789314605.733585,0.011114120483398438,1.1833891795539033,0.16234298438714223,0.30214643478393555,0.6084212610131963,odom,episode_start,odom
11.234604410999964,2026-09-13T15:50:05.803337+00:00,1789314605.7867877,0.016549348831176758,1.1833750754814714,0.1622308308767797,0.30214405059814453,0.6082330380039707,odom,episode_start,odom
11.300030302999403,2026-09-13T15:50:05.868741+00:00,1789314605.8500657,0.01867532730102539,1.1832154884650354,0.16215018795454705,0.3021441400051117,0.6082511719452652,odom,episode_start,odom
11.356036409999433,2026-09-13T15:50:05.924776+00:00,1789314605.9160166,0.008759498596191406,1.183061286826152,0.162140183768554,0.30214524269104004,0.6084296841331607,odom,episode_start,odom
11.414101335999476,2026-09-13T15:50:05.982837+00:00,1789314605.9602442,0.022592782974243164,1.1830408190555401,0.16210766771168983,0.302144855260849,0.6083297690638811,odom,episode_start,odom
11.467154858999493,2026-09-13T15:50:06.035884+00:00,1789314606.0295272,0.006356716156005859,1.1830774873771177,0.1620940394292344,0.302144855260849,0.6082954294276157,odom,episode_start,odom
11.539097293999475,2026-09-13T15:50:06.107830+00:00,1789314606.0842905,0.02353954315185547,1.18299987328859,0.16213019885765667,0.30214595794677734,0.6085449381853658,odom,episode_start,odom
11.601367022999511,2026-09-13T15:50:06.170098+00:00,1789314606.1100721,0.060025930404663086,1.1829833961940042,0.16216798185838144,0.30214548110961914,0.6086300205039052,odom,episode_start,odom
11.655002877999323,2026-09-13T15:50:06.223736+00:00,1789314606.1935308,0.030205249786376953,1.1843152409160385,0.16274365753057185,0.30272176861763,0.607830962900598,odom,episode_start,odom
11.707480622999356,2026-09-13T15:50:06.276215+00:00,1789314606.2634516,0.012763500213623047,1.1882295777180272,0.16600096744602866,0.30219152569770813,0.6083483684633999,odom,episode_start,odom
11.767432593999729,2026-09-13T15:50:06.336169+00:00,1789314606.3167732,0.019395828247070312,1.1932917463970658,0.17008549910191684,0.3019777834415436,0.6075100471848637,odom,episode_start,odom
11.822043883999868,2026-09-13T15:50:06.390781+00:00,1789314606.3767223,0.014058589935302734,1.2022341306725153,0.1767146937239068,0.3021171987056732,0.603286803009613,odom,episode_start,odom
11.874798906999786,2026-09-13T15:50:06.443535+00:00,1789314606.4334435,0.010091543197631836,1.2104635713830736,0.18140414172180985,0.3027077913284302,0.604520034737718,odom,episode_start,odom
11.92820200099959,2026-09-13T15:50:06.496889+00:00,1789314606.490268,0.006621122360229492,1.2183876821184678,0.18703551526584827,0.3022889196872711,0.6086853743799567,odom,episode_start,odom
11.981286083999294,2026-09-13T15:50:06.549992+00:00,1789314606.5446467,0.005345344543457031,1.232063488165871,0.19592354600316408,0.30172476172447205,0.6110978322314429,odom,episode_start,odom
12.034760769999593,2026-09-13T15:50:06.603494+00:00,1789314606.5901866,0.013307332992553711,1.246276305013151,0.20496253993384417,0.3008444905281067,0.6124775400699212,odom,episode_start,odom
12.089221323999482,2026-09-13T15:50:06.657957+00:00,1789314606.643595,0.014362096786499023,1.2603992866097293,0.2166716747310159,0.2999582588672638,0.6135985617140804,odom,episode_start,odom
12.142740141999639,2026-09-13T15:50:06.711473+00:00,1789314606.7067528,0.004720211029052734,1.2788191439241894,0.2324533320821338,0.2996179163455963,0.6162468600620792,odom,episode_start,odom
12.202416306999112,2026-09-13T15:50:06.771149+00:00,1789314606.760024,0.011124849319458008,1.2952703877279104,0.24448079592166827,0.30246397852897644,0.6208081792582796,odom,episode_start,odom
12.254746451999381,2026-09-13T15:50:06.823479+00:00,1789314606.8066852,0.01679372787475586,1.3056432117256498,0.2527370532472192,0.3031068742275238,0.6188200172219545,odom,episode_start,odom
12.308019034999234,2026-09-13T15:50:06.876747+00:00,1789314606.8630915,0.013655424118041992,1.3202357406255327,0.26587700747594756,0.3025941252708435,0.6180460941901702,odom,episode_start,odom
12.376114969999435,2026-09-13T15:50:06.944802+00:00,1789314606.927217,0.017585039138793945,1.339140747867611,0.28333831349267236,0.3005729913711548,0.6162926191872158,odom,episode_start,odom
12.429042363999542,2026-09-13T15:50:06.997781+00:00,1789314606.9801793,0.017601728439331055,1.3543285518279917,0.2961749841119795,0.2991074323654175,0.6177799417369549,odom,episode_start,odom
12.48318745099914,2026-09-13T15:50:07.051923+00:00,1789314607.048496,0.0034270286560058594,1.3684097750598947,0.31300134417152403,0.30193617939949036,0.6161953891685255,odom,episode_start,odom
12.534971479999513,2026-09-13T15:50:07.103707+00:00,1789314607.093925,0.009782075881958008,1.3743143384355765,0.3203608752155571,0.30478885769844055,0.6151012535052998,odom,episode_start,odom
12.594871243999478,2026-09-13T15:50:07.163611+00:00,1789314607.1500347,0.013576269149780273,1.3792142352364736,0.3234675036121778,0.3051988184452057,0.6204279961704242,odom,episode_start,odom
12.652803816999949,2026-09-13T15:50:07.221540+00:00,1789314607.2067225,0.014817476272583008,1.3839834143877203,0.3265951368597617,0.3059243857860565,0.622861815710906,odom,episode_start,odom
12.709294535999106,2026-09-13T15:50:07.277929+00:00,1789314607.2728388,0.005090236663818359,1.3854571496825878,0.32614728543915683,0.3069557547569275,0.628874765582824,odom,episode_start,odom
12.762581481999405,2026-09-13T15:50:07.331318+00:00,1789314607.3207586,0.010559320449829102,1.38465632279817,0.3265021134655479,0.30668187141418457,0.6300581726774284,odom,episode_start,odom
12.814371654999377,2026-09-13T15:50:07.383061+00:00,1789314607.3733249,0.009736061096191406,1.3832613263181448,0.32660911744525,0.3067200779914856,0.6305089686168015,odom,episode_start,odom
12.870292551999228,2026-09-13T15:50:07.439022+00:00,1789314607.426721,0.012300968170166016,1.3828905016903885,0.3261661764593552,0.30710911750793457,0.6334696678956488,odom,episode_start,odom
12.92438908999975,2026-09-13T15:50:07.493124+00:00,1789314607.4834647,0.009659290313720703,1.3826852169166453,0.32581541548638815,0.3075377643108368,0.6351453760987078,odom,episode_start,odom
12.979472070999691,2026-09-13T15:50:07.548206+00:00,1789314607.5366573,0.011548757553100586,1.3822118263777177,0.3255129464257289,0.30759111046791077,0.63454535278561,odom,episode_start,odom
13.034993307999684,2026-09-13T15:50:07.603723+00:00,1789314607.5886345,0.015088558197021484,1.3820996417461004,0.32537384870708885,0.3075544834136963,0.6344921331955253,odom,episode_start,odom
13.09998649299996,2026-09-13T15:50:07.668719+00:00,1789314607.6400015,0.028717517852783203,1.382070224633812,0.3252500385394591,0.30754491686820984,0.6348328936521057,odom,episode_start,odom
13.152636984999845,2026-09-13T15:50:07.721373+00:00,1789314607.6932123,0.028160810470581055,1.3819487424955206,0.32508954115278266,0.30753186345100403,0.6345252772575198,odom,episode_start,odom
13.221358224999676,2026-09-13T15:50:07.790091+00:00,1789314607.7604601,0.02963089942932129,1.3817098028083592,0.3248388944532946,0.307553231716156,0.6340814215664117,odom,episode_start,odom
13.286050864999197,2026-09-13T15:50:07.854777+00:00,1789314607.8335552,0.02122187614440918,1.383566033680915,0.3246518114730126,0.30801331996917725,0.6330416607200964,odom,episode_start,odom
13.33922131700001,2026-09-13T15:50:07.907955+00:00,1789314607.9005783,0.007376670837402344,1.3855459279243916,0.32649559257730554,0.3068521320819855,0.6283563950394355,odom,episode_start,odom
13.395077055000002,2026-09-13T15:50:07.963812+00:00,1789314607.953283,0.010529041290283203,1.3889591672142256,0.33153572635507567,0.30651548504829407,0.6252501113299644,odom,episode_start,odom
13.445654966999427,2026-09-13T15:50:08.014401+00:00,1789314608.010333,0.004067897796630859,1.3948481804494204,0.33992581384973475,0.30644500255584717,0.62068337981469,odom,episode_start,odom
13.496321553999223,2026-09-13T15:50:08.064896+00:00,1789314608.0565803,0.008315801620483398,1.3999455010285657,0.3454611433667315,0.3065410852432251,0.6169763234814539,odom,episode_start,odom
13.55077588199947,2026-09-13T15:50:08.119512+00:00,1789314608.111172,0.008340120315551758,1.4071094680865452,0.35112021585129927,0.3062632977962494,0.6198158865673984,odom,episode_start,odom
13.60631864899915,2026-09-13T15:50:08.175055+00:00,1789314608.1501281,0.02492690086364746,1.412106688892966,0.3554498742077963,0.3060595691204071,0.6220641309760213,odom,episode_start,odom
13.664072697999472,2026-09-13T15:50:08.232808+00:00,1789314608.2270706,0.0057375431060791016,1.4239994229876993,0.3672911720412563,0.30530792474746704,0.6181588324286393,odom,episode_start,odom
13.71760734199961,2026-09-13T15:50:08.286344+00:00,1789314608.2733126,0.013031482696533203,1.4364548561642805,0.3786526215987114,0.3041798174381256,0.6149072775875633,odom,episode_start,odom
13.773642706999453,2026-09-13T15:50:08.342376+00:00,1789314608.329856,0.012520074844360352,1.4522808588823763,0.3901761596499065,0.3047727644443512,0.6254324344017113,odom,episode_start,odom
13.826334218999364,2026-09-13T15:50:08.395071+00:00,1789314608.3866208,0.00845026969909668,1.468908738816007,0.401336749982214,0.3039984405040741,0.6317555136721786,odom,episode_start,odom
13.87887089799915,2026-09-13T15:50:08.447605+00:00,1789314608.438425,0.009179830551147461,1.486255693808911,0.41032140049141275,0.30708637833595276,0.6328151719934547,odom,episode_start,odom
13.9322276339999,2026-09-13T15:50:08.500959+00:00,1789314608.4832366,0.017722368240356445,1.4981012901558461,0.4167267469528858,0.30778637528419495,0.6329354099964419,odom,episode_start,odom
13.984460023999418,2026-09-13T15:50:08.553195+00:00,1789314608.5465305,0.0066645145416259766,1.5145513443222007,0.42895739883578665,0.3065950870513916,0.6306556917711542,odom,episode_start,odom
14.038591884999732,2026-09-13T15:50:08.607330+00:00,1789314608.6033661,0.003963947296142578,1.5337319062970203,0.44372241050129124,0.3030385375022888,0.6290834231284488,odom,episode_start,odom
14.091805149999345,2026-09-13T15:50:08.660542+00:00,1789314608.6331604,0.02738165855407715,1.5424162156062589,0.4525929510251414,0.3005112409591675,0.6297022674543324,odom,episode_start,odom
14.143766821999634,2026-09-13T15:50:08.712504+00:00,1789314608.6999154,0.0125885009765625,1.5581377687949922,0.4702401346710279,0.3020630478858948,0.6262277727499087,odom,episode_start,odom
14.197339645999818,2026-09-13T15:50:08.766072+00:00,1789314608.7600589,0.006013154983520508,1.567055017862867,0.4825130019987164,0.3064306080341339,0.6272872262131206,odom,episode_start,odom
14.248682306999399,2026-09-13T15:50:08.817417+00:00,1789314608.8077927,0.009624242782592773,1.5723580531772683,0.4868199569507581,0.3069988787174225,0.6293796166922252,odom,episode_start,odom
14.306581651999295,2026-09-13T15:50:08.875314+00:00,1789314608.86996,0.0053539276123046875,1.5807612686547832,0.4918431176410648,0.30678460001945496,0.624823959270224,odom,episode_start,odom
14.367081759999564,2026-09-13T15:50:08.935819+00:00,1789314608.9098802,0.025938749313354492,1.5849370575042672,0.49373513369700506,0.30586981773376465,0.6228589745595472,odom,episode_start,odom
14.420513352999478,2026-09-13T15:50:08.989243+00:00,1789314608.9831083,0.006134748458862305,1.5893331469111367,0.4948397283610627,0.3061811327934265,0.6287933094291085,odom,episode_start,odom
14.477515248999225,2026-09-13T15:50:09.046251+00:00,1789314609.036507,0.00974416732788086,1.589497543766187,0.49540418344871173,0.3060897886753082,0.629887511785145,odom,episode_start,odom
14.52851431199997,2026-09-13T15:50:09.097254+00:00,1789314609.086469,0.010785102844238281,1.5890768901081915,0.49565521630282916,0.3063235580921173,0.6275111874937864,odom,episode_start,odom
14.579377008999472,2026-09-13T15:50:09.148109+00:00,1789314609.140398,0.007710933685302734,1.5885373381244172,0.49560994803370606,0.3064296543598175,0.6270482939381021,odom,episode_start,odom
14.632796943999892,2026-09-13T15:50:09.201532+00:00,1789314609.193701,0.00783085823059082,1.5885823791180398,0.4955698699832247,0.30650559067726135,0.6274287775268144,odom,episode_start,odom
14.703706177999265,2026-09-13T15:50:09.272395+00:00,1789314609.2531757,0.019219160079956055,1.5892840704800084,0.49578621016878655,0.30656698346138,0.6272957766144365,odom,episode_start,odom
14.76267609399929,2026-09-13T15:50:09.331402+00:00,1789314609.3097217,0.021680355072021484,1.589932870023347,0.49628521572955464,0.30661264061927795,0.6270317290865505,odom,episode_start,odom
14.827043174999744,2026-09-13T15:50:09.395776+00:00,1789314609.349931,0.04584503173828125,1.590246100322974,0.49662521893329126,0.30663660168647766,0.6272359356483803,odom,episode_start,odom
14.87778201799938,2026-09-13T15:50:09.446516+00:00,1789314609.4102645,0.03625154495239258,1.5905510336137154,0.49693856398632086,0.3066593408584595,0.6274437392251291,odom,episode_start,odom
14.928985967999324,2026-09-13T15:50:09.497722+00:00,1789314609.4865274,0.011194467544555664,1.59081614010098,0.49702882759260236,0.30667418241500854,0.6276821778438051,odom,episode_start,odom
14.98255353499917,2026-09-13T15:50:09.551287+00:00,1789314609.5441053,0.007181644439697266,1.5910584519028537,0.49716827580379863,0.30668020248413086,0.6278101397121326,odom,episode_start,odom
15.055225712999345,2026-09-13T15:50:09.623967+00:00,1789314609.5968266,0.027140378952026367,1.5937466842591703,0.4998129180972024,0.30655285716056824,0.6272776234593092,odom,episode_start,odom
15.113956658999996,2026-09-13T15:50:09.682690+00:00,1789314609.663115,0.019574880599975586,1.5986375198283636,0.5049308016751848,0.30646437406539917,0.6264181225946734,odom,episode_start,odom
15.165819112999998,2026-09-13T15:50:09.734547+00:00,1789314609.7232027,0.011344194412231445,1.6072833297166453,0.5118939877349735,0.3059219419956207,0.6271679145781358,odom,episode_start,odom
15.224076886999683,2026-09-13T15:50:09.792811+00:00,1789314609.7832198,0.009591102600097656,1.6168092642987855,0.5199905502127944,0.3047386109828949,0.627195185456435,odom,episode_start,odom
15.280529888999808,2026-09-13T15:50:09.849258+00:00,1789314609.8397727,0.009485244750976562,1.627678448381566,0.5289059693298566,0.3030402362346649,0.627033376735888,odom,episode_start,odom
15.331538201999138,2026-09-13T15:50:09.900282+00:00,1789314609.8864148,0.01386713981628418,1.6372116023444763,0.536329522310438,0.3013922870159149,0.6267858849392365,odom,episode_start,odom
15.389602770999772,2026-09-13T15:50:09.958338+00:00,1789314609.9463172,0.01202082633972168,1.6458041421550658,0.5411339558423043,0.30021604895591736,0.6293928501852435,odom,episode_start,odom
15.458581902999867,2026-09-13T15:50:10.027313+00:00,1789314610.0031188,0.02419424057006836,1.659836162231025,0.5499401318450461,0.29906508326530457,0.6290368607416018,odom,episode_start,odom
15.522979376999501,2026-09-13T15:50:10.091697+00:00,1789314610.0538156,0.03788137435913086,1.675950418984955,0.5589466392479829,0.2975565493106842,0.6304641016787924,odom,episode_start,odom
15.579338952999933,2026-09-13T15:50:10.148075+00:00,1789314610.1365664,0.011508703231811523,1.7051468569291184,0.577943429124618,0.3004798889160156,0.633258973195121,odom,episode_start,odom
15.635283474999596,2026-09-13T15:50:10.204021+00:00,1789314610.196707,0.007313966751098633,1.722212812730103,0.5905995579235479,0.30358704924583435,0.633277632609861,odom,episode_start,odom
15.692446592999659,2026-09-13T15:50:10.261183+00:00,1789314610.2473516,0.013831377029418945,1.7351818049782979,0.6020215054826851,0.3038715422153473,0.6340187238542769,odom,episode_start,odom
15.744486177999534,2026-09-13T15:50:10.313223+00:00,1789314610.2996445,0.013578414916992188,1.7500925663695206,0.6171328673139496,0.3024747371673584,0.6316389010005434,odom,episode_start,odom
15.807036602999688,2026-09-13T15:50:10.375772+00:00,1789314610.3596373,0.01613473892211914,1.7668149120906083,0.632206324053202,0.30009785294532776,0.6312246931513867,odom,episode_start,odom
15.865896481999698,2026-09-13T15:50:10.434632+00:00,1789314610.423171,0.011461019515991211,1.7820235262010637,0.6461474747051266,0.3009209930896759,0.6278085977660737,odom,episode_start,odom
15.919381952999174,2026-09-13T15:50:10.488119+00:00,1789314610.48343,0.00468897819519043,1.7872174268131138,0.6556041738635684,0.30236345529556274,0.6238484374491904,odom,episode_start,odom
15.981517548999363,2026-09-13T15:50:10.550252+00:00,1789314610.537881,0.012371063232421875,1.790991254625026,0.6589915327480114,0.30366063117980957,0.6263283813256668,odom,episode_start,odom
16.037603941999805,2026-09-13T15:50:10.606340+00:00,1789314610.5964508,0.00988912582397461,1.7918407657030384,0.6590540296636752,0.3031138479709625,0.6302160710061544,odom,episode_start,odom
16.092889639999157,2026-09-13T15:50:10.661330+00:00,1789314610.6562977,0.00503230094909668,1.7891013966505316,0.6573562436706297,0.30315274000167847,0.6350272169858,odom,episode_start,odom
16.148959967999872,2026-09-13T15:50:10.717693+00:00,1789314610.7087758,0.00891733169555664,1.7865411656386563,0.6561784304546165,0.3037104308605194,0.6396051752529963,odom,episode_start,odom
16.205084573999557,2026-09-13T15:50:10.773821+00:00,1789314610.7644038,0.009417295455932617,1.7850997538050097,0.6557590877035738,0.3039087951183319,0.6435269585063348,odom,episode_start,odom
16.25635517899991,2026-09-13T15:50:10.825088+00:00,1789314610.7996902,0.025397777557373047,1.7847525610553365,0.6558137539906984,0.30396005511283875,0.64506615587346,odom,episode_start,odom
16.308664200999374,2026-09-13T15:50:10.877399+00:00,1789314610.863168,0.014230966567993164,1.7845654646386837,0.6560063688809589,0.3044864237308502,0.645962476637736,odom,episode_start,odom
16.380736910999985,2026-09-13T15:50:10.949468+00:00,1789314610.9263282,0.02313971519470215,1.7841471164918803,0.6560671404145457,0.30468806624412537,0.6472890143292076,odom,episode_start,odom
16.44282801999998,2026-09-13T15:50:11.011530+00:00,1789314610.9924426,0.01908731460571289,1.7833876380941653,0.6558603039795938,0.30471789836883545,0.6491014364533074,odom,episode_start,odom
16.493660521999118,2026-09-13T15:50:11.062397+00:00,1789314611.0397055,0.02269148826599121,1.7828128023652403,0.6554987904968268,0.30474162101745605,0.6512694952932002,odom,episode_start,odom
16.55089301499993,2026-09-13T15:50:11.119628+00:00,1789314611.0945394,0.02508854866027832,1.7821438027057792,0.6551629254253774,0.30475443601608276,0.6533156390808614,odom,episode_start,odom
16.60827429299934,2026-09-13T15:50:11.177006+00:00,1789314611.1597748,0.017231225967407227,1.7812981797693883,0.6548667799518865,0.3047561049461365,0.6556860562885449,odom,episode_start,odom
16.66119738999987,2026-09-13T15:50:11.229931+00:00,1789314611.219758,0.01017308235168457,1.7808815647004828,0.6547549002880255,0.30483028292655945,0.6553558182786461,odom,episode_start,odom
16.72026416299923,2026-09-13T15:50:11.288994+00:00,1789314611.2796156,0.009378433227539062,1.7819838856623265,0.6570265408161537,0.3039771616458893,0.6537314227203319,odom,episode_start,odom
16.778746295999554,2026-09-13T15:50:11.347483+00:00,1789314611.336685,0.010797977447509766,1.7846501293590253,0.6607272135273723,0.3040001392364502,0.6515411143452066,odom,episode_start,odom
16.83728785999938,2026-09-13T15:50:11.406025+00:00,1789314611.393043,0.012981891632080078,1.7892070819980792,0.6649904219268785,0.30470824241638184,0.6494974873371024,odom,episode_start,odom
16.89728276599999,2026-09-13T15:50:11.466015+00:00,1789314611.459723,0.006292104721069336,1.7976657382267884,0.6718779585858382,0.30587366223335266,0.6461094159977336,odom,episode_start,odom
16.94921564299966,2026-09-13T15:50:11.517950+00:00,1789314611.50751,0.01044011116027832,1.8043990150675588,0.67740857938054,0.3062680661678314,0.6470494602782233,odom,episode_start,odom
17.00838172299973,2026-09-13T15:50:11.577115+00:00,1789314611.5561926,0.020922422409057617,1.8107678385921995,0.6836066883936774,0.3063811659812927,0.6455866972671536,odom,episode_start,odom
17.060133747999316,2026-09-13T15:50:11.628864+00:00,1789314611.6064787,0.022385358810424805,1.8183065776312815,0.6928672165343056,0.3059793710708618,0.6399846884778186,odom,episode_start,odom
17.11822028699953,2026-09-13T15:50:11.686953+00:00,1789314611.6729994,0.013953685760498047,1.8359239543265988,0.7082495652846534,0.30578216910362244,0.6401781950960888,odom,episode_start,odom
17.172600469999452,2026-09-13T15:50:11.741338+00:00,1789314611.736314,0.005023956298828125,1.8527959336313224,0.7225604302630286,0.30461329221725464,0.646778548295001,odom,episode_start,odom
17.22847102399919,2026-09-13T15:50:11.797178+00:00,1789314611.7829902,0.014187812805175781,1.8651503983767608,0.731857610244869,0.3037724494934082,0.65050550489378,odom,episode_start,odom
17.279534013999182,2026-09-13T15:50:11.848270+00:00,1789314611.8362684,0.012001514434814453,1.8802964033946057,0.7440459630619903,0.3024333119392395,0.6544196333092602,odom,episode_start,odom
17.336675553999157,2026-09-13T15:50:11.905411+00:00,1789314611.889579,0.015831947326660156,1.8978035311355943,0.7535596310441309,0.3024553656578064,0.6546923050720836,odom,episode_start,odom
17.39436304099945,2026-09-13T15:50:11.963100+00:00,1789314611.958607,0.004492998123168945,1.9106729904623623,0.7608246344516453,0.3036540448665619,0.6542320683926617,odom,episode_start,odom
17.454141663999508,2026-09-13T15:50:12.022877+00:00,1789314612.0130782,0.009798765182495117,1.9231596679408964,0.7704092841023311,0.3028305768966675,0.6521306495815395,odom,episode_start,odom
17.513271506999445,2026-09-13T15:50:12.081939+00:00,1789314612.0669317,0.015007257461547852,1.9350734175891748,0.7836503585569666,0.3020569980144501,0.6455781841675916,odom,episode_start,odom
17.569476487999964,2026-09-13T15:50:12.138216+00:00,1789314612.1294866,0.00872945785522461,1.950383459917604,0.7999472527058755,0.29986390471458435,0.6450199855177756,odom,episode_start,odom
17.620981054999902,2026-09-13T15:50:12.189707+00:00,1789314612.1695464,0.020160675048828125,1.9577978916601677,0.8123858318275727,0.3020837604999542,0.6438707751808286,odom,episode_start,odom
17.67852221299927,2026-09-13T15:50:12.247258+00:00,1789314612.242799,0.004458904266357422,1.9634698244098663,0.8198947933144152,0.3056390881538391,0.6427379891091937,odom,episode_start,odom
17.731518333999702,2026-09-13T15:50:12.300254+00:00,1789314612.2961977,0.004056453704833984,1.970777281073964,0.8261773570454042,0.30551281571388245,0.6380122706685805,odom,episode_start,odom
17.790011851999225,2026-09-13T15:50:12.358747+00:00,1789314612.3428943,0.015852689743041992,1.9758631148010863,0.8299093245775304,0.3050692081451416,0.6327277319926687,odom,episode_start,odom
17.84567488599987,2026-09-13T15:50:12.414386+00:00,1789314612.376194,0.038192033767700195,1.9778180141677777,0.8316042596076227,0.3054432272911072,0.6323054895928587,odom,episode_start,odom
17.905537831999936,2026-09-13T15:50:12.474268+00:00,1789314612.452999,0.021268844604492188,1.9798767017558916,0.8330460931675148,0.3064627945423126,0.6394250508718602,odom,episode_start,odom
17.96869371199955,2026-09-13T15:50:12.537427+00:00,1789314612.5161066,0.021320343017578125,1.9792894560033871,0.8340637013137878,0.3066585063934326,0.6420336386770054,odom,episode_start,odom
18.02201082799911,2026-09-13T15:50:12.590748+00:00,1789314612.5829568,0.007791280746459961,1.978900630161271,0.8341461908352983,0.30674824118614197,0.641142998512993,odom,episode_start,odom
18.080347560999144,2026-09-13T15:50:12.649087+00:00,1789314612.639785,0.009301900863647461,1.9787982681995624,0.833822249184039,0.3067925274372101,0.6407959805635672,odom,episode_start,odom
18.13246909099962,2026-09-13T15:50:12.701207+00:00,1789314612.6894073,0.01179957389831543,1.9789348095068906,0.8337304641138532,0.3068133294582367,0.6408219133533284,odom,episode_start,odom
18.18964332899941,2026-09-13T15:50:12.758380+00:00,1789314612.7463624,0.012017488479614258,1.9791823693936983,0.833946638132436,0.30682918429374695,0.6407069895520601,odom,episode_start,odom
18.245149993999803,2026-09-13T15:50:12.813886+00:00,1789314612.8032143,0.010671615600585938,1.9793237735490599,0.8343362276420423,0.30683737993240356,0.6407169665232033,odom,episode_start,odom
18.29709787399952,2026-09-13T15:50:12.865833+00:00,1789314612.8482223,0.017610788345336914,1.9794111659951437,0.8345622691722794,0.306843638420105,0.6408587627465409,odom,episode_start,odom
18.353341418999662,2026-09-13T15:50:12.922075+00:00,1789314612.8931217,0.02895331382751465,1.9795004717862485,0.8346703944302879,0.30684763193130493,0.6413358641229472,odom,episode_start,odom
18.4085232489997,2026-09-13T15:50:12.977258+00:00,1789314612.9530568,0.024201154708862305,1.9795935412526724,0.8346046130511204,0.3068501055240631,0.641460597435453,odom,episode_start,odom
18.46333367399984,2026-09-13T15:50:13.032064+00:00,1789314613.0193338,0.012730121612548828,1.9799104779888945,0.8347718839894928,0.3068578243255615,0.6411602683908517,odom,episode_start,odom
18.5182041019998,2026-09-13T15:50:13.086941+00:00,1789314613.079613,0.007328033447265625,1.9811904346894353,0.8355759443822197,0.3070131242275238,0.640212361033826,odom,episode_start,odom
18.57849578999958,2026-09-13T15:50:13.147229+00:00,1789314613.1394143,0.007814645767211914,1.9851113949169767,0.8374616923657133,0.3076014220714569,0.639479089637566,odom,episode_start,odom
18.63063033799972,2026-09-13T15:50:13.199366+00:00,1789314613.1860526,0.013313531875610352,1.9893022878230386,0.8417279939544597,0.30691835284233093,0.6401508473527737,odom,episode_start,odom
18.68236676199922,2026-09-13T15:50:13.251101+00:00,1789314613.238248,0.012852907180786133,1.9967342940106967,0.8483933859908697,0.30658116936683655,0.6404619375285321,odom,episode_start,odom
18.73460093599988,2026-09-13T15:50:13.303331+00:00,1789314613.2894783,0.013852596282958984,2.0054162317783444,0.856280379058809,0.30601945519447327,0.6382625143567495,odom,episode_start,odom
18.786711672999445,2026-09-13T15:50:13.355450+00:00,1789314613.3393757,0.016074180603027344,2.015370641357696,0.8641292515115945,0.30503544211387634,0.6358097017345916,odom,episode_start,odom
18.839353891999963,2026-09-13T15:50:13.408093+00:00,1789314613.4027739,0.005319118499755859,2.026592546650967,0.8704946876192705,0.3040146231651306,0.6357725152299117,odom,episode_start,odom
18.900396444999387,2026-09-13T15:50:13.469128+00:00,1789314613.449446,0.019681930541992188,2.0361265809608944,0.8762081794448408,0.30270910263061523,0.6347773098619811,odom,episode_start,odom
18.960177324999677,2026-09-13T15:50:13.528914+00:00,1789314613.5093572,0.019556760787963867,2.054514288743169,0.8873071812497447,0.3001379370689392,0.6354257480785508,odom,episode_start,odom
19.025168721999762,2026-09-13T15:50:13.593905+00:00,1789314613.5696075,0.024297475814819336,2.0712177601251947,0.9010639915768647,0.2997072637081146,0.634790819172806,odom,episode_start,odom
19.09426398799951,2026-09-13T15:50:13.662998+00:00,1789314613.630021,0.03297686576843262,2.093937242764025,0.9135689425563194,0.30337220430374146,0.6403498854837175,odom,episode_start,odom
19.146825397999237,2026-09-13T15:50:13.715559+00:00,1789314613.706043,0.009516000747680664,2.1128042639894526,0.9301444021978355,0.3058081269264221,0.6355515860687646,odom,episode_start,odom
19.204264488999797,2026-09-13T15:50:13.773004+00:00,1789314613.76599,0.007014036178588867,2.129933798753222,0.9468292454406521,0.30464503169059753,0.6342606961950119,odom,episode_start,odom
19.258278087999315,2026-09-13T15:50:13.827016+00:00,1789314613.8192947,0.007721424102783203,2.145867754426967,0.9626601785430905,0.30179375410079956,0.6336147277700942,odom,episode_start,odom
19.319656996999583,2026-09-13T15:50:13.888393+00:00,1789314613.8762283,0.012164592742919922,2.1602885631663664,0.9761867753394099,0.30105721950531006,0.6346833113320195,odom,episode_start,odom
19.392268164999223,2026-09-13T15:50:13.961001+00:00,1789314613.9399788,0.02102208137512207,2.1729069316037704,0.9898830799589854,0.3016499876976013,0.6314675812090322,odom,episode_start,odom
19.444007435999993,2026-09-13T15:50:14.012417+00:00,1789314613.9927478,0.019669294357299805,2.175607190192027,0.9946088450859701,0.3039730489253998,0.6300619468121896,odom,episode_start,odom
19.50280061599915,2026-09-13T15:50:14.071533+00:00,1789314614.0626674,0.008865594863891602,2.1790972027167523,0.9977774936972336,0.30443280935287476,0.630384008773389,odom,episode_start,odom
19.582863362999888,2026-09-13T15:50:14.151601+00:00,1789314614.1449454,0.006655693054199219,2.177482210251691,0.9957852172168363,0.3040825426578522,0.6360235957786902,odom,episode_start,odom
19.63458748999983,2026-09-13T15:50:14.203328+00:00,1789314614.1960192,0.0073087215423583984,2.174904510820407,0.9946969714808258,0.304502934217453,0.639092760584302,odom,episode_start,odom
19.690708220999113,2026-09-13T15:50:14.259442+00:00,1789314614.2495947,0.009847402572631836,2.1734622383525704,0.9944217895108396,0.30486103892326355,0.6423447645327878,odom,episode_start,odom
19.751895740999316,2026-09-13T15:50:14.320628+00:00,1789314614.2759142,0.044713735580444336,2.173136763327447,0.9944525327775442,0.30492493510246277,0.6437964673186432,odom,episode_start,odom
19.804709009999897,2026-09-13T15:50:14.373444+00:00,1789314614.3626475,0.010796546936035156,2.17283370435144,0.9943354903010738,0.3053978383541107,0.6456520755319533,odom,episode_start,odom
19.859689745999276,2026-09-13T15:50:14.428422+00:00,1789314614.4169977,0.01142430305480957,2.1723535313280795,0.9941334241244781,0.30543509125709534,0.6463432013304704,odom,episode_start,odom
19.91137268499915,2026-09-13T15:50:14.480107+00:00,1789314614.4659767,0.014130353927612305,2.1717947445606116,0.9938655044539326,0.3054455518722534,0.6472814468451762,odom,episode_start,odom
19.969392788999357,2026-09-13T15:50:14.538127+00:00,1789314614.5225296,0.015597343444824219,2.171108386595,0.9936327750910136,0.30543452501296997,0.6491387191438875,odom,episode_start,odom
20.041097862999777,2026-09-13T15:50:14.609828+00:00,1789314614.5825222,0.02730584144592285,2.1702999378020147,0.9935554580434992,0.30548304319381714,0.6510215137961268,odom,episode_start,odom
20.09315024999978,2026-09-13T15:50:14.661867+00:00,1789314614.646026,0.015841007232666016,2.1694798919439107,0.9932937658591809,0.30544817447662354,0.6528356972932301,odom,episode_start,odom
20.148721449999357,2026-09-13T15:50:14.717459+00:00,1789314614.6991754,0.018283605575561523,2.168860534042737,0.9928989113369714,0.30547720193862915,0.6546107041704161,odom,episode_start,odom
20.221520241999315,2026-09-13T15:50:14.790253+00:00,1789314614.7626035,0.027649402618408203,2.1688027446702716,0.9929360679331767,0.30557698011398315,0.6551136267038042,odom,episode_start,odom
20.2830501669996,2026-09-13T15:50:14.851782+00:00,1789314614.8352199,0.016562223434448242,2.1703822479312365,0.9944588549490269,0.30511948466300964,0.651206277056203,odom,episode_start,odom
20.338595251999322,2026-09-13T15:50:14.907323+00:00,1789314614.89953,0.007792949676513672,2.17385416459336,0.9998817302366194,0.3048379123210907,0.6470685039325119,odom,episode_start,odom
20.389244126999984,2026-09-13T15:50:14.957979+00:00,1789314614.952339,0.0056400299072265625,2.1773543456529136,1.002953612845858,0.30522164702415466,0.6460372528787579,odom,episode_start,odom
20.442577738999717,2026-09-13T15:50:15.011317+00:00,1789314615.006278,0.0050389766693115234,2.1854620188523186,1.0098136543978813,0.30625489354133606,0.6443766643802931,odom,episode_start,odom
20.496459754999705,2026-09-13T15:50:15.065190+00:00,1789314615.0525432,0.012646913528442383,2.1925382436154797,1.0157335158738967,0.3067266643047333,0.6444151672296992,odom,episode_start,odom
20.549049759999434,2026-09-13T15:50:15.117785+00:00,1789314615.1059506,0.011834383010864258,2.1995674609277938,1.022569326836402,0.30690497159957886,0.6436981727428335,odom,episode_start,odom
20.610596221999913,2026-09-13T15:50:15.179332+00:00,1789314615.169443,0.00988912582397461,2.210851625936507,1.0353664049261404,0.30634114146232605,0.63715260586155,odom,episode_start,odom
20.661834175999502,2026-09-13T15:50:15.230569+00:00,1789314615.219566,0.011002779006958008,2.2226340320104048,1.047225073829658,0.3062171936035156,0.6360068759450113,odom,episode_start,odom
20.71771375299977,2026-09-13T15:50:15.286451+00:00,1789314615.2659216,0.020529508590698242,2.2368034522245677,1.0578473093102634,0.3066023886203766,0.6440751521570943,odom,episode_start,odom
20.770403928999258,2026-09-13T15:50:15.339140+00:00,1789314615.3260896,0.013050317764282227,2.254190167730513,1.0707738693724411,0.30442574620246887,0.649823824156456,odom,episode_start,odom
20.826657465999233,2026-09-13T15:50:15.395395+00:00,1789314615.387261,0.008134126663208008,2.2771375156186955,1.0826519275114217,0.30662256479263306,0.6525603488557148,odom,episode_start,odom
20.88998034299948,2026-09-13T15:50:15.458716+00:00,1789314615.4391742,0.01954174041748047,2.290407917125131,1.0890105339540863,0.3070193827152252,0.6505267253680451,odom,episode_start,odom
20.941393484999935,2026-09-13T15:50:15.510132+00:00,1789314615.505875,0.0042569637298583984,2.308173613780185,1.1007274221415935,0.30574557185173035,0.6466628207396468,odom,episode_start,odom
20.995423228999243,2026-09-13T15:50:15.564157+00:00,1789314615.5325773,0.03157973289489746,2.315900229727516,1.1067651738173185,0.30445748567581177,0.6452447214051187,odom,episode_start,odom
21.05158901300001,2026-09-13T15:50:15.620320+00:00,1789314615.5991554,0.021164655685424805,2.3352298553504642,1.1255965521795839,0.30031946301460266,0.6428128119885281,odom,episode_start,odom
21.105513657999836,2026-09-13T15:50:15.674245+00:00,1789314615.6657946,0.008450508117675781,2.3498906977750975,1.14176805918911,0.30307093262672424,0.6375890342187205,odom,episode_start,odom
21.169176219999827,2026-09-13T15:50:15.737905+00:00,1789314615.7314565,0.006448507308959961,2.356314486494478,1.1501977684035336,0.30674102902412415,0.6398764418881646,odom,episode_start,odom
21.22689202699985,2026-09-13T15:50:15.795625+00:00,1789314615.7763076,0.0193173885345459,2.361015189835149,1.155440605015489,0.3070354461669922,0.63813637257136,odom,episode_start,odom
21.282044132999545,2026-09-13T15:50:15.850778+00:00,1789314615.8358767,0.014901399612426758,2.369593246140764,1.161080609849133,0.30647820234298706,0.6325544880479368,odom,episode_start,odom
21.360053589999552,2026-09-13T15:50:15.928752+00:00,1789314615.8990772,0.029674768447875977,2.3729979819677656,1.1626929097263097,0.3055143654346466,0.6377558611313399,odom,episode_start,odom
21.421445921999293,2026-09-13T15:50:15.990180+00:00,1789314615.970167,0.020013093948364258,2.374584860662919,1.1626993979949551,0.3060269057750702,0.6446297042636897,odom,episode_start,odom
21.47232274399994,2026-09-13T15:50:16.041057+00:00,1789314616.032441,0.008616209030151367,2.3732789411521775,1.1623623291502947,0.30638760328292847,0.6439164190449971,odom,episode_start,odom
21.53506446099982,2026-09-13T15:50:16.103803+00:00,1789314616.0926423,0.011160612106323242,2.372105346435396,1.1620782330788468,0.30669090151786804,0.6458423529366095,odom,episode_start,odom
21.594853891999264,2026-09-13T15:50:16.163588+00:00,1789314616.1491892,0.014398813247680664,2.371329070592178,1.1618110817820098,0.3068086802959442,0.6480533834305823,odom,episode_start,odom
21.646974333999424,2026-09-13T15:50:16.215710+00:00,1789314616.2081735,0.007536411285400391,2.3712391015549708,1.1618134608691608,0.30686524510383606,0.648585858988961,odom,episode_start,odom
21.700975138999638,2026-09-13T15:50:16.269708+00:00,1789314616.2558122,0.013895750045776367,2.3714397386624553,1.1619475685251273,0.30688998103141785,0.648155050893882,odom,episode_start,odom
21.761978044999523,2026-09-13T15:50:16.330712+00:00,1789314616.319414,0.011298179626464844,2.371688721703786,1.162117191574258,0.3069092631340027,0.6478917203266812,odom,episode_start,odom
21.817012816999522,2026-09-13T15:50:16.385748+00:00,1789314616.3788466,0.006901264190673828,2.371748258110478,1.1622895626692071,0.30691853165626526,0.6480398120671544,odom,episode_start,odom
21.87564519499938,2026-09-13T15:50:16.442555+00:00,1789314616.4258633,0.01669168472290039,2.371740192311413,1.1623759587547198,0.306923508644104,0.648100876460046,odom,episode_start,odom
21.927082234999943,2026-09-13T15:50:16.495817+00:00,1789314616.4894848,0.0063321590423583984,2.3717428590810776,1.162337909766833,0.306929349899292,0.6478755133548806,odom,episode_start,odom
21.984220594999897,2026-09-13T15:50:16.552957+00:00,1789314616.542357,0.010600090026855469,2.3717525803106327,1.162249715999038,0.3069312870502472,0.6480481514237588,odom,episode_start,odom
22.04083057799926,2026-09-13T15:50:16.609564+00:00,1789314616.5962036,0.01336050033569336,2.3717457425092183,1.1622415092080738,0.3069303631782532,0.6480939606262393,odom,episode_start,odom
22.092236543999206,2026-09-13T15:50:16.660970+00:00,1789314616.6524959,0.008474111557006836,2.372350651935557,1.1627897988298606,0.30694442987442017,0.6481853471715178,odom,episode_start,odom
22.14375426499919,2026-09-13T15:50:16.712489+00:00,1789314616.705816,0.006672859191894531,2.374360493587789,1.1632223981181553,0.3073447346687317,0.6473935593880236,odom,episode_start,odom
22.195596276999822,2026-09-13T15:50:16.764299+00:00,1789314616.7593749,0.00492405891418457,2.3782992250560566,1.1670119404869195,0.3068467378616333,0.6455553936583449,odom,episode_start,odom
22.25668239099923,2026-09-13T15:50:16.825411+00:00,1789314616.81242,0.012991189956665039,2.3840353456063745,1.1725453247119697,0.3065558969974518,0.643216519452108,odom,episode_start,odom
22.340119653999864,2026-09-13T15:50:16.908855+00:00,1789314616.872921,0.0359339714050293,2.393465134096023,1.1819238669207737,0.3056533932685852,0.6414345619677826,odom,episode_start,odom
22.39707136999914,2026-09-13T15:50:16.965808+00:00,1789314616.9524515,0.013356447219848633,2.4064436530331235,1.1944134534610447,0.30374595522880554,0.6370083336591379,odom,episode_start,odom
22.450719846999164,2026-09-13T15:50:17.019457+00:00,1789314617.0057902,0.013666868209838867,2.41457676134272,1.2007621612579664,0.3025132119655609,0.6376702175274918,odom,episode_start,odom
22.508889221999198,2026-09-13T15:50:17.077620+00:00,1789314617.0523317,0.02528834342956543,2.419892701626086,1.204295375545303,0.3017056882381439,0.6362604478983462,odom,episode_start,odom
22.560906924999472,2026-09-13T15:50:17.129642+00:00,1789314617.1190972,0.010544776916503906,2.4355982051313223,1.2155965627822518,0.30037233233451843,0.6334237414335979,odom,episode_start,odom
22.62551276999966,2026-09-13T15:50:17.194245+00:00,1789314617.1725698,0.02167534828186035,2.4519569865010804,1.2270449544649698,0.299522340297699,0.6332282366282391,odom,episode_start,odom
22.676690126999347,2026-09-13T15:50:17.245427+00:00,1789314617.2396333,0.005793571472167969,2.47220082136044,1.242403089658508,0.2994762063026428,0.6359496402360587,odom,episode_start,odom
22.728482749999785,2026-09-13T15:50:17.297219+00:00,1789314617.291781,0.005438089370727539,2.488204584801588,1.2503422700627356,0.30449074506759644,0.6379150373655809,odom,episode_start,odom
22.782182554999963,2026-09-13T15:50:17.350915+00:00,1789314617.3395836,0.011331319808959961,2.501105016908265,1.2604469942191534,0.30580469965934753,0.6363275455603123,odom,episode_start,odom
22.834812035999676,2026-09-13T15:50:17.403547+00:00,1789314617.39248,0.01106715202331543,2.513095646418447,1.2715992591388199,0.30617985129356384,0.638301387991633,odom,episode_start,odom
22.898641604999284,2026-09-13T15:50:17.467381+00:00,1789314617.452263,0.015117883682250977,2.5306210068889743,1.2873434922348697,0.3043372631072998,0.636490407818334,odom,episode_start,odom
22.953743160999693,2026-09-13T15:50:17.522470+00:00,1789314617.5090687,0.013401269912719727,2.545477889686309,1.3011299371197982,0.3019333481788635,0.637842114801785,odom,episode_start,odom
23.005932754999776,2026-09-13T15:50:17.574668+00:00,1789314617.562329,0.012338876724243164,2.5576036645150353,1.3140413662324466,0.30203643441200256,0.6355477503671914,odom,episode_start,odom
23.059859527999834,2026-09-13T15:50:17.628595+00:00,1789314617.6223001,0.006294965744018555,2.5682663603934923,1.3259159081944676,0.3040006458759308,0.6298999243960464,odom,episode_start,odom
23.119966966999527,2026-09-13T15:50:17.688700+00:00,1789314617.6696084,0.01909160614013672,2.56971841430943,1.3284219158229902,0.30517417192459106,0.6300302394701989,odom,episode_start,odom
23.173153340999306,2026-09-13T15:50:17.741890+00:00,1789314617.7364352,0.0054547786712646484,2.5729138377775485,1.3303996285426134,0.3054608106613159,0.6338321386859844,odom,episode_start,odom
23.225214536999374,2026-09-13T15:50:17.793943+00:00,1789314617.7856922,0.008250713348388672,2.5719023343013974,1.3295335312879868,0.3051859438419342,0.638093646831075,odom,episode_start,odom
23.284119638999982,2026-09-13T15:50:17.852859+00:00,1789314617.8426805,0.010178565979003906,2.568875003511445,1.3282194789095192,0.3049669563770294,0.6412942554124881,odom,episode_start,odom
23.335325830999864,2026-09-13T15:50:17.904064+00:00,1789314617.8990457,0.0050182342529296875,2.566770939975145,1.3276347739894572,0.30564966797828674,0.6456999866832184,odom,episode_start,odom
23.39408266099963,2026-09-13T15:50:17.962822+00:00,1789314617.9526901,0.0101318359375,2.5662056286783868,1.3276834323807019,0.30586957931518555,0.6486760840441042,odom,episode_start,odom
23.44923292399926,2026-09-13T15:50:18.017970+00:00,1789314618.012241,0.005729198455810547,2.5660722036147057,1.3276548494354423,0.3056868016719818,0.6493441227069812,odom,episode_start,odom
23.50108992999958,2026-09-13T15:50:18.069772+00:00,1789314618.0537162,0.016055822372436523,2.5658871077152385,1.327492920016883,0.3055949807167053,0.649380316956248,odom,episode_start,odom
23.55708997399961,2026-09-13T15:50:18.125826+00:00,1789314618.102207,0.02361893653869629,2.565586540326673,1.3272428737433297,0.3055117726325989,0.6495438370412956,odom,episode_start,odom
23.616676932999326,2026-09-13T15:50:18.185403+00:00,1789314618.1698968,0.015506267547607422,2.565180630344242,1.3269972905439742,0.3055497407913208,0.6503430074124754,odom,episode_start,odom
23.67787516899989,2026-09-13T15:50:18.246440+00:00,1789314618.2293508,0.017089128494262695,2.5648909095158583,1.3269523244262653,0.3061789572238922,0.6517666805986913,odom,episode_start,odom
23.72965680699963,2026-09-13T15:50:18.298391+00:00,1789314618.2821164,0.016274690628051758,2.5646177701587964,1.326938866724717,0.3063754737377167,0.6525713112103981,odom,episode_start,odom
23.788185123999938,2026-09-13T15:50:18.356919+00:00,1789314618.338132,0.018787145614624023,2.5643203894713182,1.32684092616305,0.30644288659095764,0.6535793926598952,odom,episode_start,odom
23.844000763999247,2026-09-13T15:50:18.412733+00:00,1789314618.4054928,0.00724029541015625,2.5637603354144254,1.3265426805422211,0.3064751923084259,0.6553153556351197,odom,episode_start,odom
23.903624781999497,2026-09-13T15:50:18.472361+00:00,1789314618.4660566,0.006304502487182617,2.5637139689193047,1.326812568422225,0.3064610958099365,0.6557844052064483,odom,episode_start,odom
23.95685095999943,2026-09-13T15:50:18.525589+00:00,1789314618.492163,0.03342604637145996,2.564566378439197,1.3274311219202435,0.3062591552734375,0.654948841186433,odom,episode_start,odom
24.022543119999682,2026-09-13T15:50:18.591282+00:00,1789314618.5522146,0.03906726837158203,2.567313921936388,1.3320777298082414,0.30621838569641113,0.6527159881403065,odom,episode_start,odom
24.0805415549994,2026-09-13T15:50:18.649277+00:00,1789314618.6321807,0.017096281051635742,2.573769663781528,1.3386193625785054,0.3075091242790222,0.6486602257328244,odom,episode_start,odom
24.132089791999533,2026-09-13T15:50:18.700824+00:00,1789314618.6955645,0.005259513854980469,2.5814828941888788,1.345221900592564,0.30855458974838257,0.6451495837613472,odom,episode_start,odom
24.189418843999192,2026-09-13T15:50:18.758154+00:00,1789314618.7457407,0.012413263320922852,2.5879935574518775,1.3512017917747148,0.308745801448822,0.6448692628185801,odom,episode_start,odom
24.246057932999975,2026-09-13T15:50:18.814792+00:00,1789314618.805492,0.009299993515014648,2.596126339128586,1.3597373832915622,0.30889663100242615,0.6406329491092586,odom,episode_start,odom
24.31342889699954,2026-09-13T15:50:18.882160+00:00,1789314618.85552,0.026639938354492188,2.605998348886713,1.3712225401028437,0.30782458186149597,0.6329323516980674,odom,episode_start,odom
24.369488243999513,2026-09-13T15:50:18.938224+00:00,1789314618.922495,0.015729188919067383,2.624073693506595,1.3855986336420514,0.3083995282649994,0.6405247829637806,odom,episode_start,odom
24.42283789099929,2026-09-13T15:50:18.991566+00:00,1789314618.9754522,0.016113758087158203,2.640353960281819,1.3978512290569487,0.3061450719833374,0.6447798650329148,odom,episode_start,odom
24.47855818699918,2026-09-13T15:50:19.047288+00:00,1789314619.0358396,0.011448383331298828,2.657318208051072,1.4085597677726915,0.3042110800743103,0.6489291989857742,odom,episode_start,odom
24.545299088999855,2026-09-13T15:50:19.114038+00:00,1789314619.0962017,0.017836332321166992,2.679943970938351,1.4212100147170572,0.3038337528705597,0.6490327347525289,odom,episode_start,odom
24.596578937999766,2026-09-13T15:50:19.165321+00:00,1789314619.1487923,0.016528844833374023,2.6933375308221397,1.428046654604377,0.3047828674316406,0.6474910907237534,odom,episode_start,odom
24.668761961999735,2026-09-13T15:50:19.237496+00:00,1789314619.222121,0.015374898910522461,2.7076938990976123,1.4402288786586142,0.3033258616924286,0.6448271678116279,odom,episode_start,odom
24.722048489999906,2026-09-13T15:50:19.290664+00:00,1789314619.2858677,0.004796266555786133,2.7266501002137913,1.4582347518867382,0.3000817596912384,0.6430142455599013,odom,episode_start,odom
24.779248526999254,2026-09-13T15:50:19.347982+00:00,1789314619.335408,0.012573957443237305,2.7355932540987915,1.4713190156073475,0.29873183369636536,0.6429494836321519,odom,episode_start,odom
24.838352671999928,2026-09-13T15:50:19.407056+00:00,1789314619.3887424,0.01831364631652832,2.7439279141919135,1.482248262362416,0.30336448550224304,0.6416649368482972,odom,episode_start,odom
24.906212478999805,2026-09-13T15:50:19.474948+00:00,1789314619.4587793,0.016168594360351562,2.7500149592978467,1.4905323570725821,0.3051251769065857,0.6411372037502712,odom,episode_start,odom
24.96948545699979,2026-09-13T15:50:19.538219+00:00,1789314619.5254192,0.012799739837646484,2.759534511274901,1.4972021035941205,0.3050558567047119,0.6342981608740423,odom,episode_start,odom
25.029975799999193,2026-09-13T15:50:19.598710+00:00,1789314619.585382,0.013328075408935547,2.7640266745011344,1.500020704886822,0.3042238652706146,0.6388727138664265,odom,episode_start,odom
25.085910676999447,2026-09-13T15:50:19.654648+00:00,1789314619.6460745,0.008573532104492188,2.767214538810978,1.5001881614512715,0.3054431080818176,0.647049334549112,odom,episode_start,odom
25.137897672999316,2026-09-13T15:50:19.706634+00:00,1789314619.6829336,0.023700475692749023,2.7672611645292045,1.500377909150246,0.30565014481544495,0.6491473127692635,odom,episode_start,odom
25.190793374999885,2026-09-13T15:50:19.759529+00:00,1789314619.7467573,0.012771844863891602,2.7663835291376815,1.4998075405764049,0.30597788095474243,0.6491370939872425,odom,episode_start,odom
25.247391683999922,2026-09-13T15:50:19.816121+00:00,1789314619.802142,0.013979196548461914,2.765286481395524,1.4993382428819046,0.30611297488212585,0.6512845522195434,odom,episode_start,odom
25.298444883999764,2026-09-13T15:50:19.867179+00:00,1789314619.8622394,0.004939556121826172,2.764795564520296,1.4990779067858917,0.30618372559547424,0.6527817881309927,odom,episode_start,odom
25.36123192099967,2026-09-13T15:50:19.929948+00:00,1789314619.912322,0.017626047134399414,2.7649207777636877,1.4991633424091566,0.30620789527893066,0.6527119324627133,odom,episode_start,odom
25.418210974999965,2026-09-13T15:50:19.986942+00:00,1789314619.9720998,0.01484227180480957,2.765237490528155,1.4993755452704607,0.3062191307544708,0.6521605347572341,odom,episode_start,odom
25.470534481999493,2026-09-13T15:50:20.039259+00:00,1789314620.0195284,0.019730567932128906,2.7653748144742183,1.499557263269405,0.30622348189353943,0.6523961803083365,odom,episode_start,odom
25.521958626000014,2026-09-13T15:50:20.090692+00:00,1789314620.0788724,0.011819601058959961,2.7652635959372565,1.4996102222076984,0.30621984601020813,0.652881917465691,odom,episode_start,odom
25.57494818699979,2026-09-13T15:50:20.143683+00:00,1789314620.1187673,0.024915695190429688,2.7651608716323217,1.499542205461185,0.3062131106853485,0.6529914217354276,odom,episode_start,odom
25.632618697999533,2026-09-13T15:50:20.201339+00:00,1789314620.1594734,0.04186558723449707,2.7651666520558202,1.4995111709537032,0.3062109649181366,0.6529355245681527,odom,episode_start,odom
25.68921437299923,2026-09-13T15:50:20.257945+00:00,1789314620.2453573,0.012587785720825195,2.7652723469617406,1.499448552373737,0.3062134087085724,0.6526142729247985,odom,episode_start,odom
25.750230394999562,2026-09-13T15:50:20.318964+00:00,1789314620.2874572,0.03150677680969238,2.7652676154641274,1.4995154636941885,0.3062135577201843,0.6527394827937829,odom,episode_start,odom
25.817122151999683,2026-09-13T15:50:20.385830+00:00,1789314620.3653312,0.02049875259399414,2.765249036091525,1.4996403004366323,0.30622154474258423,0.6525413297940955,odom,episode_start,odom
25.867985499999122,2026-09-13T15:50:20.436722+00:00,1789314620.4320273,0.004694700241088867,2.7687042773836326,1.5016029980154795,0.3063538074493408,0.650082380485971,odom,episode_start,odom
25.932861072999913,2026-09-13T15:50:20.501595+00:00,1789314620.4918666,0.009728431701660156,2.7728230681797674,1.5061422180876822,0.30599939823150635,0.6480639512862247,odom,episode_start,odom
25.993395410999256,2026-09-13T15:50:20.562136+00:00,1789314620.5533285,0.00880742073059082,2.7787129975431175,1.5123144273218407,0.30542388558387756,0.6477901393915506,odom,episode_start,odom
26.044442330999118,2026-09-13T15:50:20.613175+00:00,1789314620.5920753,0.021099567413330078,2.78468802087818,1.517939172111208,0.3049222230911255,0.6469051088484552,odom,episode_start,odom
26.103672464999363,2026-09-13T15:50:20.672412+00:00,1789314620.6619794,0.01043248176574707,2.7955861936795317,1.528897794548726,0.30398666858673096,0.6422809952719872,odom,episode_start,odom
26.16146996599946,2026-09-13T15:50:20.730203+00:00,1789314620.7188923,0.011310577392578125,2.805190841111462,1.5356410866842793,0.30316245555877686,0.640987935126994,odom,episode_start,odom
26.215802101999543,2026-09-13T15:50:20.784536+00:00,1789314620.7787902,0.005745649337768555,2.8144782178623817,1.540880745843986,0.30248594284057617,0.6419978121728733,odom,episode_start,odom
26.27200493499913,2026-09-13T15:50:20.840740+00:00,1789314620.8286927,0.012047290802001953,2.828219027584474,1.549030527891026,0.30143460631370544,0.6409320656300912,odom,episode_start,odom
26.326586538999436,2026-09-13T15:50:20.895323+00:00,1789314620.8820205,0.01330256462097168,2.8460536215028513,1.5597566701875554,0.29965001344680786,0.640283060692064,odom,episode_start,odom
26.39072372800001,2026-09-13T15:50:20.959456+00:00,1789314620.9457073,0.013748645782470703,2.864479652844884,1.5753192967652074,0.2996351420879364,0.6391590435041505,odom,episode_start,odom
26.454904822999197,2026-09-13T15:50:21.023638+00:00,1789314621.0054862,0.01815176010131836,2.884346674562062,1.583563200026108,0.3037237524986267,0.6440837341226584,odom,episode_start,odom
26.505487076999998,2026-09-13T15:50:21.074223+00:00,1789314621.059827,0.014395952224731445,2.895058224408488,1.5909693795917081,0.30469244718551636,0.646868994631165,odom,episode_start,odom
26.55983703199945,2026-09-13T15:50:21.128571+00:00,1789314621.1190217,0.009549379348754883,2.90977011109676,1.6041984583161342,0.30441510677337646,0.6469293606086912,odom,episode_start,odom
26.613630157999978,2026-09-13T15:50:21.182338+00:00,1789314621.1585517,0.023786306381225586,2.918994932964132,1.6130645333534592,0.3035646378993988,0.6458562581910405,odom,episode_start,odom
26.667777434999152,2026-09-13T15:50:21.236508+00:00,1789314621.2055779,0.030930042266845703,2.926287785831353,1.619575733753936,0.30303889513015747,0.6473182787292258,odom,episode_start,odom
26.728700925999874,2026-09-13T15:50:21.297436+00:00,1789314621.2819684,0.015467643737792969,2.932373098246452,1.6296030184571042,0.30395010113716125,0.6458207914094987,odom,episode_start,odom
26.781591139999364,2026-09-13T15:50:21.350323+00:00,1789314621.341985,0.008337974548339844,2.932509590795209,1.6320094417200544,0.3045012056827545,0.6454625026742784,odom,episode_start,odom
26.83349119899958,2026-09-13T15:50:21.402226+00:00,1789314621.3953888,0.006837129592895508,2.9316742063259573,1.6313484497644846,0.3047153353691101,0.6468523896371309,odom,episode_start,odom
26.887921321999784,2026-09-13T15:50:21.456661+00:00,1789314621.4490545,0.00760650634765625,2.9305008007554516,1.6299206651241671,0.3056929409503937,0.648821771965103,odom,episode_start,odom
26.952038755999638,2026-09-13T15:50:21.520768+00:00,1789314621.4986742,0.022093772888183594,2.9308819889071334,1.6283789561666855,0.30603665113449097,0.6531721762699425,odom,episode_start,odom
27.02495133999946,2026-09-13T15:50:21.593683+00:00,1789314621.565236,0.02844691276550293,2.9287392144917708,1.6289275185768846,0.3063647747039795,0.6660260496409152,odom,episode_start,odom
27.08533528499993,2026-09-13T15:50:21.654070+00:00,1789314621.6361675,0.017902374267578125,2.9251793262133616,1.6312410807354274,0.3061460554599762,0.6764648398482747,odom,episode_start,odom
27.13739209799951,2026-09-13T15:50:21.706119+00:00,1789314621.6855834,0.020535707473754883,2.923680756165603,1.6324056220658965,0.3049972355365753,0.679234451268709,odom,episode_start,odom
27.19211159599945,2026-09-13T15:50:21.760847+00:00,1789314621.7455156,0.015331506729125977,2.9226360515583862,1.6325609119500588,0.3048551678657532,0.6826160391593394,odom,episode_start,odom
27.252183538999816,2026-09-13T15:50:21.820920+00:00,1789314621.8052568,0.01566314697265625,2.922365185936635,1.6318149174180108,0.30478835105895996,0.686720349400183,odom,episode_start,odom
27.30842009599928,2026-09-13T15:50:21.877151+00:00,1789314621.8619924,0.015158653259277344,2.9224681350475947,1.6313267823566602,0.3044958710670471,0.69003443437196,odom,episode_start,odom
27.37244763199942,2026-09-13T15:50:21.941182+00:00,1789314621.9152198,0.025962114334106445,2.9223643923933267,1.631377975452537,0.30412471294403076,0.6929326203346674,odom,episode_start,odom
27.424900294999134,2026-09-13T15:50:21.993633+00:00,1789314621.9786963,0.014936685562133789,2.922120972032266,1.631643806704187,0.3042019009590149,0.6956481291327241,odom,episode_start,odom
