t_s,utc,distance_m,bearing_rad
0.06831525700181373,2026-09-13T12:37:08.062609+00:00,3.415231227874756,0.5126233100891113
0.16148200200041174,2026-09-13T12:37:08.155780+00:00,3.4151430130004883,0.5122629404067993
0.21087633000024653,2026-09-13T12:37:08.205179+00:00,3.415130615234375,0.5123231410980225
0.2565077730014309,2026-09-13T12:37:08.250808+00:00,3.4152002334594727,0.5124696493148804
0.34885878400018555,2026-09-13T12:37:08.343153+00:00,3.415158271789551,0.5123650431632996
0.4158639260003838,2026-09-13T12:37:08.410109+00:00,3.415111541748047,0.5123347043991089
0.497016330000406,2026-09-13T12:37:08.491309+00:00,3.4151129722595215,0.5125096440315247
0.5270271260014852,2026-09-13T12:37:08.521326+00:00,3.4150938987731934,0.5126054286956787
0.6203268350000144,2026-09-13T12:37:08.614621+00:00,3.4150757789611816,0.5124850869178772
0.6893748790007521,2026-09-13T12:37:08.683673+00:00,3.415120840072632,0.5124897956848145
0.7676892860017688,2026-09-13T12:37:08.761985+00:00,3.415097236633301,0.5126380324363708
0.8225904840001022,2026-09-13T12:37:08.816884+00:00,3.415045976638794,0.5125383138656616
0.9059780210009194,2026-09-13T12:37:08.900274+00:00,3.4150893688201904,0.5124871730804443
0.9839972520003357,2026-09-13T12:37:08.978291+00:00,3.415130376815796,0.5126546621322632
1.0596049950017914,2026-09-13T12:37:09.053915+00:00,3.4150919914245605,0.5126038193702698
1.1031682870016084,2026-09-13T12:37:09.097468+00:00,3.4150781631469727,0.5125124454498291
1.1727033870010928,2026-09-13T12:37:09.167001+00:00,3.4151339530944824,0.5127443671226501
1.255405083000369,2026-09-13T12:37:09.249703+00:00,3.41513991355896,0.5127392411231995
1.3328146990006644,2026-09-13T12:37:09.327116+00:00,3.4151270389556885,0.51259446144104
1.3950731540007837,2026-09-13T12:37:09.389376+00:00,3.4151623249053955,0.5127297043800354
1.4645893090000754,2026-09-13T12:37:09.458830+00:00,3.415205717086792,0.5127444267272949
1.5330916120001348,2026-09-13T12:37:09.527387+00:00,3.415182113647461,0.5127202868461609
1.5793084160013677,2026-09-13T12:37:09.573472+00:00,3.4152252674102783,0.512836217880249
1.6519186070017895,2026-09-13T12:37:09.646213+00:00,3.4152281284332275,0.5132656693458557
1.7236876870010747,2026-09-13T12:37:09.717982+00:00,3.415159225463867,0.5130666494369507
1.786073312001463,2026-09-13T12:37:09.780363+00:00,3.4151535034179688,0.512926459312439
1.8547096040001634,2026-09-13T12:37:09.849002+00:00,3.415163516998291,0.5132322311401367
1.918535012000575,2026-09-13T12:37:09.912828+00:00,3.4151949882507324,0.5131893157958984
1.997478047000186,2026-09-13T12:37:09.991782+00:00,3.4151735305786133,0.5131124258041382
2.0713836340000853,2026-09-13T12:37:10.065670+00:00,3.4152488708496094,0.5134232640266418
2.162419606000185,2026-09-13T12:37:10.156713+00:00,3.4152462482452393,0.5132866501808167
2.2270807190016058,2026-09-13T12:37:10.221370+00:00,3.4152541160583496,0.5131277441978455
2.3216483070009417,2026-09-13T12:37:10.315945+00:00,3.415323257446289,0.5133949518203735
2.3828886870014685,2026-09-13T12:37:10.377181+00:00,3.4153237342834473,0.5135680437088013
2.4272690580000926,2026-09-13T12:37:10.421563+00:00,3.4153175354003906,0.5132468938827515
2.53416875700168,2026-09-13T12:37:10.528464+00:00,3.4152586460113525,0.5132318139076233
2.5933449850017496,2026-09-13T12:37:10.587635+00:00,3.4153215885162354,0.5136293172836304
2.6360993920006877,2026-09-13T12:37:10.630392+00:00,3.415266752243042,0.513577938079834
2.694656596000641,2026-09-13T12:37:10.688951+00:00,3.415225028991699,0.513435423374176
2.753046179001103,2026-09-13T12:37:10.747338+00:00,3.4152557849884033,0.5137560963630676
2.8422370450007293,2026-09-13T12:37:10.836533+00:00,3.415217399597168,0.5137094259262085
2.9329366560014023,2026-09-13T12:37:10.927244+00:00,3.4152088165283203,0.5136116147041321
3.0080091870004253,2026-09-13T12:37:10.999575+00:00,3.4152426719665527,0.5136931538581848
3.041643220001788,2026-09-13T12:37:11.035941+00:00,3.4152584075927734,0.5138704180717468
3.1279822350006725,2026-09-13T12:37:11.122279+00:00,3.415239095687866,0.5135999321937561
3.196117844001492,2026-09-13T12:37:11.190420+00:00,3.4152472019195557,0.5136932730674744
3.2681769510018057,2026-09-13T12:37:11.262475+00:00,3.4152731895446777,0.5138793587684631
3.344872984000176,2026-09-13T12:37:11.339094+00:00,3.4152450561523438,0.5137585997581482
3.420154387000366,2026-09-13T12:37:11.414448+00:00,3.4152579307556152,0.5136053562164307
3.4804649200013955,2026-09-13T12:37:11.474774+00:00,3.4152815341949463,0.5139368176460266
3.527469139000459,2026-09-13T12:37:11.521754+00:00,3.415217161178589,0.5137965679168701
3.604563839000548,2026-09-13T12:37:11.598862+00:00,3.4152426719665527,0.5137529969215393
3.6974869370005763,2026-09-13T12:37:11.691783+00:00,3.4153025150299072,0.5139041543006897
3.7432244020001235,2026-09-13T12:37:11.737513+00:00,3.415297269821167,0.5138888955116272
3.8232363650004118,2026-09-13T12:37:11.817535+00:00,3.416499376296997,0.5084596872329712
3.9126989530013816,2026-09-13T12:37:11.907004+00:00,3.4151480197906494,0.471050500869751
3.94846936400063,2026-09-13T12:37:11.942763+00:00,3.4155733585357666,0.44101548194885254
4.0388733860017965,2026-09-13T12:37:12.033177+00:00,3.416334629058838,0.41474753618240356
4.098559007001313,2026-09-13T12:37:12.092857+00:00,3.4172184467315674,0.37904801964759827
4.156753612000102,2026-09-13T12:37:12.151058+00:00,3.417255163192749,0.3453007936477661
4.235621418001756,2026-09-13T12:37:12.229915+00:00,3.4177072048187256,0.30828654766082764
4.298172685001191,2026-09-13T12:37:12.292471+00:00,3.4176080226898193,0.2773316502571106
4.379986267000277,2026-09-13T12:37:12.374229+00:00,3.4161200523376465,0.24169331789016724
4.445973179001157,2026-09-13T12:37:12.440248+00:00,3.414235830307007,0.20692704617977142
4.517147656000816,2026-09-13T12:37:12.511458+00:00,3.41208815574646,0.17282921075820923
4.586636296000506,2026-09-13T12:37:12.580942+00:00,3.4108078479766846,0.13984206318855286
4.660974859001726,2026-09-13T12:37:12.655275+00:00,3.4098563194274902,0.1077691838145256
4.7416426180006965,2026-09-13T12:37:12.735941+00:00,3.4087769985198975,0.07440365105867386
4.809645905001162,2026-09-13T12:37:12.803946+00:00,3.4075212478637695,0.034189727157354355
4.893154829000196,2026-09-13T12:37:12.887452+00:00,3.4065165519714355,-0.002971388166770339
4.98030487700089,2026-09-13T12:37:12.974602+00:00,3.4079272747039795,-0.017532192170619965
5.053730168001493,2026-09-13T12:37:13.048035+00:00,3.4126343727111816,-0.0027673644945025444
5.117403835000005,2026-09-13T12:37:13.111699+00:00,3.410419464111328,-0.015519563108682632
5.164771555000698,2026-09-13T12:37:13.159068+00:00,3.4099318981170654,-0.0275480505079031
5.2382586730000185,2026-09-13T12:37:13.232551+00:00,3.409520149230957,-0.028576327487826347
5.29382482300025,2026-09-13T12:37:13.288125+00:00,3.4110300540924072,-0.029156101867556572
5.360146050001276,2026-09-13T12:37:13.354396+00:00,3.412339210510254,-0.03300907090306282
5.43240814300043,2026-09-13T12:37:13.426706+00:00,3.413255453109741,-0.03437325730919838
5.510844035001355,2026-09-13T12:37:13.505142+00:00,3.414098024368286,-0.033745232969522476
5.569140084000537,2026-09-13T12:37:13.563429+00:00,3.4147610664367676,-0.03349117189645767
5.632538352001575,2026-09-13T12:37:13.626759+00:00,3.4153008460998535,-0.034039512276649475
5.7029624420010805,2026-09-13T12:37:13.697250+00:00,3.415632486343384,-0.03424212336540222
5.76839257300162,2026-09-13T12:37:13.762688+00:00,3.4160289764404297,-0.034257080405950546
5.841134327001782,2026-09-13T12:37:13.835430+00:00,3.4162240028381348,-0.034647416323423386
5.9161664150014985,2026-09-13T12:37:13.910462+00:00,3.416236639022827,-0.034642331302165985
5.983295088000887,2026-09-13T12:37:13.977595+00:00,3.4163434505462646,-0.034761395305395126
6.0539709300010145,2026-09-13T12:37:14.048248+00:00,3.416569948196411,-0.03483230993151665
6.13270577700132,2026-09-13T12:37:14.127001+00:00,3.416914701461792,-0.034803830087184906
6.193081052000707,2026-09-13T12:37:14.187377+00:00,3.417130947113037,-0.0350138284265995
6.27713169100025,2026-09-13T12:37:14.271428+00:00,3.417222738265991,-0.034978944808244705
6.337845471000037,2026-09-13T12:37:14.332145+00:00,3.4172115325927734,-0.03491216525435448
6.412917082001513,2026-09-13T12:37:14.407184+00:00,3.4172089099884033,-0.03501858934760094
6.4871538860006694,2026-09-13T12:37:14.481453+00:00,3.4172589778900146,-0.035004742443561554
6.549316697000904,2026-09-13T12:37:14.543607+00:00,3.4173500537872314,-0.034809499979019165
6.659347019000052,2026-09-13T12:37:14.653644+00:00,3.417419195175171,-0.03482567146420479
6.701253792001808,2026-09-13T12:37:14.695553+00:00,3.4174036979675293,-0.03490137681365013
6.809532898001635,2026-09-13T12:37:14.803835+00:00,3.4174017906188965,-0.034634463489055634
6.8669256280008995,2026-09-13T12:37:14.861223+00:00,3.4174001216888428,-0.034611113369464874
6.944013869000628,2026-09-13T12:37:14.938306+00:00,3.4174118041992188,-0.03478303179144859
6.968374596001013,2026-09-13T12:37:14.962671+00:00,3.417465925216675,-0.03468334674835205
7.045269330001247,2026-09-13T12:37:15.039561+00:00,3.417464017868042,-0.03460191935300827
7.104122197000834,2026-09-13T12:37:15.098412+00:00,3.4175119400024414,-0.03485192358493805
7.204424161000134,2026-09-13T12:37:15.198716+00:00,3.417672634124756,-0.03466444090008736
7.262363435000225,2026-09-13T12:37:15.256662+00:00,3.4176859855651855,-0.034760329872369766
7.343150019001769,2026-09-13T12:37:15.337447+00:00,3.417687177658081,-0.03472192585468292
7.405438051000601,2026-09-13T12:37:15.399677+00:00,3.4176340103149414,-0.03489832207560539
7.465483911000774,2026-09-13T12:37:15.459782+00:00,3.4176595211029053,-0.034619469195604324
7.533077752001191,2026-09-13T12:37:15.527380+00:00,3.417621374130249,-0.03458970785140991
7.5941672880016995,2026-09-13T12:37:15.588467+00:00,3.4175937175750732,-0.03483013063669205
7.679190947001189,2026-09-13T12:37:15.673488+00:00,3.4176015853881836,-0.034534577280282974
7.737201487001585,2026-09-13T12:37:15.731508+00:00,3.419743776321411,-0.04296080023050308
7.861524554000425,2026-09-13T12:37:15.855832+00:00,3.4192612171173096,-0.09319429099559784
7.952287954001804,2026-09-13T12:37:15.946585+00:00,3.420377016067505,-0.12864843010902405
7.997852363001584,2026-09-13T12:37:15.992152+00:00,3.4214251041412354,-0.1745757907629013
8.052798628001256,2026-09-13T12:37:16.046981+00:00,3.42246413230896,-0.21281397342681885
8.152425120000771,2026-09-13T12:37:16.146721+00:00,3.422048330307007,-0.2486671507358551
8.195684636000806,2026-09-13T12:37:16.189980+00:00,3.4204304218292236,-0.28572386503219604
8.263541941001677,2026-09-13T12:37:16.257853+00:00,3.418733596801758,-0.32804128527641296
8.307353952000994,2026-09-13T12:37:16.301669+00:00,3.4173271656036377,-0.36624133586883545
8.371025192000161,2026-09-13T12:37:16.365337+00:00,3.416321277618408,-0.4095822274684906
8.434358246000556,2026-09-13T12:37:16.428655+00:00,3.4153480529785156,-0.445938378572464
8.507828889001757,2026-09-13T12:37:16.502126+00:00,3.4139597415924072,-0.4882107079029083
8.577428546001101,2026-09-13T12:37:16.571725+00:00,3.4130423069000244,-0.522719144821167
8.677912086001015,2026-09-13T12:37:16.672186+00:00,3.4129559993743896,-0.5690369606018066
8.726569668000593,2026-09-13T12:37:16.720865+00:00,3.4127018451690674,-0.5816760063171387
8.81052507700042,2026-09-13T12:37:16.804827+00:00,3.414306640625,-0.5908150672912598
8.889544223000485,2026-09-13T12:37:16.883830+00:00,3.415241003036499,-0.5869858264923096
8.935275358000581,2026-09-13T12:37:16.929576+00:00,3.4159817695617676,-0.5834301710128784
9.005578458001764,2026-09-13T12:37:16.999878+00:00,3.4165756702423096,-0.582627534866333
9.074113448001299,2026-09-13T12:37:17.068403+00:00,3.417032480239868,-0.5803979635238647
9.139303195001048,2026-09-13T12:37:17.133615+00:00,3.4173340797424316,-0.5796204805374146
9.242558972000552,2026-09-13T12:37:17.236855+00:00,3.417592763900757,-0.5787085294723511
9.299229255000682,2026-09-13T12:37:17.293528+00:00,3.417692184448242,-0.5779286026954651
9.394747125001231,2026-09-13T12:37:17.389048+00:00,3.4176464080810547,-0.578010082244873
9.456455785000799,2026-09-13T12:37:17.450752+00:00,3.4176275730133057,-0.5780811905860901
9.507563259001472,2026-09-13T12:37:17.501864+00:00,3.417703866958618,-0.5778475999832153
9.574051697001778,2026-09-13T12:37:17.568343+00:00,3.4177823066711426,-0.5781157612800598
9.668263932000627,2026-09-13T12:37:17.662559+00:00,3.4179632663726807,-0.5784313082695007
9.71008897700085,2026-09-13T12:37:17.704387+00:00,3.418602466583252,-0.5515469312667847
9.771442011000545,2026-09-13T12:37:17.765741+00:00,3.4190316200256348,-0.5107114911079407
9.85156026200093,2026-09-13T12:37:17.845864+00:00,3.4184939861297607,-0.4781317710876465
9.949842943000476,2026-09-13T12:37:17.944153+00:00,3.4183380603790283,-0.441733717918396
9.998354891000417,2026-09-13T12:37:17.992664+00:00,3.419095039367676,-0.41061723232269287
10.055971568001041,2026-09-13T12:37:18.050265+00:00,3.421438217163086,-0.36962801218032837
10.120558516000528,2026-09-13T12:37:18.114853+00:00,3.4235305786132812,-0.33589935302734375
10.19092203800028,2026-09-13T12:37:18.185218+00:00,3.4259510040283203,-0.3017215430736542
10.26603154500117,2026-09-13T12:37:18.260335+00:00,3.427412509918213,-0.2662539482116699
10.338235181001437,2026-09-13T12:37:18.332534+00:00,3.4286115169525146,-0.2362683117389679
10.392088172000513,2026-09-13T12:37:18.386377+00:00,3.4296329021453857,-0.20099398493766785
10.466848806001508,2026-09-13T12:37:18.461144+00:00,3.430562973022461,-0.16580982506275177
10.549385108000934,2026-09-13T12:37:18.543681+00:00,3.4313578605651855,-0.1320708841085434
10.605861786001697,2026-09-13T12:37:18.600158+00:00,3.4318947792053223,-0.09911420941352844
10.68488256800083,2026-09-13T12:37:18.679105+00:00,3.431941032409668,-0.06153348460793495
10.7501980800007,2026-09-13T12:37:18.744491+00:00,3.431209087371826,-0.0192301906645298
10.809352176000175,2026-09-13T12:37:18.803649+00:00,3.4305031299591064,0.01856956258416176
10.89488689600148,2026-09-13T12:37:18.889183+00:00,3.4296860694885254,0.06064635142683983
10.962286528001641,2026-09-13T12:37:18.956582+00:00,3.428964138031006,0.09997641295194626
11.040412311000182,2026-09-13T12:37:19.034714+00:00,3.4282166957855225,0.140249565243721
11.10851938900123,2026-09-13T12:37:19.102818+00:00,3.427919864654541,0.19076547026634216
11.167352485001175,2026-09-13T12:37:19.161651+00:00,3.4292585849761963,0.24267266690731049
11.247555029000068,2026-09-13T12:37:19.241859+00:00,3.428412914276123,0.2925175428390503
11.323621173001811,2026-09-13T12:37:19.317925+00:00,3.4270503520965576,0.33940938115119934
11.373254561000067,2026-09-13T12:37:19.367550+00:00,3.425333023071289,0.38285282254219055
11.437717827000597,2026-09-13T12:37:19.432019+00:00,3.4235427379608154,0.423177033662796
11.523138114000176,2026-09-13T12:37:19.517436+00:00,3.420309543609619,0.4652949571609497
11.582268275000388,2026-09-13T12:37:19.576566+00:00,3.416691303253174,0.4971625804901123
11.706025354000303,2026-09-13T12:37:19.700322+00:00,3.4144601821899414,0.48800817131996155
11.760507099001188,2026-09-13T12:37:19.754806+00:00,3.4137067794799805,0.48037269711494446
11.838867737000328,2026-09-13T12:37:19.833162+00:00,3.414423942565918,0.4716891646385193
11.913686038000378,2026-09-13T12:37:19.907996+00:00,3.4130334854125977,0.46235227584838867
11.945734050001192,2026-09-13T12:37:19.940026+00:00,3.4114692211151123,0.45301684737205505
12.029553910000686,2026-09-13T12:37:20.023854+00:00,3.4103076457977295,0.4459824860095978
12.101017305001733,2026-09-13T12:37:20.095284+00:00,3.4094555377960205,0.4404551386833191
12.172990506000133,2026-09-13T12:37:20.167287+00:00,3.4086709022521973,0.4347851574420929
12.245473162000053,2026-09-13T12:37:20.239769+00:00,3.4078245162963867,0.43034183979034424
12.34318239500135,2026-09-13T12:37:20.337480+00:00,3.4067773818969727,0.4258654713630676
12.383426696000242,2026-09-13T12:37:20.377737+00:00,3.405928611755371,0.4225238859653473
12.46995207100008,2026-09-13T12:37:20.464249+00:00,3.4050405025482178,0.4191771149635315
12.54706352500034,2026-09-13T12:37:20.541362+00:00,3.404398202896118,0.4163610637187958
12.608413652000309,2026-09-13T12:37:20.602720+00:00,3.4039204120635986,0.4140625
12.669340439000734,2026-09-13T12:37:20.663643+00:00,3.4034781455993652,0.41184884309768677
12.741329224001674,2026-09-13T12:37:20.735630+00:00,3.402965545654297,0.4088131785392761
12.798150299000554,2026-09-13T12:37:20.792444+00:00,3.402535915374756,0.4060487747192383
12.874619303000145,2026-09-13T12:37:20.868930+00:00,3.4020895957946777,0.4031140208244324
12.947306572001253,2026-09-13T12:37:20.941617+00:00,3.401702642440796,0.40119004249572754
13.009454096001718,2026-09-13T12:37:21.003750+00:00,3.4012653827667236,0.39949437975883484
13.059519627000554,2026-09-13T12:37:21.053815+00:00,3.400919198989868,0.3974783420562744
13.136747854001442,2026-09-13T12:37:21.131044+00:00,3.400599956512451,0.3958788216114044
13.194692225000836,2026-09-13T12:37:21.188983+00:00,3.400325298309326,0.39495205879211426
13.277062289000241,2026-09-13T12:37:21.271362+00:00,3.3999931812286377,0.39376693964004517
13.330514824001511,2026-09-13T12:37:21.324808+00:00,3.399606943130493,0.39256560802459717
13.400791629001105,2026-09-13T12:37:21.395085+00:00,3.3990142345428467,0.39107948541641235
13.486401301001024,2026-09-13T12:37:21.480708+00:00,3.398493528366089,0.38940945267677307
13.580271744000129,2026-09-13T12:37:21.574441+00:00,3.3979551792144775,0.38756659626960754
13.623321627001133,2026-09-13T12:37:21.617615+00:00,3.3975346088409424,0.3866559565067291
13.713995694000914,2026-09-13T12:37:21.708309+00:00,3.3971848487854004,0.38504743576049805
13.77029976400081,2026-09-13T12:37:21.764521+00:00,3.3969058990478516,0.38361796736717224
13.823022712000238,2026-09-13T12:37:21.817315+00:00,3.3966877460479736,0.3827109634876251
13.900124535000941,2026-09-13T12:37:21.894426+00:00,3.39656400680542,0.38192957639694214
13.982654635001381,2026-09-13T12:37:21.976950+00:00,3.3963558673858643,0.3812466859817505
14.039513249001175,2026-09-13T12:37:22.033810+00:00,3.3961122035980225,0.3804720938205719
14.106497549000778,2026-09-13T12:37:22.100793+00:00,3.3958873748779297,0.37997525930404663
14.201429111000834,2026-09-13T12:37:22.195728+00:00,3.394998788833618,0.3885429799556732
14.2676571660013,2026-09-13T12:37:22.261956+00:00,3.3944172859191895,0.43263912200927734
14.34957928300173,2026-09-13T12:37:22.343878+00:00,3.3932178020477295,0.4732952415943146
14.434629647001202,2026-09-13T12:37:22.428926+00:00,3.3913142681121826,0.5154985189437866
14.504424328000823,2026-09-13T12:37:22.498729+00:00,3.388716220855713,0.5524517893791199
14.575568582000415,2026-09-13T12:37:22.569867+00:00,3.3873393535614014,0.5472063422203064
14.649584370001321,2026-09-13T12:37:22.643895+00:00,3.3871777057647705,0.5360174775123596
14.724660156000027,2026-09-13T12:37:22.718955+00:00,3.3868532180786133,0.5297468304634094
14.778334363001704,2026-09-13T12:37:22.772629+00:00,3.3865113258361816,0.5247290134429932
14.852382825001769,2026-09-13T12:37:22.846680+00:00,3.3860867023468018,0.5219148397445679
14.906551158001093,2026-09-13T12:37:22.900850+00:00,3.385532855987549,0.5178518295288086
14.987000979001095,2026-09-13T12:37:22.981311+00:00,3.384995460510254,0.5141696929931641
15.063190716000463,2026-09-13T12:37:23.057500+00:00,3.384490489959717,0.5118564367294312
15.137606838001375,2026-09-13T12:37:23.131900+00:00,3.3840503692626953,0.508383572101593
15.179292173001159,2026-09-13T12:37:23.173587+00:00,3.3835954666137695,0.50572669506073
15.256146090001494,2026-09-13T12:37:23.250438+00:00,3.3829500675201416,0.5026167631149292
15.344405055000607,2026-09-13T12:37:23.338704+00:00,3.382599115371704,0.49978747963905334
15.416175920001479,2026-09-13T12:37:23.410457+00:00,3.3823113441467285,0.4974788725376129
15.444671486000516,2026-09-13T12:37:23.438945+00:00,3.3820972442626953,0.49505627155303955
15.525000122001074,2026-09-13T12:37:23.519295+00:00,3.3818469047546387,0.4928232431411743
15.604736261000653,2026-09-13T12:37:23.599038+00:00,3.3815958499908447,0.49007895588874817
15.689050574001158,2026-09-13T12:37:23.683345+00:00,3.381422996520996,0.488249272108078
15.758593474000008,2026-09-13T12:37:23.752893+00:00,3.3812782764434814,0.4869358241558075
15.812993590001497,2026-09-13T12:37:23.807293+00:00,3.381167411804199,0.4849998950958252
15.88839527500022,2026-09-13T12:37:23.882691+00:00,3.3810627460479736,0.4828326106071472
15.953228381000372,2026-09-13T12:37:23.947524+00:00,3.380972146987915,0.48192930221557617
16.04034674000104,2026-09-13T12:37:24.034638+00:00,3.380929946899414,0.48030513525009155
16.087277565000477,2026-09-13T12:37:24.081575+00:00,3.3808982372283936,0.47893446683883667
16.14830695300043,2026-09-13T12:37:24.142599+00:00,3.380836248397827,0.47773119807243347
16.23448099900088,2026-09-13T12:37:24.226774+00:00,3.380723237991333,0.47655028104782104
16.31074664500011,2026-09-13T12:37:24.305035+00:00,3.380539655685425,0.4754810631275177
16.384484094000072,2026-09-13T12:37:24.378783+00:00,3.380362033843994,0.47447532415390015
16.452492009000707,2026-09-13T12:37:24.446788+00:00,3.380249500274658,0.4728103578090668
16.528640980001,2026-09-13T12:37:24.522952+00:00,3.3801450729370117,0.4712817966938019
16.566504452001027,2026-09-13T12:37:24.560801+00:00,3.380044937133789,0.4698121249675751
16.631114706000517,2026-09-13T12:37:24.625404+00:00,3.379952907562256,0.46828755736351013
16.72955388900118,2026-09-13T12:37:24.723867+00:00,3.3798818588256836,0.4667915999889374
16.78136305500084,2026-09-13T12:37:24.775656+00:00,3.3798458576202393,0.4651793837547302
16.869045271001596,2026-09-13T12:37:24.863335+00:00,3.3797295093536377,0.46422433853149414
16.942364340000495,2026-09-13T12:37:24.936656+00:00,3.379655599594116,0.4631953239440918
17.019337974001246,2026-09-13T12:37:25.013633+00:00,3.379504442214966,0.46183663606643677
17.085714390001158,2026-09-13T12:37:25.080007+00:00,3.37933349609375,0.4608750343322754
17.155865150001773,2026-09-13T12:37:25.150161+00:00,3.3792214393615723,0.4599286615848541
17.20031546000064,2026-09-13T12:37:25.194612+00:00,3.379091501235962,0.45812276005744934
17.299037501001294,2026-09-13T12:37:25.293334+00:00,3.3789939880371094,0.45607659220695496
17.35565054500148,2026-09-13T12:37:25.349959+00:00,3.3788743019104004,0.45467281341552734
17.42723923200174,2026-09-13T12:37:25.421534+00:00,3.378802537918091,0.4527849853038788
17.505688780000128,2026-09-13T12:37:25.499986+00:00,3.378732442855835,0.45088908076286316
17.573318639000718,2026-09-13T12:37:25.567631+00:00,3.3786020278930664,0.4488365650177002
17.636607898000875,2026-09-13T12:37:25.630905+00:00,3.3784255981445312,0.4470677673816681
17.688629424001192,2026-09-13T12:37:25.682923+00:00,3.378244400024414,0.4453160762786865
17.775550788001055,2026-09-13T12:37:25.769848+00:00,3.378046751022339,0.44425201416015625
17.834587483001087,2026-09-13T12:37:25.828886+00:00,3.3779616355895996,0.4432641565799713
17.934807325000293,2026-09-13T12:37:25.929103+00:00,3.3777451515197754,0.4412166178226471
17.973724171000867,2026-09-13T12:37:25.968018+00:00,3.3774960041046143,0.4398221969604492
18.04931869700158,2026-09-13T12:37:26.043616+00:00,3.3773157596588135,0.4385830760002136
18.129350051000074,2026-09-13T12:37:26.123640+00:00,3.37729811668396,0.43755903840065
18.203054798001176,2026-09-13T12:37:26.196954+00:00,3.37721848487854,0.4365934133529663
18.255185096000787,2026-09-13T12:37:26.249482+00:00,3.37713360786438,0.4357430636882782
18.308731657001772,2026-09-13T12:37:26.303029+00:00,3.377098560333252,0.434781014919281
18.390356750000137,2026-09-13T12:37:26.384670+00:00,3.37709903717041,0.43379631638526917
18.449099486000705,2026-09-13T12:37:26.443396+00:00,3.3770341873168945,0.43320631980895996
18.518682648000322,2026-09-13T12:37:26.512978+00:00,3.376923084259033,0.43269845843315125
18.611892540000554,2026-09-13T12:37:26.606195+00:00,3.3769233226776123,0.4323631525039673
18.65082442700077,2026-09-13T12:37:26.645121+00:00,3.376941442489624,0.43179282546043396
18.753060711000217,2026-09-13T12:37:26.747361+00:00,3.376978635787964,0.4312308728694916
18.81686080200052,2026-09-13T12:37:26.811158+00:00,3.377032995223999,0.43072906136512756
18.877415172000838,2026-09-13T12:37:26.871709+00:00,3.3769443035125732,0.4302717447280884
18.949007477000123,2026-09-13T12:37:26.943309+00:00,3.3768458366394043,0.4298110604286194
19.020036151001477,2026-09-13T12:37:27.014329+00:00,3.3767879009246826,0.42903947830200195
19.13287756200043,2026-09-13T12:37:27.127176+00:00,3.3766725063323975,0.4279532730579376
19.19487648500035,2026-09-13T12:37:27.189183+00:00,3.3765265941619873,0.4269503653049469
19.237545211000906,2026-09-13T12:37:27.231838+00:00,3.3764615058898926,0.42674028873443604
19.31077487500079,2026-09-13T12:37:27.305088+00:00,3.3764636516571045,0.42615142464637756
19.39120694600024,2026-09-13T12:37:27.385503+00:00,3.3765079975128174,0.4259192943572998
19.431763166001474,2026-09-13T12:37:27.426028+00:00,3.3765666484832764,0.42506057024002075
19.500734793000447,2026-09-13T12:37:27.495033+00:00,3.37662672996521,0.4236357510089874
19.592323523000232,2026-09-13T12:37:27.586618+00:00,3.3765475749969482,0.422852486371994
19.684713907001424,2026-09-13T12:37:27.679012+00:00,3.3765475749969482,0.4219933748245239
19.746202575001007,2026-09-13T12:37:27.740488+00:00,3.3759560585021973,0.42362943291664124
19.830595267001627,2026-09-13T12:37:27.824891+00:00,3.3748202323913574,0.46583420038223267
19.90268813200055,2026-09-13T12:37:27.896984+00:00,3.3758461475372314,0.48161688446998596
19.974779876001776,2026-09-13T12:37:27.969052+00:00,3.374829053878784,0.4612978398799896
20.057838644001095,2026-09-13T12:37:28.052136+00:00,3.3753390312194824,0.4560464322566986
20.100269574000777,2026-09-13T12:37:28.094567+00:00,3.375152111053467,0.4494178295135498
20.176581148001787,2026-09-13T12:37:28.170888+00:00,3.3747804164886475,0.4441938102245331
20.212157073001435,2026-09-13T12:37:28.206452+00:00,3.3744895458221436,0.4405885338783264
20.31749997500083,2026-09-13T12:37:28.311795+00:00,3.3742809295654297,0.438504159450531
20.37256264500138,2026-09-13T12:37:28.366855+00:00,3.3741352558135986,0.4367325007915497
20.430922301000464,2026-09-13T12:37:28.425213+00:00,3.3739912509918213,0.435166597366333
20.51319295200119,2026-09-13T12:37:28.507489+00:00,3.3738274574279785,0.4335828721523285
20.569952820000253,2026-09-13T12:37:28.564248+00:00,3.3737294673919678,0.43246445059776306
20.636301688000458,2026-09-13T12:37:28.630597+00:00,3.373694658279419,0.4315773546695709
20.69761467400167,2026-09-13T12:37:28.691914+00:00,3.3737268447875977,0.43077367544174194
20.793904879001275,2026-09-13T12:37:28.788198+00:00,3.3735673427581787,0.4289385676383972
20.870879576001244,2026-09-13T12:37:28.865172+00:00,3.373382568359375,0.42803099751472473
20.934371822000685,2026-09-13T12:37:28.928684+00:00,3.373319625854492,0.4271734356880188
20.97810845100139,2026-09-13T12:37:28.972400+00:00,3.373272657394409,0.42636919021606445
21.04658233900045,2026-09-13T12:37:29.040878+00:00,3.373321533203125,0.4248182773590088
21.129418863001774,2026-09-13T12:37:29.123716+00:00,3.3733372688293457,0.4233858287334442
21.201227180001297,2026-09-13T12:37:29.195522+00:00,3.3733394145965576,0.4213220477104187
21.27292867700089,2026-09-13T12:37:29.267231+00:00,3.3734617233276367,0.419145792722702
21.333396937001453,2026-09-13T12:37:29.327695+00:00,3.3735623359680176,0.41778621077537537
21.41760562700074,2026-09-13T12:37:29.411900+00:00,3.373652219772339,0.41599345207214355
21.492902296000466,2026-09-13T12:37:29.487199+00:00,3.373732328414917,0.41573822498321533
21.56137055200088,2026-09-13T12:37:29.555666+00:00,3.373708486557007,0.414716899394989
21.61675025600016,2026-09-13T12:37:29.611045+00:00,3.373682737350464,0.41383716464042664
21.689140764001422,2026-09-13T12:37:29.683433+00:00,3.373671054840088,0.4135969877243042
21.802847164000923,2026-09-13T12:37:29.797159+00:00,3.3737282752990723,0.41300928592681885
21.843139699001767,2026-09-13T12:37:29.837436+00:00,3.373378276824951,0.4140174686908722
21.920553002000815,2026-09-13T12:37:29.914849+00:00,3.372023820877075,0.45470738410949707
21.962922043001527,2026-09-13T12:37:29.957180+00:00,3.372844934463501,0.49556609988212585
22.05031677400075,2026-09-13T12:37:30.044612+00:00,3.372316360473633,0.4881117343902588
22.151351275000707,2026-09-13T12:37:30.145657+00:00,3.372896671295166,0.47836238145828247
22.20347978600148,2026-09-13T12:37:30.197787+00:00,3.3729941844940186,0.4701942205429077
22.236444056001346,2026-09-13T12:37:30.230749+00:00,3.3725883960723877,0.46282780170440674
22.334348615000636,2026-09-13T12:37:30.328651+00:00,3.3719522953033447,0.4561653435230255
22.38002430800043,2026-09-13T12:37:30.374320+00:00,3.371610164642334,0.45346978306770325
22.459826382000756,2026-09-13T12:37:30.454120+00:00,3.3714993000030518,0.45077213644981384
22.550793021000572,2026-09-13T12:37:30.545104+00:00,3.37147855758667,0.4479801058769226
22.613814665000973,2026-09-13T12:37:30.608113+00:00,3.371339797973633,0.44531625509262085
22.652197293000427,2026-09-13T12:37:30.646490+00:00,3.371255874633789,0.44317832589149475
22.76634153100167,2026-09-13T12:37:30.760646+00:00,3.3710758686065674,0.4410742223262787
22.795074357001795,2026-09-13T12:37:30.789370+00:00,3.3709557056427,0.43988460302352905
22.861623042001156,2026-09-13T12:37:30.855922+00:00,3.370870590209961,0.4384249150753021
22.933928782000294,2026-09-13T12:37:30.928221+00:00,3.3707449436187744,0.43691757321357727
23.032295049000822,2026-09-13T12:37:31.026589+00:00,3.3707175254821777,0.43569472432136536
23.07177361200047,2026-09-13T12:37:31.066036+00:00,3.370720148086548,0.43496453762054443
23.139554109000528,2026-09-13T12:37:31.133848+00:00,3.370612621307373,0.43369001150131226
23.219491869000194,2026-09-13T12:37:31.213791+00:00,3.3705267906188965,0.4323577880859375
23.271981223000694,2026-09-13T12:37:31.266267+00:00,3.3704488277435303,0.43066754937171936
23.34492099900126,2026-09-13T12:37:31.339214+00:00,3.3704023361206055,0.42865535616874695
23.433917761001794,2026-09-13T12:37:31.428217+00:00,3.370366334915161,0.4270976185798645
23.487487081001746,2026-09-13T12:37:31.481786+00:00,3.3703155517578125,0.42638224363327026
23.584272507001515,2026-09-13T12:37:31.578562+00:00,3.3702805042266846,0.4251720607280731
23.637341718000243,2026-09-13T12:37:31.631646+00:00,3.3703010082244873,0.4242101013660431
23.699874805000945,2026-09-13T12:37:31.694171+00:00,3.3703854084014893,0.42337843775749207
23.81380905700098,2026-09-13T12:37:31.808106+00:00,3.370358943939209,0.42294538021087646
23.878698338001414,2026-09-13T12:37:31.872993+00:00,3.37025785446167,0.4221250116825104
23.962708979001036,2026-09-13T12:37:31.957004+00:00,3.3701534271240234,0.4212070405483246
24.005674230000295,2026-09-13T12:37:31.999723+00:00,3.370130777359009,0.42063966393470764
24.06397430600009,2026-09-13T12:37:32.058281+00:00,3.37015700340271,0.4199334979057312
24.1275957450016,2026-09-13T12:37:32.121892+00:00,3.3702073097229004,0.41953808069229126
24.192976689000716,2026-09-13T12:37:32.187274+00:00,3.370171308517456,0.41927066445350647
24.274204823001128,2026-09-13T12:37:32.268498+00:00,3.370173931121826,0.4188818037509918
24.346610057000362,2026-09-13T12:37:32.340904+00:00,3.370218515396118,0.41830119490623474
24.408903684001416,2026-09-13T12:37:32.403200+00:00,3.3702328205108643,0.41820868849754333
24.477741588001663,2026-09-13T12:37:32.472041+00:00,3.3703129291534424,0.4179564118385315
24.535330444001374,2026-09-13T12:37:32.529624+00:00,3.370333194732666,0.41732358932495117
24.602078274001542,2026-09-13T12:37:32.596373+00:00,3.3703434467315674,0.4169932007789612
24.693474849000268,2026-09-13T12:37:32.687759+00:00,3.3704099655151367,0.41685518622398376
24.786798198001634,2026-09-13T12:37:32.781096+00:00,3.370523452758789,0.41648972034454346
24.844679382000322,2026-09-13T12:37:32.838694+00:00,3.3705451488494873,0.41651245951652527
24.892845226000645,2026-09-13T12:37:32.887121+00:00,3.370529890060425,0.41657066345214844
24.958431232000294,2026-09-13T12:37:32.952730+00:00,3.3705689907073975,0.41613343358039856
25.04347467200023,2026-09-13T12:37:33.035936+00:00,3.3705294132232666,0.4161694049835205
25.135900814000706,2026-09-13T12:37:33.130197+00:00,3.370525598526001,0.4161849021911621
25.183265965000828,2026-09-13T12:37:33.177567+00:00,3.3704726696014404,0.4160207509994507
25.28621915000076,2026-09-13T12:37:33.280510+00:00,3.370478868484497,0.4156518876552582
25.360830655001337,2026-09-13T12:37:33.355128+00:00,3.370493173599243,0.41565215587615967
25.388839334000295,2026-09-13T12:37:33.383147+00:00,3.3705387115478516,0.41548600792884827
25.47809764500016,2026-09-13T12:37:33.472398+00:00,3.370619297027588,0.4153941869735718
25.554189735001273,2026-09-13T12:37:33.548490+00:00,3.3706305027008057,0.4154653251171112
25.61219207600152,2026-09-13T12:37:33.606487+00:00,3.370575428009033,0.41556432843208313
25.682358562000445,2026-09-13T12:37:33.676655+00:00,3.370579481124878,0.4154002368450165
25.764291550000053,2026-09-13T12:37:33.758589+00:00,3.3704850673675537,0.4082273542881012
25.842423632000646,2026-09-13T12:37:33.836735+00:00,3.371337413787842,0.36264535784721375
25.890720905001217,2026-09-13T12:37:33.885024+00:00,3.3716883659362793,0.31473231315612793
25.996075372000632,2026-09-13T12:37:33.990372+00:00,3.3722105026245117,0.27222612500190735
26.079800283001532,2026-09-13T12:37:34.074112+00:00,3.3723955154418945,0.2261338233947754
26.129607807000866,2026-09-13T12:37:34.123907+00:00,3.3724842071533203,0.18723908066749573
26.195837866000147,2026-09-13T12:37:34.190133+00:00,3.3723456859588623,0.14507818222045898
26.24038854000173,2026-09-13T12:37:34.234688+00:00,3.3724915981292725,0.11059851944446564
26.318541008000466,2026-09-13T12:37:34.312836+00:00,3.373311758041382,0.06973899900913239
26.38303117900068,2026-09-13T12:37:34.377327+00:00,3.374166965484619,0.028206458315253258
26.434944809001536,2026-09-13T12:37:34.429241+00:00,3.37711501121521,-0.03284192457795143
26.570013990000007,2026-09-13T12:37:34.564307+00:00,3.3771915435791016,-0.09652766585350037
26.61591023800065,2026-09-13T12:37:34.610207+00:00,3.376542806625366,-0.11639069765806198
26.686605252001755,2026-09-13T12:37:34.680905+00:00,3.375979423522949,-0.11454348266124725
26.754319640000176,2026-09-13T12:37:34.748614+00:00,3.3758833408355713,-0.11171639710664749
26.81184257700079,2026-09-13T12:37:34.806140+00:00,3.3760986328125,-0.11179784685373306
26.880171798000447,2026-09-13T12:37:34.874474+00:00,3.3763315677642822,-0.11090606451034546
26.95468755800175,2026-09-13T12:37:34.948986+00:00,3.3764054775238037,-0.11095528304576874
27.04608794700107,2026-09-13T12:37:35.040395+00:00,3.376328945159912,-0.11091078817844391
27.114170986000317,2026-09-13T12:37:35.108472+00:00,3.3762755393981934,-0.11087289452552795
27.167292139001802,2026-09-13T12:37:35.161587+00:00,3.3761146068573,-0.11098315566778183
27.210140975001195,2026-09-13T12:37:35.204433+00:00,3.3753201961517334,-0.08069084584712982
27.28976987000169,2026-09-13T12:37:35.284067+00:00,3.3750362396240234,-0.039721980690956116
27.375149389001308,2026-09-13T12:37:35.369444+00:00,3.3750877380371094,-0.010204863734543324
27.427849507001156,2026-09-13T12:37:35.422142+00:00,3.3766934871673584,-0.01790768839418888
27.482189637001284,2026-09-13T12:37:35.476486+00:00,3.3773176670074463,-0.023348169401288033
27.57966085100088,2026-09-13T12:37:35.573959+00:00,3.3770456314086914,-0.022891154512763023
27.660177612000552,2026-09-13T12:37:35.654473+00:00,3.3766863346099854,-0.024229254573583603
27.72202758200001,2026-09-13T12:37:35.716328+00:00,3.3763303756713867,-0.02420213259756565
27.765098152000064,2026-09-13T12:37:35.759390+00:00,3.3763070106506348,-0.024500800296664238
27.864397289000408,2026-09-13T12:37:35.858691+00:00,3.3764562606811523,-0.02451569028198719
27.93927770100163,2026-09-13T12:37:35.933574+00:00,3.376431703567505,-0.024393470957875252
28.02152644600028,2026-09-13T12:37:36.015828+00:00,3.376317024230957,-0.024848058819770813
28.052735600000233,2026-09-13T12:37:36.047037+00:00,3.3762564659118652,-0.024792280048131943
28.124228464001135,2026-09-13T12:37:36.118534+00:00,3.3762331008911133,-0.024608692154288292
28.194937018000928,2026-09-13T12:37:36.189228+00:00,3.376235246658325,-0.024892352521419525
28.253073415000472,2026-09-13T12:37:36.247376+00:00,3.3762331008911133,-0.02476450428366661
28.313952416001484,2026-09-13T12:37:36.308250+00:00,3.3762319087982178,-0.024551913142204285
28.38198406400079,2026-09-13T12:37:36.376282+00:00,3.3762733936309814,-0.02472512237727642
28.454996618000223,2026-09-13T12:37:36.449303+00:00,3.3762996196746826,-0.024849914014339447
28.524217195001256,2026-09-13T12:37:36.518514+00:00,3.3762881755828857,-0.02458038739860058
28.607982815001378,2026-09-13T12:37:36.602279+00:00,3.3762807846069336,-0.024684520438313484
28.669985463000558,2026-09-13T12:37:36.664251+00:00,3.376298427581787,-0.02483336441218853
28.75359005500104,2026-09-13T12:37:36.747896+00:00,3.3762378692626953,-0.02468276023864746
28.80758201700155,2026-09-13T12:37:36.801874+00:00,3.3762106895446777,-0.024668395519256592
28.875111859000754,2026-09-13T12:37:36.869416+00:00,3.3762240409851074,-0.024769676849246025
28.981416857001022,2026-09-13T12:37:36.975711+00:00,3.37622332572937,-0.024753296747803688
29.022682802000418,2026-09-13T12:37:37.016975+00:00,3.3762083053588867,-0.02467835508286953
29.128997979001724,2026-09-13T12:37:37.123293+00:00,3.3762316703796387,-0.024741902947425842
29.16370163100146,2026-09-13T12:37:37.158002+00:00,3.376230478286743,-0.024711059406399727
29.258072284001173,2026-09-13T12:37:37.252366+00:00,3.376166820526123,-0.024503163993358612
29.338967234001757,2026-09-13T12:37:37.333266+00:00,3.376147747039795,-0.024769529700279236
29.391114058000312,2026-09-13T12:37:37.385402+00:00,3.3761775493621826,-0.02458570897579193
29.457212118000825,2026-09-13T12:37:37.451511+00:00,3.3762052059173584,-0.024474648758769035
29.53928780500064,2026-09-13T12:37:37.533585+00:00,3.3762013912200928,-0.024501165375113487
29.61100435700064,2026-09-13T12:37:37.605293+00:00,3.3762149810791016,-0.024528656154870987
29.706163672000912,2026-09-13T12:37:37.700456+00:00,3.376256227493286,-0.024331387132406235
29.75778603300023,2026-09-13T12:37:37.752087+00:00,3.376230001449585,-0.024302497506141663
29.83215718700012,2026-09-13T12:37:37.826449+00:00,3.376218557357788,-0.02438747137784958
29.926466558001266,2026-09-13T12:37:37.920761+00:00,3.376204252243042,-0.02429596148431301
29.99424901600105,2026-09-13T12:37:37.988542+00:00,3.3761472702026367,-0.024230455979704857
30.046217757000704,2026-09-13T12:37:38.040514+00:00,3.3761255741119385,-0.024274248629808426
30.11030350600049,2026-09-13T12:37:38.104608+00:00,3.3761589527130127,-0.024306531995534897
30.220892692001144,2026-09-13T12:37:38.215204+00:00,3.3761534690856934,-0.024189557880163193
30.26071015100024,2026-09-13T12:37:38.255007+00:00,3.376171588897705,-0.024340620264410973
30.310234695001782,2026-09-13T12:37:38.304460+00:00,3.376188278198242,-0.024249441921710968
30.352890697000475,2026-09-13T12:37:38.347184+00:00,3.376112937927246,-0.024203453212976456
30.4198427980009,2026-09-13T12:37:38.414036+00:00,3.3761253356933594,-0.02429819479584694
30.488376383000286,2026-09-13T12:37:38.482673+00:00,3.376115322113037,-0.024245012551546097
30.56824660300117,2026-09-13T12:37:38.562544+00:00,3.376094102859497,-0.024123914539813995
30.681970916000864,2026-09-13T12:37:38.676268+00:00,3.375999927520752,-0.024250099435448647
30.754876174001765,2026-09-13T12:37:38.749176+00:00,3.3760368824005127,-0.02427845634520054
30.82638241800123,2026-09-13T12:37:38.820675+00:00,3.3760764598846436,-0.024136126041412354
30.89415050900061,2026-09-13T12:37:38.888444+00:00,3.37604022026062,-0.02411225251853466
30.939517402001,2026-09-13T12:37:38.933819+00:00,3.376082181930542,-0.024132059887051582
31.024635257001137,2026-09-13T12:37:39.018927+00:00,3.3760793209075928,-0.02409013919532299
31.076063791000706,2026-09-13T12:37:39.070359+00:00,3.3760409355163574,-0.024033064022660255
31.1387390710006,2026-09-13T12:37:39.133048+00:00,3.3760297298431396,-0.02414810284972191
31.251859178000814,2026-09-13T12:37:39.246155+00:00,3.3759775161743164,-0.024128714576363564
31.330201101000057,2026-09-13T12:37:39.324377+00:00,3.376006841659546,-0.02407950907945633
31.369888765000724,2026-09-13T12:37:39.364162+00:00,3.376068353652954,-0.024076150730252266
31.44283991500015,2026-09-13T12:37:39.437133+00:00,3.3760898113250732,-0.024135980755090714
31.5110008190004,2026-09-13T12:37:39.505310+00:00,3.3760478496551514,-0.023997364565730095
31.570556556000156,2026-09-13T12:37:39.564861+00:00,3.376058340072632,-0.02390359155833721
31.641737992000344,2026-09-13T12:37:39.636034+00:00,3.3761210441589355,-0.023993130773305893
31.71354127000086,2026-09-13T12:37:39.707837+00:00,3.376075506210327,-0.02397236041724682
31.78616005800177,2026-09-13T12:37:39.780460+00:00,3.376047134399414,-0.023872295394539833
31.842164944000615,2026-09-13T12:37:39.836461+00:00,3.3760428428649902,-0.024020444601774216
31.915578570000434,2026-09-13T12:37:39.909870+00:00,3.376047134399414,-0.024060409516096115
31.987137521000477,2026-09-13T12:37:39.981437+00:00,3.3760647773742676,-0.02395162358880043
32.038630442000795,2026-09-13T12:37:40.032931+00:00,3.3760597705841064,-0.023972811177372932
32.10415300200111,2026-09-13T12:37:40.098462+00:00,3.376134157180786,-0.024071643128991127
32.19090601000062,2026-09-13T12:37:40.185211+00:00,3.376140832901001,-0.02404557168483734
32.24212522800008,2026-09-13T12:37:40.236420+00:00,3.3761112689971924,-0.023776711896061897
32.32585811900026,2026-09-13T12:37:40.320154+00:00,3.376100540161133,-0.023930903524160385
32.38968540100177,2026-09-13T12:37:40.383980+00:00,3.3761229515075684,-0.023862414062023163
32.48619829600102,2026-09-13T12:37:40.480494+00:00,3.3760628700256348,-0.023787805810570717
32.5448212400006,2026-09-13T12:37:40.539134+00:00,3.37601375579834,-0.02383287623524666
32.62186789700172,2026-09-13T12:37:40.616167+00:00,3.3760247230529785,-0.02392508275806904
32.69375037900136,2026-09-13T12:37:40.688047+00:00,3.3760812282562256,-0.02379428781569004
32.75108135100163,2026-09-13T12:37:40.745378+00:00,3.3760292530059814,-0.023787833750247955
32.840525953000906,2026-09-13T12:37:40.834823+00:00,3.3760712146759033,-0.023912614211440086
32.8779657160012,2026-09-13T12:37:40.872259+00:00,3.376091480255127,-0.02372410148382187
32.96944919100133,2026-09-13T12:37:40.963747+00:00,3.3761117458343506,-0.023749565705657005
33.04572033900149,2026-09-13T12:37:41.040021+00:00,3.376112461090088,-0.023913830518722534
33.130795030001536,2026-09-13T12:37:41.125097+00:00,3.376098871231079,-0.023936765268445015
33.176672789000804,2026-09-13T12:37:41.170970+00:00,3.375993251800537,-0.02381201647222042
33.23467645300116,2026-09-13T12:37:41.228973+00:00,3.3759684562683105,-0.02400277554988861
33.30477299800077,2026-09-13T12:37:41.299069+00:00,3.376075506210327,-0.023885272443294525
33.362272777001635,2026-09-13T12:37:41.356571+00:00,3.3760762214660645,-0.023714177310466766
33.47776383500059,2026-09-13T12:37:41.472059+00:00,3.3761327266693115,-0.023774707689881325
33.538057195000874,2026-09-13T12:37:41.532354+00:00,3.376183032989502,-0.0237928107380867
33.59761562300082,2026-09-13T12:37:41.591912+00:00,3.3761487007141113,-0.023841211572289467
33.67339511100181,2026-09-13T12:37:41.667691+00:00,3.3761470317840576,-0.023750483989715576
33.7454357100014,2026-09-13T12:37:41.739733+00:00,3.3761210441589355,-0.02385820634663105
33.79071822000151,2026-09-13T12:37:41.785014+00:00,3.376117706298828,-0.023762300610542297
33.86506704400017,2026-09-13T12:37:41.859361+00:00,3.3760435581207275,-0.023767417296767235
33.95075743200141,2026-09-13T12:37:41.945056+00:00,3.3760437965393066,-0.023784346878528595
34.011811581000075,2026-09-13T12:37:42.006116+00:00,3.3760757446289062,-0.023797977715730667
34.06540770000174,2026-09-13T12:37:42.059699+00:00,3.37603497505188,-0.02354973368346691
34.15938779300086,2026-09-13T12:37:42.153683+00:00,3.3760857582092285,-0.023681065067648888
34.23049892900053,2026-09-13T12:37:42.224794+00:00,3.376082420349121,-0.023508237674832344
34.30522523700165,2026-09-13T12:37:42.299520+00:00,3.3760263919830322,-0.023458469659090042
34.35607699100001,2026-09-13T12:37:42.350387+00:00,3.376012086868286,-0.023515230044722557
34.43436515800022,2026-09-13T12:37:42.428662+00:00,3.376020908355713,-0.023646783083677292
34.49105934800173,2026-09-13T12:37:42.485353+00:00,3.376002311706543,-0.023437170311808586
34.60608562800007,2026-09-13T12:37:42.600387+00:00,3.3759469985961914,-0.023635966703295708
34.65970664300039,2026-09-13T12:37:42.653996+00:00,3.375930070877075,-0.023744899779558182
34.73562095300076,2026-09-13T12:37:42.729916+00:00,3.3759076595306396,-0.023633882403373718
34.78118673500103,2026-09-13T12:37:42.775497+00:00,3.3758621215820312,-0.023540176451206207
34.86340842100071,2026-09-13T12:37:42.857704+00:00,3.3759024143218994,-0.02369006909430027
34.92209175300013,2026-09-13T12:37:42.916305+00:00,3.3759117126464844,-0.023693593218922615
34.98906312500003,2026-09-13T12:37:42.983349+00:00,3.37587308883667,-0.02345837652683258
35.05011260500032,2026-09-13T12:37:43.044408+00:00,3.3759422302246094,-0.02354584075510502
35.13158444700093,2026-09-13T12:37:43.125893+00:00,3.375941276550293,-0.023552583530545235
35.20883373900142,2026-09-13T12:37:43.203134+00:00,3.375892162322998,-0.023546310141682625
35.26378612100052,2026-09-13T12:37:43.258095+00:00,3.3759090900421143,-0.023359209299087524
35.35724853800093,2026-09-13T12:37:43.351547+00:00,3.3759491443634033,-0.023575976490974426
35.46273778700015,2026-09-13T12:37:43.457026+00:00,3.375885009765625,-0.023290710523724556
35.527193154001,2026-09-13T12:37:43.521500+00:00,3.375865936279297,-0.023287920281291008
35.583536455000285,2026-09-13T12:37:43.577842+00:00,3.375870704650879,-0.02328142710030079
35.62647032500172,2026-09-13T12:37:43.620766+00:00,3.3759071826934814,-0.023361101746559143
35.715780850001465,2026-09-13T12:37:43.710076+00:00,3.375810384750366,-0.023197662085294724
35.78681732900077,2026-09-13T12:37:43.781111+00:00,3.375731945037842,-0.023450540378689766
35.86226941900168,2026-09-13T12:37:43.856564+00:00,3.3758087158203125,-0.02344464510679245
35.93249115500112,2026-09-13T12:37:43.926794+00:00,3.3758556842803955,-0.023348107933998108
35.983861613000045,2026-09-13T12:37:43.978156+00:00,3.375811815261841,-0.023420358076691628
36.04433264600084,2026-09-13T12:37:44.038630+00:00,3.3757989406585693,-0.023411160334944725
36.124115547001566,2026-09-13T12:37:44.118410+00:00,3.375636577606201,-0.023240385577082634
36.20789984000112,2026-09-13T12:37:44.202193+00:00,3.3729159832000732,-0.022390704602003098
36.246672027000386,2026-09-13T12:37:44.240979+00:00,3.365523099899292,-0.019648142158985138
36.332530330000736,2026-09-13T12:37:44.326825+00:00,3.3541059494018555,-0.018225722014904022
36.408710026000335,2026-09-13T12:37:44.403011+00:00,3.3406457901000977,-0.015525858849287033
36.450640605000444,2026-09-13T12:37:44.444937+00:00,3.326493978500366,-0.013045849278569221
36.51122585000121,2026-09-13T12:37:44.505523+00:00,3.3148715496063232,-0.00885993055999279
36.58130812800118,2026-09-13T12:37:44.575606+00:00,3.2889182567596436,-0.013118937611579895
36.65196367000135,2026-09-13T12:37:44.646246+00:00,3.2609574794769287,-0.012826481834053993
36.73034579600062,2026-09-13T12:37:44.724651+00:00,3.241698980331421,-0.01389934029430151
36.80916863800121,2026-09-13T12:37:44.803477+00:00,3.21785569190979,-0.016122838482260704
36.8605417530016,2026-09-13T12:37:44.854777+00:00,3.1952965259552,-0.019927026703953743
36.93964300300104,2026-09-13T12:37:44.933948+00:00,3.176243782043457,-0.0184970460832119
37.02182814700063,2026-09-13T12:37:45.016125+00:00,3.1671347618103027,-0.01677466556429863
37.08120059100111,2026-09-13T12:37:45.075494+00:00,3.1659398078918457,-0.020149419084191322
37.14329762400121,2026-09-13T12:37:45.137589+00:00,3.169290781021118,-0.027163954451680183
37.22311006300151,2026-09-13T12:37:45.217404+00:00,3.1725285053253174,-0.0336349681019783
37.301859497001715,2026-09-13T12:37:45.296060+00:00,3.1735615730285645,-0.03586571291089058
37.38191293500131,2026-09-13T12:37:45.376218+00:00,3.173499822616577,-0.03782614320516586
37.462607608000326,2026-09-13T12:37:45.456902+00:00,3.1736481189727783,-0.03854973986744881
37.53456549200018,2026-09-13T12:37:45.528859+00:00,3.173875093460083,-0.03949984163045883
37.625131064000016,2026-09-13T12:37:45.619430+00:00,3.174070119857788,-0.04005594551563263
37.63669781900171,2026-09-13T12:37:45.630997+00:00,3.1741034984588623,-0.040598392486572266
37.69741506900027,2026-09-13T12:37:45.691710+00:00,3.1741814613342285,-0.04137866944074631
37.78672611000002,2026-09-13T12:37:45.781024+00:00,3.1725857257843018,-0.041322290897369385
37.85872306700003,2026-09-13T12:37:45.853022+00:00,3.1684389114379883,-0.04039478674530983
37.931314537001526,2026-09-13T12:37:45.925537+00:00,3.160815954208374,-0.040337152779102325
37.99856803400144,2026-09-13T12:37:45.992861+00:00,3.150102376937866,-0.04005135968327522
38.08687844100132,2026-09-13T12:37:46.081188+00:00,3.136655330657959,-0.035869304090738297
38.16494145700017,2026-09-13T12:37:46.159247+00:00,3.115899085998535,-0.03646083548665047
38.23162159500134,2026-09-13T12:37:46.225918+00:00,3.0981743335723877,-0.04622252285480499
38.26439240000036,2026-09-13T12:37:46.258686+00:00,3.0755317211151123,-0.05241281911730766
38.33751444700101,2026-09-13T12:37:46.331805+00:00,3.046863555908203,-0.050631046295166016
38.439087593000295,2026-09-13T12:37:46.433386+00:00,3.0240068435668945,-0.051270876079797745
38.51837451600113,2026-09-13T12:37:46.512673+00:00,3.0070133209228516,-0.055711157619953156
38.57680021500164,2026-09-13T12:37:46.571094+00:00,2.9909725189208984,-0.059522345662117004
38.6487159870012,2026-09-13T12:37:46.643018+00:00,2.976091146469116,-0.05858330428600311
38.71101344300041,2026-09-13T12:37:46.705304+00:00,2.966064453125,-0.061302345246076584
38.76670914500028,2026-09-13T12:37:46.761014+00:00,2.960862159729004,-0.06095638871192932
38.84501959300178,2026-09-13T12:37:46.839313+00:00,2.960402727127075,-0.06193194538354874
38.9246385890001,2026-09-13T12:37:46.918937+00:00,2.962716817855835,-0.06466268748044968
39.03491284300071,2026-09-13T12:37:47.029202+00:00,2.9650232791900635,-0.06490065157413483
39.09870256600152,2026-09-13T12:37:47.093005+00:00,2.965742826461792,-0.06571005284786224
39.15618251200067,2026-09-13T12:37:47.150489+00:00,2.9659359455108643,-0.06802323460578918
39.19597940300082,2026-09-13T12:37:47.190276+00:00,2.9661777019500732,-0.06828014552593231
39.259445692001464,2026-09-13T12:37:47.253749+00:00,2.9665780067443848,-0.06884841620922089
39.35801866100155,2026-09-13T12:37:47.352308+00:00,2.9662160873413086,-0.06875340640544891
39.410710377000214,2026-09-13T12:37:47.405008+00:00,2.9633119106292725,-0.06714539974927902
39.45996692400149,2026-09-13T12:37:47.454260+00:00,2.95662260055542,-0.06486253440380096
39.521681741000066,2026-09-13T12:37:47.515980+00:00,2.9445769786834717,-0.05965578928589821
39.58875545900082,2026-09-13T12:37:47.583044+00:00,2.930800437927246,-0.06206459924578667
39.67178037700069,2026-09-13T12:37:47.666036+00:00,2.915422201156616,-0.06753183901309967
39.74078534900036,2026-09-13T12:37:47.735093+00:00,2.8944973945617676,-0.06547156721353531
39.83423814300113,2026-09-13T12:37:47.828538+00:00,2.8682444095611572,-0.06631495803594589
39.899610150001536,2026-09-13T12:37:47.893920+00:00,2.84269642829895,-0.0766071006655693
39.96333379000134,2026-09-13T12:37:47.957623+00:00,2.8130130767822266,-0.083566814661026
40.02501039800154,2026-09-13T12:37:48.019310+00:00,2.793894052505493,-0.08618082106113434
40.09645512100178,2026-09-13T12:37:48.090748+00:00,2.7720279693603516,-0.08356275409460068
40.16786537900043,2026-09-13T12:37:48.162160+00:00,2.7551276683807373,-0.08310242742300034
40.221100535000005,2026-09-13T12:37:48.215411+00:00,2.729205369949341,-0.08152004331350327
40.29524280500118,2026-09-13T12:37:48.289540+00:00,2.715550422668457,-0.08147259801626205
40.36870620800073,2026-09-13T12:37:48.362999+00:00,2.7107012271881104,-0.08554820716381073
40.477704720000474,2026-09-13T12:37:48.472004+00:00,2.711905002593994,-0.09279140830039978
40.538413877000494,2026-09-13T12:37:48.532709+00:00,2.715529203414917,-0.09667421877384186
40.61097075900034,2026-09-13T12:37:48.605265+00:00,2.7172131538391113,-0.10170560330152512
40.660210443000324,2026-09-13T12:37:48.654513+00:00,2.717327356338501,-0.10422609001398087
40.72770398300054,2026-09-13T12:37:48.722014+00:00,2.7174830436706543,-0.10509292781352997
40.78288681000049,2026-09-13T12:37:48.777195+00:00,2.71791410446167,-0.10593971610069275
40.85906267300015,2026-09-13T12:37:48.853358+00:00,2.7184553146362305,-0.10697361826896667
40.95556973100065,2026-09-13T12:37:48.949863+00:00,2.7188568115234375,-0.10853071510791779
41.006906466000146,2026-09-13T12:37:49.001201+00:00,2.717644453048706,-0.10866262018680573
41.09183796800062,2026-09-13T12:37:49.086130+00:00,2.7126729488372803,-0.10246570408344269
41.137964158000614,2026-09-13T12:37:49.132261+00:00,2.7065629959106445,-0.09829927980899811
41.20180287700168,2026-09-13T12:37:49.196097+00:00,2.697134256362915,-0.09560680389404297
41.27115416700144,2026-09-13T12:37:49.265454+00:00,2.687390089035034,-0.09395162761211395
41.34578394100026,2026-09-13T12:37:49.340062+00:00,2.669424057006836,-0.08599241077899933
41.45983779600101,2026-09-13T12:37:49.454145+00:00,2.6482162475585938,-0.09039992839097977
41.5257281890008,2026-09-13T12:37:49.520025+00:00,2.6259829998016357,-0.09616229683160782
41.60028432800027,2026-09-13T12:37:49.594508+00:00,2.601440906524658,-0.10047292709350586
41.66863581400139,2026-09-13T12:37:49.662936+00:00,2.5751607418060303,-0.09888625890016556
41.740147516000434,2026-09-13T12:37:49.734456+00:00,2.557157516479492,-0.09767623245716095
41.79299869500028,2026-09-13T12:37:49.787298+00:00,2.5396854877471924,-0.10120883584022522
41.88402006400065,2026-09-13T12:37:49.878315+00:00,2.5201575756073,-0.09883064776659012
41.9450357600017,2026-09-13T12:37:49.939337+00:00,2.498745918273926,-0.09734276682138443
41.97995795600036,2026-09-13T12:37:49.974252+00:00,2.482961654663086,-0.09509371221065521
42.04290154700175,2026-09-13T12:37:50.037195+00:00,2.4670615196228027,-0.09702883660793304
42.10787921100018,2026-09-13T12:37:50.102174+00:00,2.4595766067504883,-0.10332410782575607
42.18285366800046,2026-09-13T12:37:50.177163+00:00,2.457838773727417,-0.10982982814311981
42.29429122900001,2026-09-13T12:37:50.288590+00:00,2.4592113494873047,-0.11655338108539581
42.36305901600099,2026-09-13T12:37:50.357362+00:00,2.460407257080078,-0.11903681606054306
42.392968432001,2026-09-13T12:37:50.387265+00:00,2.4614739418029785,-0.12171287834644318
42.490073366001525,2026-09-13T12:37:50.484369+00:00,2.462433338165283,-0.12218787521123886
42.6013724910008,2026-09-13T12:37:50.592797+00:00,2.462918758392334,-0.12253866344690323
42.62789573200098,2026-09-13T12:37:50.622190+00:00,2.4635744094848633,-0.12261691689491272
42.73533721200147,2026-09-13T12:37:50.729634+00:00,2.4642817974090576,-0.12370409816503525
42.792064341001605,2026-09-13T12:37:50.786362+00:00,2.4652066230773926,-0.12444279342889786
42.84972071200173,2026-09-13T12:37:50.844017+00:00,2.465628147125244,-0.12375909835100174
42.92938854900058,2026-09-13T12:37:50.923689+00:00,2.4642672538757324,-0.1204594075679779
42.99544925200098,2026-09-13T12:37:50.989747+00:00,2.4628853797912598,-0.1181824803352356
43.03394610900068,2026-09-13T12:37:51.028214+00:00,2.4562387466430664,-0.11438518762588501
43.094237083001644,2026-09-13T12:37:51.088529+00:00,2.4419007301330566,-0.10954706370830536
43.169546048000484,2026-09-13T12:37:51.163845+00:00,2.431227445602417,-0.11111313104629517
43.23114483500103,2026-09-13T12:37:51.225441+00:00,2.420319080352783,-0.1110025942325592
43.32128180000109,2026-09-13T12:37:51.315579+00:00,2.3966004848480225,-0.10448335856199265
43.3828702180017,2026-09-13T12:37:51.377173+00:00,2.375478744506836,-0.11438897997140884
43.44256648800001,2026-09-13T12:37:51.436857+00:00,2.3504478931427,-0.11700690537691116
43.510693426000216,2026-09-13T12:37:51.504990+00:00,2.329960346221924,-0.11860083788633347
43.58752544100025,2026-09-13T12:37:51.581832+00:00,2.3090457916259766,-0.11864767223596573
43.66208113600078,2026-09-13T12:37:51.656379+00:00,2.285301685333252,-0.1159387156367302
43.72811307200027,2026-09-13T12:37:51.722408+00:00,2.272575616836548,-0.11673653870820999
43.78614331100107,2026-09-13T12:37:51.780435+00:00,2.2642502784729004,-0.11348987370729446
43.86129236600027,2026-09-13T12:37:51.855588+00:00,2.264115333557129,-0.1200852245092392
43.989061653001045,2026-09-13T12:37:51.983357+00:00,2.2682831287384033,-0.13138781487941742
44.05074425100065,2026-09-13T12:37:52.045055+00:00,2.2710869312286377,-0.13691137731075287
44.11934736400144,2026-09-13T12:37:52.113653+00:00,2.2734358310699463,-0.14330638945102692
44.18055964600171,2026-09-13T12:37:52.174859+00:00,2.274665355682373,-0.1471797525882721
44.249001059000875,2026-09-13T12:37:52.243298+00:00,2.275799512863159,-0.149187371134758
44.316387594000844,2026-09-13T12:37:52.310688+00:00,2.276789903640747,-0.15149448812007904
44.42478085000039,2026-09-13T12:37:52.419074+00:00,2.277785539627075,-0.15460148453712463
44.450071930001286,2026-09-13T12:37:52.444373+00:00,2.2785840034484863,-0.156782865524292
44.536101805000726,2026-09-13T12:37:52.530317+00:00,2.279374599456787,-0.15900923311710358
44.589360519001275,2026-09-13T12:37:52.583659+00:00,2.278488874435425,-0.15766413509845734
44.65558932600106,2026-09-13T12:37:52.649890+00:00,2.2737278938293457,-0.14996953308582306
44.7356186800007,2026-09-13T12:37:52.729914+00:00,2.2652502059936523,-0.14458997547626495
44.82755573000031,2026-09-13T12:37:52.821863+00:00,2.2552013397216797,-0.14176949858665466
44.86729665600069,2026-09-13T12:37:52.861589+00:00,2.244718074798584,-0.14230452477931976
44.959129574001054,2026-09-13T12:37:52.953434+00:00,2.23378586769104,-0.14152349531650543
45.006611838000026,2026-09-13T12:37:53.000910+00:00,2.2146949768066406,-0.1342855989933014
45.061552232000395,2026-09-13T12:37:53.055851+00:00,2.194016456604004,-0.1366529017686844
45.128766188001464,2026-09-13T12:37:53.123065+00:00,2.1685678958892822,-0.14127320051193237
45.22344123700168,2026-09-13T12:37:53.217737+00:00,2.1460437774658203,-0.14339564740657806
45.287500288000956,2026-09-13T12:37:53.281813+00:00,2.124124765396118,-0.14047110080718994
45.3777984770004,2026-09-13T12:37:53.372108+00:00,2.0993897914886475,-0.13835683465003967
45.429019503000745,2026-09-13T12:37:53.423313+00:00,2.083848714828491,-0.13577382266521454
45.50412644900098,2026-09-13T12:37:53.498401+00:00,2.075094223022461,-0.13854695856571198
45.57305760500094,2026-09-13T12:37:53.567357+00:00,2.0727384090423584,-0.14610819518566132
45.66569762100153,2026-09-13T12:37:53.659996+00:00,2.076366424560547,-0.15287360548973083
45.70750078200035,2026-09-13T12:37:53.701798+00:00,2.0783848762512207,-0.15906313061714172
45.789077062001525,2026-09-13T12:37:53.783373+00:00,2.0784289836883545,-0.1615622639656067
45.84678451000036,2026-09-13T12:37:53.841075+00:00,2.078528642654419,-0.16151666641235352
45.92589028900147,2026-09-13T12:37:53.920185+00:00,2.078929901123047,-0.16224487125873566
46.003207633000784,2026-09-13T12:37:53.997506+00:00,2.079010009765625,-0.1630864143371582
46.0526242570013,2026-09-13T12:37:54.046919+00:00,2.0791256427764893,-0.16383063793182373
46.116075836000164,2026-09-13T12:37:54.110369+00:00,2.0791842937469482,-0.16451452672481537
46.17526153500148,2026-09-13T12:37:54.169533+00:00,2.077122926712036,-0.16193412244319916
46.23363799600156,2026-09-13T12:37:54.227930+00:00,2.0710554122924805,-0.15590649843215942
46.35896955900171,2026-09-13T12:37:54.353274+00:00,2.061887741088867,-0.15174336731433868
46.44424869700015,2026-09-13T12:37:54.438556+00:00,2.050976276397705,-0.15050186216831207
46.51289463100147,2026-09-13T12:37:54.507195+00:00,2.0358052253723145,-0.14857719838619232
46.57655104800142,2026-09-13T12:37:54.570844+00:00,2.0193285942077637,-0.14162079989910126
46.644342398001754,2026-09-13T12:37:54.638645+00:00,1.9959213733673096,-0.14628398418426514
46.696099120001236,2026-09-13T12:37:54.690395+00:00,1.9730013608932495,-0.151679128408432
46.78292796500136,2026-09-13T12:37:54.777230+00:00,1.9462109804153442,-0.1534426510334015
46.830979719001334,2026-09-13T12:37:54.825274+00:00,1.9272716045379639,-0.15163928270339966
46.918700046000595,2026-09-13T12:37:54.913008+00:00,1.9026601314544678,-0.14904522895812988
46.98455422100051,2026-09-13T12:37:54.978855+00:00,1.8778061866760254,-0.14953525364398956
47.02275558600013,2026-09-13T12:37:55.017048+00:00,1.8564112186431885,-0.14591702818870544
47.093119586001194,2026-09-13T12:37:55.087414+00:00,1.8429453372955322,-0.14949703216552734
47.14761107400045,2026-09-13T12:37:55.141909+00:00,1.826845645904541,-0.15032543241977692
47.22234540500176,2026-09-13T12:37:55.216643+00:00,1.8200440406799316,-0.1494220495223999
47.299749187001,2026-09-13T12:37:55.294016+00:00,1.815415859222412,-0.1572287529706955
47.38621607300047,2026-09-13T12:37:55.380517+00:00,1.8149771690368652,-0.16279323399066925
47.47380859000077,2026-09-13T12:37:55.468108+00:00,1.81676185131073,-0.1650141179561615
47.52389726600086,2026-09-13T12:37:55.518204+00:00,1.818327784538269,-0.17012672126293182
47.60083991600004,2026-09-13T12:37:55.595095+00:00,1.819066047668457,-0.17201755940914154
47.68183263100036,2026-09-13T12:37:55.676120+00:00,1.818934679031372,-0.17207543551921844
47.769416860001,2026-09-13T12:37:55.763711+00:00,1.8188282251358032,-0.17188620567321777
47.83033713800069,2026-09-13T12:37:55.824644+00:00,1.8176707029342651,-0.17186717689037323
47.8672569950013,2026-09-13T12:37:55.861555+00:00,1.8136180639266968,-0.1689082533121109
47.9540721780013,2026-09-13T12:37:55.948370+00:00,1.8038771152496338,-0.16778774559497833
48.02295431300081,2026-09-13T12:37:56.017248+00:00,1.793006181716919,-0.16786526143550873
48.09122350300095,2026-09-13T12:37:56.085516+00:00,1.7808047533035278,-0.16727763414382935
48.16355796000062,2026-09-13T12:37:56.157851+00:00,1.7672277688980103,-0.16702714562416077
48.24350063200109,2026-09-13T12:37:56.237797+00:00,1.752505898475647,-0.16651715338230133
48.299852078000185,2026-09-13T12:37:56.294148+00:00,1.7273629903793335,-0.1673314869403839
48.381024768001225,2026-09-13T12:37:56.375318+00:00,1.697378396987915,-0.17149926722049713
48.461442525000166,2026-09-13T12:37:56.455740+00:00,1.6743851900100708,-0.17500761151313782
48.497917282000344,2026-09-13T12:37:56.492213+00:00,1.6578764915466309,-0.17762573063373566
48.570241723000436,2026-09-13T12:37:56.564535+00:00,1.6252143383026123,-0.17730863392353058
48.62925526000072,2026-09-13T12:37:56.623547+00:00,1.600765347480774,-0.18017244338989258
48.70159806900119,2026-09-13T12:37:56.695895+00:00,1.5803824663162231,-0.1840296983718872
48.79568270800155,2026-09-13T12:37:56.789977+00:00,1.5706002712249756,-0.18471764028072357
48.85840473400094,2026-09-13T12:37:56.852704+00:00,1.5678611993789673,-0.18789616227149963
48.919502330001706,2026-09-13T12:37:56.913798+00:00,1.5704624652862549,-0.1954352855682373
48.98925117800172,2026-09-13T12:37:56.983539+00:00,1.5736865997314453,-0.2011721432209015
49.07877309700052,2026-09-13T12:37:57.073066+00:00,1.5751391649246216,-0.20628689229488373
49.17516782000166,2026-09-13T12:37:57.169458+00:00,1.5752836465835571,-0.20846475660800934
49.24426385100014,2026-09-13T12:37:57.238560+00:00,1.5757554769515991,-0.2092263400554657
49.308038100001795,2026-09-13T12:37:57.302334+00:00,1.576551914215088,-0.21023045480251312
49.38730910600134,2026-09-13T12:37:57.381605+00:00,1.5773097276687622,-0.21125127375125885
49.44821101800153,2026-09-13T12:37:57.442509+00:00,1.578436255455017,-0.2137211263179779
49.49322768100137,2026-09-13T12:37:57.487522+00:00,1.578748345375061,-0.21518272161483765
49.55616840300172,2026-09-13T12:37:57.550462+00:00,1.577244520187378,-0.21323427557945251
49.63359426900024,2026-09-13T12:37:57.627896+00:00,1.5704874992370605,-0.21198822557926178
49.71702529700087,2026-09-13T12:37:57.711322+00:00,1.5629069805145264,-0.2105301022529602
49.786076687001696,2026-09-13T12:37:57.780375+00:00,1.5516401529312134,-0.20852935314178467
49.85267114400085,2026-09-13T12:37:57.846970+00:00,1.539434552192688,-0.20788343250751495
49.91611562300022,2026-09-13T12:37:57.910410+00:00,1.523076057434082,-0.20357416570186615
49.96555871500095,2026-09-13T12:37:57.959861+00:00,1.5039094686508179,-0.20979665219783783
50.034349779001786,2026-09-13T12:37:58.028654+00:00,1.4746911525726318,-0.21963274478912354
50.12672666100116,2026-09-13T12:37:58.121024+00:00,1.4444334506988525,-0.22631867229938507
50.16956038400167,2026-09-13T12:37:58.163855+00:00,1.4276899099349976,-0.2257411926984787
50.27371792000122,2026-09-13T12:37:58.268013+00:00,1.4128501415252686,-0.22856655716896057
50.32952250500057,2026-09-13T12:37:58.323822+00:00,1.3976123332977295,-0.22925283014774323
50.40297853300035,2026-09-13T12:37:58.397275+00:00,1.384700059890747,-0.23351727426052094
50.46662535500036,2026-09-13T12:37:58.460921+00:00,1.3796439170837402,-0.23838454484939575
50.542801780000445,2026-09-13T12:37:58.537095+00:00,1.3771816492080688,-0.24834534525871277
50.62225317800039,2026-09-13T12:37:58.616550+00:00,1.379878282546997,-0.2545730173587799
50.67385892400125,2026-09-13T12:37:58.668156+00:00,1.3828173875808716,-0.2608235776424408
50.7764570240015,2026-09-13T12:37:58.770714+00:00,1.383676290512085,-0.26626795530319214
50.82960159800132,2026-09-13T12:37:58.823892+00:00,1.3839868307113647,-0.2687591314315796
50.929464292001285,2026-09-13T12:37:58.923777+00:00,1.3846524953842163,-0.27185001969337463
50.987629328001276,2026-09-13T12:37:58.981938+00:00,1.385315179824829,-0.27510616183280945
51.049943506001,2026-09-13T12:37:59.044236+00:00,1.385927438735962,-0.2779703140258789
51.142347720000544,2026-09-13T12:37:59.136646+00:00,1.3863561153411865,-0.2788611948490143
51.20684157600044,2026-09-13T12:37:59.201153+00:00,1.3840216398239136,-0.27662625908851624
51.26654252800108,2026-09-13T12:37:59.260841+00:00,1.3784725666046143,-0.274260550737381
51.32166162300018,2026-09-13T12:37:59.315957+00:00,1.3737194538116455,-0.27288222312927246
51.37817615000131,2026-09-13T12:37:59.372470+00:00,1.3647741079330444,-0.2725955545902252
51.46910064200165,2026-09-13T12:37:59.463396+00:00,1.354122281074524,-0.2701988220214844
51.54121868200127,2026-09-13T12:37:59.535524+00:00,1.3361728191375732,-0.26423487067222595
51.603662144001646,2026-09-13T12:37:59.597959+00:00,1.3132238388061523,-0.2718234956264496
51.658388236000974,2026-09-13T12:37:59.651894+00:00,1.2926195859909058,-0.279860258102417
51.73511571800009,2026-09-13T12:37:59.729427+00:00,1.2700296640396118,-0.2889452278614044
51.81308803500178,2026-09-13T12:37:59.807384+00:00,1.2463796138763428,-0.2916377782821655
51.87998448700091,2026-09-13T12:37:59.874280+00:00,1.223231315612793,-0.2946919798851013
51.94594020900149,2026-09-13T12:37:59.940234+00:00,1.2062277793884277,-0.2997627556324005
52.0167433960014,2026-09-13T12:38:00.011037+00:00,1.1872183084487915,-0.30260512232780457
52.09472627500145,2026-09-13T12:38:00.088706+00:00,1.1661268472671509,-0.30666565895080566
52.16266199000165,2026-09-13T12:38:00.156954+00:00,1.1489019393920898,-0.31088414788246155
52.24673569800143,2026-09-13T12:38:00.241043+00:00,1.1419572830200195,-0.3138062059879303
52.297031682001034,2026-09-13T12:38:00.291329+00:00,1.1379379034042358,-0.31972381472587585
52.34235299700049,2026-09-13T12:38:00.336663+00:00,1.1394257545471191,-0.32452449202537537
52.41593066400128,2026-09-13T12:38:00.410206+00:00,1.1436758041381836,-0.3320944309234619
52.480443914000716,2026-09-13T12:38:00.474737+00:00,1.1451046466827393,-0.33613139390945435
52.57046607800112,2026-09-13T12:38:00.564768+00:00,1.145234227180481,-0.337706595659256
52.66811994700038,2026-09-13T12:38:00.662415+00:00,1.1455694437026978,-0.33805662393569946
52.72477889500078,2026-09-13T12:38:00.719077+00:00,1.1464076042175293,-0.3387206196784973
52.77129662700099,2026-09-13T12:38:00.765598+00:00,1.1474519968032837,-0.34029436111450195
52.861915769000916,2026-09-13T12:38:00.856207+00:00,1.1480945348739624,-0.3411216139793396
52.96298688600109,2026-09-13T12:38:00.957272+00:00,1.1460161209106445,-0.3404723107814789
52.996312885001316,2026-09-13T12:38:00.990615+00:00,1.1400059461593628,-0.33960631489753723
53.081140184000105,2026-09-13T12:38:01.075436+00:00,1.1305384635925293,-0.33702921867370605
53.13041057200098,2026-09-13T12:38:01.124714+00:00,1.1192320585250854,-0.3385467827320099
53.18693585300025,2026-09-13T12:38:01.181231+00:00,1.1069042682647705,-0.3380809724330902
53.29291380000177,2026-09-13T12:38:01.287210+00:00,1.0885043144226074,-0.33859163522720337
53.325975120000294,2026-09-13T12:38:01.320274+00:00,1.0670984983444214,-0.35338425636291504
53.39484759900006,2026-09-13T12:38:01.389145+00:00,1.0434991121292114,-0.3674165904521942
53.47013280400097,2026-09-13T12:38:01.464427+00:00,1.0232787132263184,-0.3778190016746521
53.552900621001754,2026-09-13T12:38:01.547194+00:00,1.003109335899353,-0.383826345205307
53.60298626400072,2026-09-13T12:38:01.597150+00:00,0.9947481155395508,-0.387098491191864
