campaign,episode,result,navigation,timeout_s,total_bytes,native_bag,observation_images,observation_events,policy_inputs,policy_trace,body_events,camera_timing,runtime_events,other
recording-five-goals-20260913,direct_goal-goal-1-001,,direct_goal,,102408,0,0,0,0,0,0,0,0,102408
recording-five-goals-20260913,direct_goal-goal-2-001,,direct_goal,,102408,0,0,0,0,0,0,0,0,102408
recording-five-goals-20260913,direct_goal-goal-3-001,,direct_goal,,102408,0,0,0,0,0,0,0,0,102408
recording-five-goals-20260913,direct_goal-goal-4-001,,direct_goal,,102408,0,0,0,0,0,0,0,0,102408
recording-five-goals-20260913,direct_goal-goal-5-001,,direct_goal,,102408,0,0,0,0,0,0,0,0,102408
recording-five-goals-20260913,full-goal-1-001,,full,,2884826247,2728974164,147920010,291030,0,481,5366709,1329617,0,944236
recording-five-goals-20260913,full-goal-1-002,GOAL_DISTANCE_REACHED,full,,3213287224,3016499590,171421320,334392,9090264,2340026,6076626,1504742,4412167,1608097
recording-five-goals-20260913,full-goal-1-003,,full,,102014,0,0,0,0,0,0,0,0,102014
recording-five-goals-20260913,full-goal-1-004,,full,,102142,0,0,0,0,0,0,0,0,102142
recording-five-goals-20260913,full-goal-1-005,,full,,102150,0,0,0,0,0,0,0,0,102150
recording-five-goals-20260913,full-goal-1-006,CONTROLLER_INHIBITED:MOTION_TIMEOUT,full,,1178786897,1117268690,55988415,106939,0,48574,2099676,524591,1806182,943830
recording-five-goals-20260913,full-goal-1-007,GOAL_DISTANCE_REACHED,full,,1716674992,1617299020,84328230,164638,5524156,1517039,3074697,761320,2886630,1119262
recording-five-goals-20260913,full-goal-1-008,,full,,102195,0,0,0,0,0,0,0,0,102195
recording-five-goals-20260913,full-goal-2-001,TRIAL_TIME_LIMIT,full,,10220124343,9600629736,543986205,1086006,21835668,7429746,19120606,4742519,17220219,4073638
recording-five-goals-20260913,full-goal-2-002,,full,,102014,0,0,0,0,0,0,0,0,102014
recording-five-goals-20260913,full-goal-2-003,,full,,102142,0,0,0,0,0,0,0,0,102142
recording-five-goals-20260913,full-goal-2-004,CONTROLLER_INHIBITED:SWEEP_CANCELLED,full,,3714852332,3497035387,188010480,371384,9429876,3036825,6766867,1675929,6726564,1799020
recording-five-goals-20260913,full-goal-2-005,,full,,102187,0,0,0,0,0,0,0,0,102187
recording-five-goals-20260913,full-goal-2-006,TRIAL_TIME_LIMIT,full,,8706590586,8154214762,476938350,950632,23758764,8616988,16750928,4153470,17733332,3473360
recording-five-goals-20260913,full-goal-2-007,,full,,182088682,181478093,0,0,0,0,27890,5789,0,576910
recording-five-goals-20260913,full-goal-2-008,,full,,102195,0,0,0,0,0,0,0,0,102195
recording-five-goals-20260913,full-goal-3-001,,full,,2245662293,2129628263,109903185,213999,0,481,3984173,983552,0,948640
recording-five-goals-20260913,full-goal-3-002,,full,,3045119371,2886030429,151376085,296073,0,481,5417744,1331409,0,667150
recording-five-goals-20260913,full-goal-3-003,CONTROLLER_INHIBITED:NO_MOTION_PROGRESS,full,,6095425097,5722783550,316576470,630548,20938027,6866054,11234842,2784928,10795002,2815676
recording-five-goals-20260913,full-goal-3-004,,full,,102014,0,0,0,0,0,0,0,0,102014
recording-five-goals-20260913,full-goal-3-005,,full,,102142,0,0,0,0,0,0,0,0,102142
recording-five-goals-20260913,full-goal-3-006,CONTROLLER_INHIBITED:MOTION_TIMEOUT,full,,5144330184,4822121094,273721140,539472,18320175,5037503,9737259,2413777,10074555,2365209
recording-five-goals-20260913,full-goal-3-007,,full,,102187,0,0,0,0,0,0,0,0,102187
recording-five-goals-20260913,full-goal-3-008,GOAL_DISTANCE_REACHED,full,,4684075286,4386821421,246072540,486403,21923658,6668069,8794319,2186736,8923274,2198866
recording-five-goals-20260913,full-goal-3-009,,full,,102195,0,0,0,0,0,0,0,0,102195
recording-five-goals-20260913,full-goal-4-001,,full,,101850,0,0,0,0,0,0,0,0,101850
recording-five-goals-20260913,full-goal-4-002,,full,,100143305,99529366,0,0,0,0,81521,15846,0,516572
recording-five-goals-20260913,full-goal-4-003,,full,,202953073,199964455,2073645,2843,0,481,211858,49667,0,650124
recording-five-goals-20260913,full-goal-4-004,CONTROLLER_INHIBITED:MOTION_TIMEOUT,full,,8611397514,8079142421,456201900,904124,26104665,8592892,16064424,3976991,16933084,3477013
recording-five-goals-20260913,full-goal-4-005,,full,,342397914,333611304,7603365,11811,0,481,429802,99764,0,641387
recording-five-goals-20260913,full-goal-4-006,CONTROLLER_INHIBITED:COMMAND_TRANSPORT_FAILED,full,,528675894,507095526,19354020,35667,0,1216,838019,207720,427871,715855
recording-five-goals-20260913,full-goal-4-007,CONTROLLER_INHIBITED:MOTION_TIMEOUT,full,,7332206481,6869328918,399522270,794334,20223361,6910969,14086722,3486884,14651578,3201445
recording-five-goals-20260913,full-goal-4-008,,full,,102187,0,0,0,0,0,0,0,0,102187
recording-five-goals-20260913,full-goal-4-009,GOAL_DISTANCE_REACHED,full,,7307747985,6834319570,401595915,800068,26034800,9529577,14185039,3518101,14676541,3088374
recording-five-goals-20260913,full-goal-4-010,,full,,102195,0,0,0,0,0,0,0,0,102195
recording-five-goals-20260913,full-goal-5-001,,full,,101850,0,0,0,0,0,0,0,0,101850
recording-five-goals-20260913,full-goal-5-002,,full,,102014,0,0,0,0,0,0,0,0,102014
recording-five-goals-20260913,full-goal-5-003,,full,,102142,0,0,0,0,0,0,0,0,102142
recording-five-goals-20260913,full-goal-5-004,CONTROLLER_INHIBITED:NO_MOTION_PROGRESS,full,,5283724768,4952121600,283398150,546319,16633778,6607654,9880472,2490214,9745806,2300775
recording-five-goals-20260913,full-goal-5-005,,full,,102187,0,0,0,0,0,0,0,0,102187
recording-five-goals-20260913,full-goal-5-006,CONTROLLER_INHIBITED:NO_MOTION_PROGRESS,full,,5350335873,4982015528,317958900,624824,15446487,6852911,11023326,2784322,11072773,2556802
recording-five-goals-long5-20260913,direct_goal-goal-1-001,,direct_goal,,106716,0,0,0,0,0,0,0,0,106716
recording-five-goals-long5-20260913,direct_goal-goal-2-001,,direct_goal,,106716,0,0,0,0,0,0,0,0,106716
recording-five-goals-long5-20260913,direct_goal-goal-3-001,,direct_goal,,106716,0,0,0,0,0,0,0,0,106716
recording-five-goals-long5-20260913,direct_goal-goal-4-001,,direct_goal,,106716,0,0,0,0,0,0,0,0,106716
recording-five-goals-long5-20260913,direct_goal-goal-5-001,,direct_goal,,106716,0,0,0,0,0,0,0,0,106716
recording-five-goals-long5-20260913,full-goal-1-001,,full,,106503,0,0,0,0,0,0,0,0,106503
recording-five-goals-long5-20260913,full-goal-2-001,,full,,106503,0,0,0,0,0,0,0,0,106503
recording-five-goals-long5-20260913,full-goal-3-001,,full,,106503,0,0,0,0,0,0,0,0,106503
recording-five-goals-long5-20260913,full-goal-4-001,,full,,106503,0,0,0,0,0,0,0,0,106503
recording-five-goals-long5-20260913,full-goal-5-001,TRIAL_TIME_LIMIT,full,,8102693714,7535468312,481085640,947245,32069207,10807557,16849980,4186731,17638814,3640228
recording-five-goals-recaptured5-20260914,direct_goal-goal-1-001,,direct_goal,,111363,0,0,0,0,0,0,0,0,111363
recording-five-goals-recaptured5-20260914,direct_goal-goal-1-002,,direct_goal,,111456,0,0,0,0,0,0,0,0,111456
recording-five-goals-recaptured5-20260914,direct_goal-goal-2-001,,direct_goal,,111363,0,0,0,0,0,0,0,0,111363
recording-five-goals-recaptured5-20260914,direct_goal-goal-2-002,,direct_goal,,111456,0,0,0,0,0,0,0,0,111456
recording-five-goals-recaptured5-20260914,direct_goal-goal-3-001,,direct_goal,,111363,0,0,0,0,0,0,0,0,111363
recording-five-goals-recaptured5-20260914,direct_goal-goal-3-002,,direct_goal,,111456,0,0,0,0,0,0,0,0,111456
recording-five-goals-recaptured5-20260914,direct_goal-goal-4-001,ERROR:NODE_UNAVAILABLE:sweep_scheduler_node,direct_goal,,464089867,444904568,17280375,28791,0,0,739513,188620,285964,662036
recording-five-goals-recaptured5-20260914,direct_goal-goal-4-002,PIXNAV_TERMINAL_BEFORE_GOAL,direct_goal,,1283849494,1206618508,62900565,119025,8348523,28247,2220186,554841,2034020,1025579
recording-five-goals-recaptured5-20260914,direct_goal-goal-4-003,PIXNAV_TERMINAL_BEFORE_GOAL,direct_goal,,1851578423,1742858341,88475520,170997,11701917,29841,3243346,812034,3064702,1221725
recording-five-goals-recaptured5-20260914,direct_goal-goal-4-004,PIXNAV_TERMINAL_BEFORE_GOAL,direct_goal,,2047674431,1922286690,104373465,202519,11091290,35156,3782293,938316,3625872,1338830
recording-five-goals-recaptured5-20260914,direct_goal-goal-4-005,PIXNAV_TERMINAL_BEFORE_GOAL,direct_goal,,1797607847,1691120391,89857950,172550,8172126,23769,3234876,815938,3025301,1184946
recording-five-goals-recaptured5-20260914,direct_goal-goal-4-006,PIXNAV_TERMINAL_BEFORE_GOAL,direct_goal,,1072129743,1009649697,51149910,96437,6343667,20116,1911082,478397,1563326,917111
recording-five-goals-recaptured5-20260914,direct_goal-goal-4-007,,direct_goal,,111456,0,0,0,0,0,0,0,0,111456
recording-five-goals-recaptured5-20260914,direct_goal-goal-5-001,,direct_goal,,111363,0,0,0,0,0,0,0,0,111363
recording-five-goals-recaptured5-20260914,direct_goal-goal-5-002,,direct_goal,,111456,0,0,0,0,0,0,0,0,111456
recording-five-goals-recaptured5-20260914,full-goal-1-001,,full,,111150,0,0,0,0,0,0,0,0,111150
recording-five-goals-recaptured5-20260914,full-goal-1-002,,full,,111243,0,0,0,0,0,0,0,0,111243
recording-five-goals-recaptured5-20260914,full-goal-2-001,,full,,111150,0,0,0,0,0,0,0,0,111150
recording-five-goals-recaptured5-20260914,full-goal-2-002,,full,,111243,0,0,0,0,0,0,0,0,111243
recording-five-goals-recaptured5-20260914,full-goal-3-001,,full,,111150,0,0,0,0,0,0,0,0,111150
recording-five-goals-recaptured5-20260914,full-goal-3-002,,full,,111243,0,0,0,0,0,0,0,0,111243
recording-five-goals-recaptured5-20260914,full-goal-4-001,,full,,111150,0,0,0,0,0,0,0,0,111150
recording-five-goals-recaptured5-20260914,full-goal-4-002,CONTROLLER_INHIBITED:LOCALIZED_POSE_STALE,full,,3405005299,3202170434,172112535,328969,11774849,3268924,6166128,1547591,5958534,1677335
recording-five-goals-recaptured5-20260914,full-goal-4-003,CONTROLLER_INHIBITED:NODE_UNAVAILABLE:rtab_pointgoal_adapter,full,,6731354538,6273368713,414037785,812338,6576862,1366310,14885981,3638699,15027574,1640276
recording-five-goals-recaptured5-20260914,full-goal-4-004,,full,,111243,0,0,0,0,0,0,0,0,111243
recording-five-goals-recaptured5-20260914,full-goal-5-001,CONTROLLER_INHIBITED:MOTION_TIMEOUT,full,,5980973640,5603417233,321414975,621809,20590703,6849455,11266136,2834490,11354602,2624237
recording-five-goals-recaptured5-20260914,full-goal-5-002,,full,,111243,0,0,0,0,0,0,0,0,111243
