episode_time_s,odom_x_m,odom_y_m,start_forward_m,start_left_m,yaw_relative_rad,cumulative_path_m,goal_distance_interpolated_m
0.0,-2.692902067864872,4.603205535608221,-8.885906711727886e-06,-9.474017284797918e-06,-2.6787563400798575e-05,0.0,3.1146247517631456
0.1,-2.6928617563650272,4.603199641848765,-4.339935773843222e-05,1.2172578717547179e-05,3.7912267931705657e-05,4.074007143171771e-05,3.114647578951838
0.2,-2.692876514100198,4.603129846056584,-1.7534707858275171e-06,7.009376183327414e-05,2.4132638679397186e-05,0.000112079004375761,3.114586084240599
0.3,-2.6928820870226957,4.603228366623104,-3.637591064555142e-05,-2.2311033230378038e-05,-0.0001172545042202877,0.00021075706420972692,3.114655084631743
0.4,-2.6928076631335944,4.603125594398703,-6.304595281287565e-05,0.00010174441496947051,6.4578569196172e-05,0.00033764695891088964,3.114629368074009
0.5,-2.6928859424152085,4.603293698647665,-5.918886755960253e-05,-8.365193705071942e-05,-0.00021993859212043887,0.0005230834290267899,3.114700734046674
0.6,-2.692796209513176,4.60319828946191,-0.00010283713919832758,3.983787960012288e-05,-3.5875231159110403e-06,0.0006540601690744281,3.11469077542308
0.7,-2.6929172058398008,4.603324151739769,-4.285749514934776e-05,-0.0001241251233736394,-0.0003995719650693453,0.0008286494701338467,3.1147021459572497
0.8,-2.6928523568166676,4.603277926312165,-8.356440703184592e-05,-5.567708992136e-05,-0.0001701589369216272,0.000908287312636603,3.1147117303914063
0.9,-2.6928979016777403,4.603319515385836,-5.865374217387431e-05,-0.00011209910863121599,-0.00038968350692281106,0.0009699637702112848,3.114711737127809
1.0,-2.692940853311483,4.603284920430109,-5.399692555555882e-06,-9.775825781464357e-05,-0.0002511861653031744,0.0010251149606145165,3.1146572288294667
1.1,-2.692915221554765,4.603241442811815,-1.1326095621803955e-05,-4.76367255987483e-05,-0.00020971376698941668,0.0010755856476018428,3.114642401121576
1.2,-2.692968364051342,4.603282175656796,2.0882516911762388e-05,-0.00010633847072879248,-0.0003040045571292005,0.0011425430191351555,3.1146366534844985
1.3,-2.6928979148487757,4.603157550731048,6.6605269376316975e-06,3.6112212881734026e-05,-9.521454593741652e-05,0.0012857018898345663,3.1145921146657742
1.4,-2.693041160684265,4.603281340895918,8.783652916940364e-05,-0.00013492530044560902,-0.0005330809664374492,0.0014750253545808404,3.114586956784041
1.5,-2.6930012615852776,4.603160615428315,9.999924766377904e-05,-8.360515032628514e-06,-0.00034112732027802295,0.001602173207994916,3.114524697587463
1.6,-2.6930400838212405,4.603174103453426,0.00013008793049463385,-3.6356300287833325e-05,-0.0005953813157719701,0.00164327178250245,3.1145084839121444
1.7,-2.6930244545524618,4.603192355017491,0.00010842650589258213,-4.6757084756793306e-05,-0.0005251700861390596,0.0016673007989900246,3.1145325008149563
1.8,-2.6930114525120956,4.603210553288848,8.919079002915985e-05,-5.816836730093228e-05,-0.0006122650784639028,0.001689666624127508,3.1145547070293604
1.9,-2.693067648494047,4.603295463548833,0.00010638189281361271,-0.00015852875103496047,-0.0007189181018789625,0.0017914887270236229,3.1145795289734557
2.0,-2.6930575336593234,4.603147927868909,0.0001566102597629096,-1.9438140690884486e-05,-0.0004982494320460162,0.0019393707297564802,3.114477387421486
2.1,-2.6931071769016475,4.603301457693246,0.00014013824868723624,-0.00017995147758420057,-0.0007290968534250375,0.002100727038804203,3.1145573062242553
2.2,-2.6930135310477055,4.603166864998818,0.00010870749079867228,-1.902650496521015e-05,-0.0005417850399518365,0.0022646927039718604,3.1145210406235733
2.3,-2.6930711355338706,4.603228011436852,0.00013676882936777333,-9.820809997487761e-05,-0.000725763312640737,0.002348699630534881,3.114527361425509
2.4,-2.69305224625309,4.603208612291544,0.00012730442863094987,-7.283967696965878e-05,-0.0005684002120536213,0.0023757760366309435,3.114525769724162
2.5,-2.6932760888470866,4.60319128499981,0.00033913278065836696,-0.00014723383805259027,-0.00021189795121134836,0.002600288267758525,3.114362059064813
2.6,-2.6934254548296312,4.6036400438411755,0.0002948859418878227,-0.0006181233279585322,0.018691847528584216,0.003073252002568145,3.114592827250566
2.7,-2.693523119644903,4.603529611198655,0.0004287858121277285,-0.0005564418118790748,0.041090644365993086,0.003220675829258826,3.1144454213556303
2.8,-2.694363047854279,4.603005799226804,0.0014086132505267952,-0.0004157415285829774,0.06577428027109056,0.004210553790807258,3.1134923361988074
2.9,-2.69504442736942,4.602542845288962,0.0022188128279786415,-0.0002668085338685737,0.08149996517214443,0.0050343282697866394,3.1126910895922175
3.0,-2.695810382707628,4.601789793478101,0.0032233731915131147,0.00011349803455453603,0.10562608095067727,0.006108467278467673,3.111618535595335
3.1,-2.695923648610577,4.60089336405116,0.0036884544086176743,0.0008881685088552822,0.12197754066965061,0.0070120240737256145,3.110879986828837
3.2,-2.6960420777122804,4.599437908786784,0.004383653104154013,0.0021723313694208234,0.1378021221885226,0.008472289624483867,3.109725200600141
3.3,-2.6962982717388595,4.5978817983717075,0.005245505799578947,0.003493060310025909,0.15448374571789758,0.010049348597117121,3.10840343771018
3.4,-2.6966697295786926,4.5972568191843335,0.005837417386576309,0.0039152221091058445,0.16641772830028723,0.010776383611008572,3.107691485824077
3.5,-2.696965905555606,4.596589219193952,0.006377621449545153,0.004406739684387165,0.1838707655342997,0.011506732812732292,3.1069988614414523
3.6,-2.697135666840417,4.59558510384441,0.006937820237974655,0.005257177128557839,0.19787981924624898,0.012525097447332998,3.106143158291915
3.7,-2.6979943982716126,4.594330993850042,0.008229302274941439,0.006058604416021036,0.2135587761414146,0.014045035455574943,3.1046381359798043
3.8,-2.698950266008668,4.5935136058532295,0.009433594312494142,0.006421215718055266,0.22835125972697143,0.015302734254205124,3.1033898939527655
3.9,-2.700021266430008,4.593273576256659,0.010510462225679272,0.006209056326813091,0.24413422076041913,0.01640030252531173,3.102490162568587
4.0,-2.701325503535304,4.593866671140975,0.011464863177443215,0.005140452194355875,0.2599430882804245,0.017833060693542697,3.1020484691005055
4.1,-2.702741472841134,4.594242301007496,0.01260919148132011,0.004225804937419479,0.27376017382862905,0.019298006723837004,3.1013714137337565
4.2,-2.7039805352967767,4.594298467462373,0.013720433129526229,0.003674830855516012,0.2875061276128216,0.02053834153332887,3.1005779904711086
4.3,-2.704523944539908,4.593564671692604,0.014513573940693357,0.004127243820529229,0.2994076237717258,0.021451440562597273,3.0996696210363117
4.4,-2.7047206374737405,4.5921251005748305,0.015273988912208752,0.0053653157830757196,0.3118623138801678,0.022904386918574837,3.098473417098797
4.5,-2.7045156350574238,4.590785700788604,0.015626417697607482,0.006673678014745755,0.32323957398396885,0.024259384253641672,3.0976222260727115
4.6,-2.70450115415918,4.5893536498607315,0.01619055182472061,0.007990010891742266,0.3366841885280527,0.025691508395060843,3.0965744922224
4.7,-2.705169791325304,4.58924454017921,0.016846424878471766,0.007820272505137423,0.3471931259482304,0.026368989452009363,3.096043015088342
4.8,-2.706176081826536,4.589575729376155,0.01763376703340144,0.00711147127198858,0.3626811014812015,0.02742837930331181,3.095609161846518
4.9,-2.706889288050093,4.589879969823446,0.018163768156199425,0.006545499384946987,0.3776410250412767,0.028203766540173848,3.095353206640323
5.0,-2.706839895756987,4.589838616739977,0.018135241491903653,0.00660325668366223,0.3933200032459845,0.028268184520045352,3.095355941829164
5.1,-2.7081304454310406,4.591090971405491,0.018811311163944147,0.004936871233659167,0.40371769254121714,0.030066492243833152,3.0954119468606183
5.2,-2.7071069154688416,4.592533120100051,0.01729320420632481,0.004029811309525304,0.3938670677292304,0.03183493971004242,3.0971673181321697
5.3,-2.705609451196037,4.594713387469229,0.015043791195549303,0.002638370992306923,0.38814319856920987,0.03447992837720659,3.0997875297116195
5.4,-2.7034963966194403,4.595162855018382,0.012928878779257694,0.00307901392352554,0.3837469858250344,0.03664025722287277,3.101542943007067
5.5,-2.7020771861410746,4.595660120728402,0.01142964334271806,0.003196166277701049,0.380417895199503,0.03814406291785635,3.1028665980170342
5.6,-2.7007909792443225,4.59632528547009,0.009984426877583323,0.0031060458929908843,0.3778718770761116,0.039592086507041574,3.10422480997334
5.7,-2.6998593490216134,4.596595228169652,0.009023038416011797,0.003234638889958789,0.37598807834601505,0.04056203698666002,3.1050521559632513
5.8,-2.6989934515356846,4.596972393724703,0.008078572132794387,0.0032386077588314023,0.37445294007176333,0.04150651160889962,3.105914459416204
5.9,-2.6982385559196937,4.597301898738525,0.0072549017249835535,0.003241436976592888,0.3731540311651047,0.0423301868757229,3.106666769836509
6.0,-2.697627721374714,4.597550515449792,0.006595677271023441,0.003260204761834077,0.3723595132542594,0.042989678430226726,3.1072622418970024
6.1,-2.69725463705417,4.597847844655574,0.0061343818263472644,0.003138536854942004,0.37192692804494243,0.043466749249756166,3.107733380234829
6.2,-2.6970031238958576,4.5978485296377585,0.005903941647214837,0.0032393171201045372,0.371335712647491,0.04371826334082229,3.107903495547896
6.3,-2.696756339489724,4.598020146212129,0.005608911252032706,0.003181768378781035,0.37108246850550497,0.04401885407871892,3.108196641599218
6.4,-2.696439950981967,4.598143191658812,0.00526976824941457,0.003196731452169087,0.37138152968456817,0.044358327008111036,3.1085008690823885
6.5,-2.6954734584785762,4.597046803684926,0.004827364940180798,0.004589733124950068,0.390112659414211,0.04581989272623376,3.1083435345096535
6.6,-2.697207862597919,4.5965670486381125,0.006607979390028283,0.004329474147908141,0.41795602616320515,0.04761942670872383,3.1068192785242696
6.7,-2.699589366961984,4.596779679664822,0.00870160456356629,0.003174697709670968,0.4387404893625799,0.05001040453998446,3.105370392796787
6.8,-2.700949284662431,4.5976773388537575,0.009584163089174688,0.0018049318098378286,0.4616431554192997,0.051639873217642844,3.1051171458551656
6.9,-2.701995695907445,4.59928112796839,0.009895123323712667,-8.462362741242322e-05,0.485720286641699,0.05355484476257658,3.105597908011164
7.0,-2.7026689300446294,4.59997944295971,0.01022965915146459,-0.0009951036164966356,0.5088552191445399,0.054524838592748946,3.1056611203515687
7.1,-2.7025056289805858,4.599497706640909,0.010274449883665803,-0.0004884174131332499,0.5318559120625723,0.05503350067937417,3.105414765886491
7.2,-2.701726597442057,4.599350592731868,0.009620859341574266,-3.969473313571783e-05,0.555086908993804,0.055826301184076124,3.1058304499913048
7.3,-2.702104074615134,4.600446356565084,0.009524496271489501,-0.0011946412916835107,0.5808455713725187,0.056985260801309424,3.10638662466037
7.4,-2.7042174008068725,4.601813794693839,0.010907102559426708,-0.0032980752652650093,0.6147542340681165,0.05950240891547759,3.105976543748797
7.5,-2.7045202511037787,4.605625496109679,0.00964741353196321,-0.006908334195029834,0.6546256533889817,0.063326122553534,3.1085952533356114
7.6,-2.7007962444484446,4.603146664245834,0.007238946633900755,-0.003138437620967725,0.7069268175283683,0.06779969304903173,3.109264097407949
7.7,-2.6961641154172193,4.5996685745317665,0.004402330224034254,0.001912041045881439,0.7550081435627457,0.07359225098322819,3.1098132596487362
7.8,-2.696229886562571,4.60079721158072,0.004007465536556632,0.0008526877948764729,0.7920989865002916,0.0747228028094757,3.1106025382678926
7.9,-2.69871817086158,4.602297389094902,0.005679683479596108,-0.001523396900105627,0.820601047367804,0.07762833052862611,3.11003480645746
8.0,-2.6989616843447837,4.603468599017177,0.00543030897776381,-0.00269337290685624,0.8625428897215677,0.07882458781639334,3.110736871480935
8.1,-2.6967897976673405,4.601942184433388,0.004058210395131338,-0.00042084596514660764,0.8888421462167932,0.08147921269031776,3.111071144142447
8.2,-2.69414336469423,4.600950448507498,0.0020362703083943176,0.0015537187751224631,0.8935050998134606,0.08430536690193961,3.1121224686791455
8.3,-2.6933913359602077,4.601899763378311,0.0009653234953261915,0.000988193475669456,0.8873591387453061,0.08551645977234311,3.113330581966169
8.4,-2.6936182071295405,4.602744086766737,0.0008325160764760199,0.00012406692173415706,0.8861738790679217,0.08639073233380078,3.11380112403018
8.5,-2.693618149979191,4.603457012169807,0.0005450207620995805,-0.000528320292901412,0.8833491803407584,0.08710365773916123,3.1143277375224048
8.6,-2.693482731091098,4.603889356135221,0.0002467806886657305,-0.0008693663869720187,0.8822199887916753,0.08755671356318587,3.1147383825382513
8.7,-2.693463832613456,4.604387757733139,2.8536791019427344e-05,-0.0013178425919199144,0.8805509190137912,0.0880554733302725,3.1151193090606024
8.8,-2.6933632661721085,4.604832520466354,-0.00024281630995587892,-0.0016843054039112184,0.8796749472691558,0.08851146400778849,3.115515673670362
8.9,-2.693229809535913,4.605259152050079,-0.0005369575289115766,-0.0020209151561291967,0.8792194371613042,0.08895848210806744,3.115920821114731
9.0,-2.6929953659214934,4.605638289029445,-0.0009043644049900394,-0.0022733450372342213,0.8788889670723796,0.08940424960067365,3.1163589338055817
9.1,-2.6928126137469444,4.606054756016408,-0.0012395185719739706,-0.00258077761990232,0.8785424284563046,0.08985904967601739,3.116789801969307
9.2,-2.692829945290005,4.606259670050999,-0.0013062770733189197,-0.002775285836837989,0.8781607560603941,0.09006469535177382,3.116929541384817
9.3,-2.692779788546396,4.6063617192760296,-0.0013933213989276983,-0.0028484502314440373,0.877672957833584,0.09017840438069745,3.117038744262405
9.4,-2.692755344916698,4.606458026302032,-0.0014545200271086803,-0.0029267270619812032,0.8772637345074183,0.09027776500816215,3.1171263800485804
9.5,-2.6927325039605625,4.606522630090059,-0.0015014696540065534,-0.0029766378948619335,0.8769724077751451,0.0903462876956802,3.117189508980822
9.6,-2.692736421301345,4.606663139561696,-0.0015545365705585163,-0.003106799945959904,0.8761686862612865,0.09048685176355804,3.1172907033725368
9.7,-2.692684789281313,4.606758651887155,-0.0016402953470087,-0.0031733874978670945,0.8760461338435677,0.09059542648348504,3.1173960714744937
9.8,-2.692713926198686,4.606699260135325,-0.001589685608858904,-0.003130784745093479,0.8757511014405748,0.09066158039598823,3.117332551444281
9.9,-2.6926696250075093,4.606777668050101,-0.0016618395238832651,-0.0031846754603036135,0.8758989140645081,0.09075163813657283,3.117420340662528
10.0,-2.69262924748568,4.606817291960672,-0.0017147655741477743,-0.003204656245108734,0.8757123898991401,0.09080821020174665,3.1174768253081515
10.1,-2.6926296467058206,4.606788471276892,-0.0017027800851738002,-0.0031784429041480725,0.8756500422557763,0.09083703365036518,3.1174552580571895
10.2,-2.692598472974078,4.606738305783961,-0.0017110815733363163,-0.0031199667250142956,0.875567689210212,0.09089609614465553,3.1174391889305655
10.3,-2.6926252956264345,4.606734927970558,-0.001685173810327398,-0.0031276902034210992,0.8756282395911663,0.09092313064673763,3.117418621660354
10.4,-2.6925591966175655,4.606736809868976,-0.0017464209053663685,-0.0031027620293120894,0.8755238345977285,0.09098925643985288,3.1174645452283345
10.5,-2.6924542753890104,4.606873534663661,-0.0018975619257937506,-0.0031855782452806804,0.8553097504265306,0.09116159950958064,3.117636270289942
10.6,-2.692414879338984,4.60743685157626,-0.0021607365835273427,-0.0036851951908544434,0.8259381043565767,0.09172629234004483,3.118079109808851
10.7,-2.6923375290120015,4.608015577568372,-0.0024648566076793292,-0.004183610537668544,0.7948945846424016,0.09231016462661958,3.1185589427277356
10.8,-2.6920469428018032,4.608260679648128,-0.0028295992634526745,-0.0042907467599158896,0.7713229083320223,0.0926903164055948,3.118935833989887
10.9,-2.6918390899155424,4.60837485277521,-0.003065842244985405,-0.004311424742197579,0.752539325645319,0.09292746261634824,3.119160227691099
11.0,-2.6916405412873283,4.608621880190191,-0.0033471360040086555,-0.004457431326475857,0.728161251688167,0.09324439179064123,3.119476547099965
11.1,-2.6912157759972097,4.609082460192963,-0.00392154636309218,-0.004707655685841716,0.7130270609894191,0.09387093747185092,3.1201030818618536
11.2,-2.6911499687649783,4.609872686895638,-0.0043003776660127495,-0.005404272996395371,0.694010418389166,0.09466389953490029,3.1207315028608544
11.3,-2.691339686476549,4.6100945180401895,-0.004216203406455486,-0.005683766396683393,0.6770965375034684,0.09495579312300488,3.1207677232489854
11.4,-2.6912779355023777,4.610126355222666,-0.004285549153483589,-0.005688003892199264,0.6581772602517962,0.09502526821925622,3.120832843424236
11.5,-2.6906540278405053,4.610468093363011,-0.004994282489782725,-0.005749182198221885,0.6447626442690524,0.09573663712995552,3.121505636956674
11.6,-2.690057002079945,4.61074596887673,-0.005652667088417619,-0.005762757181741267,0.6308200689683239,0.09639516166245007,3.1221131371704636
11.7,-2.6889468624570174,4.6110533884546,-0.006792522792170357,-0.005596487058525215,0.6129592807378481,0.09754708040057873,3.1230881452865376
11.8,-2.6872431805084283,4.610900344851946,-0.008289885992716616,-0.004769530002861651,0.5923129313156292,0.09925762257376883,3.124123074384801
11.9,-2.683914687396306,4.611115854859669,-0.011422738158465052,-0.003624738201510501,0.5657388014775511,0.10259308520448071,3.126526542901354
12.0,-2.681358848261754,4.611910836131698,-0.014082157323757881,-0.003321755350748382,0.5417908913921088,0.10526970787205692,3.128837749985499
12.1,-2.679254896717473,4.612543821452009,-0.016262731574534006,-0.003052722911692523,0.5204177482513379,0.10746681563373184,3.1307249435825595
12.2,-2.678876750951257,4.61205162505713,-0.016410331534201898,-0.0024498416932544373,0.49558883533761877,0.10808750195679635,3.1306172094614984
12.3,-2.679845008122751,4.610918338803151,-0.015067335305174276,-0.001803141753231797,0.46969617864254154,0.10957809233768834,3.129127496598385
12.4,-2.6804296144741295,4.609016980072825,-0.013765746861010847,-0.00029888209164490655,0.4422458805977181,0.1115672955971511,3.1273304798349897
12.5,-2.680630017976348,4.607024665574255,-0.012779076749562374,0.0014435187566351993,0.41554135497551536,0.11356966385122251,3.125726265629395
12.6,-2.6814680922620195,4.605543325529015,-0.011414881975605513,0.0024612168732909756,0.38475187113841836,0.11527164412077205,3.1240680300478565
12.7,-2.681945031459485,4.605001396889967,-0.010759927580162768,0.0027648488673070303,0.36238803348654525,0.11599355661401478,3.1233462683128734
12.8,-2.6816661384349567,4.605472306216909,-0.011205012388777235,0.002446358009553285,0.3252322617121366,0.11654085626990002,3.123881836495982
12.9,-2.6798024156187283,4.604890006270281,-0.012675760695109745,0.0037306614717433234,0.28506521879056956,0.11849342789818239,3.12471272821541
13.0,-2.6763541319677078,4.601391080753158,-0.014420619157484982,0.008322895008765074,0.24845359809178721,0.12340597712564767,3.1244709571021976
13.1,-2.6765964403204867,4.598915252204024,-0.013200654103606338,0.010490872317191402,0.22420312802373352,0.1258936347271951,3.1224859440416584
13.2,-2.6780353260853724,4.596034306815417,-0.010722342273374801,0.012547133256046077,0.19375058758873775,0.12911392020778917,3.1193925477261004
13.3,-2.6772880389780997,4.594569113450605,-0.010815449034474744,0.014189254064032465,0.1715762932665186,0.13075867843226607,3.118822530148388
13.4,-2.6760649157743264,4.595741238054589,-0.012407336697692485,0.013609771427047066,0.1447984971257723,0.13245275825885997,3.1205134414723585
13.5,-2.676979781586798,4.597826704852316,-0.012410962637281406,0.011332462033966562,0.0988756264447539,0.13473007053855518,3.1214257761113253
13.6,-2.676647301594761,4.598079616623478,-0.012817191785319784,0.011235070102158132,0.06061526925028816,0.1351478112584968,3.121837091482942
13.7,-2.6767251898692987,4.597758928815963,-0.01261661739297449,0.011497133389046444,0.029686944487971267,0.13547782224800986,3.1215485377631054
13.8,-2.677544681903501,4.597046365587691,-0.01157938919458153,0.011818802804539362,-0.01334703381216329,0.13656378428620689,3.1204691582638695
13.9,-2.678227389819826,4.598779197167219,-0.011653288492524857,0.009957799237701263,-0.0671100894101282,0.13842625452275314,3.1212807024006506
14.0,-2.6787959090581364,4.599891840061386,-0.011581631129919206,0.008710380480164578,-0.09518859247315792,0.13967572974630502,3.12171411908556
14.1,-2.6802235995831367,4.597165887894099,-0.00917605567289763,0.010629318252498141,-0.117979082281499,0.14275292253414154,3.118741665318357
14.2,-2.6804873516743655,4.5943431724807455,-0.007796606442165668,0.013106091817086604,-0.1362995413012298,0.14558793355182933,3.1164870770617528
14.3,-2.6797300899809953,4.5929346686862855,-0.007921697676266909,0.014700356661585522,-0.13940044441042643,0.14718709839988414,3.1159651605799694
14.4,-2.6790030862824246,4.593000473456855,-0.00861352292101677,0.014933256803904029,-0.11848118167569234,0.14791707418411618,3.116506596122962
14.5,-2.6787253725326208,4.5932570317539465,-0.008971104777751197,0.014810446778373045,-0.1121170051744409,0.14829515762283912,3.116883484407415
14.6,-2.67831584279614,4.593342736665073,-0.009380427657008437,0.01489713424788128,-0.10620692187261715,0.14871355926821492,3.117224252446755
14.7,-2.6779664502149463,4.5928987276110504,-0.009521143644998675,0.015444325463610225,-0.10213968364395365,0.14927855414947225,3.117135087298977
14.8,-2.677772709764347,4.592580310956395,-0.009570057056886638,0.015813827840189948,-0.0986412120710205,0.14965127995775573,3.1170326461045827
14.9,-2.6777182812885627,4.592513714776075,-0.009593014702857134,0.01589671605829635,-0.09539522797532607,0.14973728873759454,3.117020663848208
15.0,-2.677509074672459,4.5924023988109735,-0.00973958199458795,0.01608293281721657,-0.093254937379883,0.14997426690601529,3.1170808751880443
15.1,-2.677417437060053,4.592439362993279,-0.009838344661716947,0.016086053452168562,-0.09207226833916148,0.1500730788626852,3.11717021394071
15.2,-2.677330288798061,4.592521523284836,-0.009951221579249318,0.01604600430029866,-0.09114341602154585,0.15019285003232594,3.117289700794172
15.3,-2.67730951897528,4.592562773196802,-0.009986859872368088,0.01601662994347015,-0.09047543012701276,0.15023903380410247,3.11733409259421
15.4,-2.6771683266064863,4.592478029233031,-0.010081899674368166,0.01615110767559295,-0.09277993970281796,0.15040370567298453,3.117367677021644
15.5,-2.678393349603109,4.5920718315544855,-0.008797086074607614,0.016028911480151578,-0.12306150505052704,0.1516943171157937,3.1162380037845296
15.6,-2.6784498127839464,4.590715600586011,-0.008198599507500546,0.01724725640653044,-0.13922878501641867,0.15305172292491664,3.1152035854805025
15.7,-2.677864733370798,4.589438889575148,-0.008219261063155795,0.018651493574912487,-0.16073147192265091,0.15445611208926807,3.114663407148944
15.8,-2.6767887462138695,4.589367040165983,-0.009174946530126914,0.01915106938266581,-0.17520494907945316,0.1555344954624115,3.115341435794795
15.9,-2.6745172048381183,4.589758148808328,-0.01141136331820715,0.019709017536045686,-0.1772487718301603,0.15783946101353521,3.117171746047273
16.0,-2.6708951407293986,4.590849540322991,-0.015166012306817066,0.02017063947907311,-0.15881922037904195,0.16162238102933701,3.1204344805963387
16.1,-2.669691189737568,4.591260647718412,-0.016433522093042274,0.020279846727563503,-0.14190162324780473,0.1628945867050434,3.1215546849564397
16.2,-2.670460839194122,4.591439831417315,-0.01580144741156961,0.01980555917663338,-0.1343693504752279,0.16368481900248893,3.1211626111280064
16.3,-2.671354489894888,4.591771267800459,-0.015117283531389037,0.01914194676256347,-0.12850876102181097,0.16463795154891228,3.120798044958272
16.4,-2.671500455756582,4.591657144528467,-0.01493769452785311,0.01918753123139889,-0.12462367472902303,0.16482323553092376,3.120615119348823
16.5,-2.671270585210495,4.591348614291755,-0.015023657295185788,0.019562553600806665,-0.12191452822310245,0.16520798398761166,3.120545134886282
16.6,-2.6712855707215124,4.5912658388683365,-0.01497656973422376,0.01963226083045503,-0.12023276891024937,0.16529210494969962,3.120474246492801
16.7,-2.671288902486501,4.591193887879586,-0.01494451099890484,0.01969676108572439,-0.11883723272837177,0.1653641330375547,3.120419219771684
16.8,-2.671424455567325,4.591150614801849,-0.014803016862494975,0.01968170763630732,-0.11826272648350011,0.16550642568310509,3.1202953243036173
16.9,-2.671565887711848,4.59110492723104,-0.014655169199323767,0.019666493362560645,-0.1177927970617163,0.1656550540977196,3.1201656627393524
17.0,-2.6717569264411947,4.590959550917493,-0.014421732388571475,0.019722505183069353,-0.11729070127379558,0.16589511673256915,3.1199291717119855
17.1,-2.671667175526472,4.590930347072403,-0.01449209034725352,0.019785416620119473,-0.11665053659447412,0.16598949941774824,3.119968775824953
17.2,-2.671664676524276,4.590830505931305,-0.014454122470322716,0.019877790527631497,-0.11604378156205541,0.16608937182869177,3.1198972608396662
17.3,-2.671734049906977,4.590759377477609,-0.014361959554900054,0.01991491087479239,-0.1154632810971119,0.1661887293807578,3.1197979350126204
17.4,-2.6717143647254784,4.590694233227959,-0.014353708417836687,0.019982462324594316,-0.11502742417556933,0.16625678288642196,3.119763549480934
17.5,-2.6717677120662175,4.590722561736195,-0.014316311068345822,0.01993502940992657,-0.11512258655467812,0.166317185230274,3.119748050952435
17.6,-2.67174645784426,4.5907161193682375,-0.014333163685305824,0.019949494379940955,-0.11498428580853393,0.16633939437379458,3.1197577777328944
17.7,-2.67174460271259,4.5906751553536225,-0.014318345146231504,0.019987729218852595,-0.114894200914057,0.1663804003734397,3.119729000529379
17.8,-2.6716950422793855,4.590690957374986,-0.014370069934644823,0.019993250693491015,-0.11425354139863762,0.16643241902796466,3.119774285119683
17.9,-2.671692002568752,4.590595347985299,-0.014334303060944692,0.020081970059938233,-0.11350643793625048,0.16652807672622819,3.119706243968784
18.0,-2.67167800822845,4.5906581868460625,-0.014372445400437377,0.020030107492313765,-0.11276037802067584,0.1665924550143584,3.1197618371426974
18.1,-2.6717198069988704,4.590677232253872,-0.014341873510289144,0.019995825947715574,-0.11207594853282599,0.16663838827863683,3.119747382605737
18.2,-2.6718027383223544,4.590672969818115,-0.014264263071367028,0.019966289655739336,-0.11187789475935395,0.16672142906845358,3.119687870694336
18.3,-2.6718126054055924,4.590628232413224,-0.014237195946562751,0.020003251331605354,-0.11150256113278757,0.16676724167291998,3.1196483562760626
18.4,-2.671789119001514,4.590583467238885,-0.014240639973421178,0.020053686147845032,-0.11121892547639423,0.1668177939429989,3.119631499459188
18.5,-2.672155019255892,4.591597493627368,-0.014314641717917237,0.018978206601547833,-0.09375288627544576,0.16789581644401272,3.120126427975391
18.6,-2.671886195810138,4.591022045450847,-0.014328632823273249,0.019613195497370842,-0.062440980960992494,0.16853095945849655,3.119887117463486
18.7,-2.6723528399424317,4.590222548416512,-0.01357925111505055,0.020156683592453064,-0.05170590493011673,0.16945667661514585,3.118983560743388
18.8,-2.672973585050603,4.589739002477776,-0.012816236673748793,0.02034890774949781,-0.057257037388245724,0.17024353185226804,3.1182069345353245
18.9,-2.672917455260871,4.590020628119592,-0.01298115010459719,0.020113818158598206,-0.057112331286909956,0.17053069653572256,3.118451627202239
19.0,-2.6727834512520086,4.5899604032543895,-0.013079497523159192,0.02022295978238171,-0.057790439675574845,0.17067761184731367,3.1184985614470033
19.1,-2.6729278960048717,4.589932841447769,-0.01293620106227987,0.0201899436633894,-0.058030820449948,0.17082466265422697,3.1183801489760605
19.2,-2.6728977495773742,4.590022745877264,-0.013000036967972719,0.02011982525868687,-0.05780965386583903,0.17091948677317176,3.1184665766833346
19.3,-2.6728281279449724,4.589936834246339,-0.013029110372806935,0.020226515076185156,-0.05821391830981426,0.1710300669704336,3.118450903597342
19.4,-2.6728474440991175,4.590027920149254,-0.013048158578159,0.020135372762227512,-0.05805375426266535,0.17112317849238812,3.118504570417928
19.5,-2.6727972599421173,4.589977852486399,-0.013073896276261703,0.020201424191991994,-0.05828463762674474,0.17119406728189365,3.118501969990571
19.6,-2.672766508757261,4.590036181611552,-0.013125554819860542,0.020160444720491867,-0.0582744461161635,0.17126000605812725,3.118565651998362
19.7,-2.672757140609147,4.590065140737171,-0.01314580374666183,0.02013772085376285,-0.05826999526994836,0.17129044276550046,3.1185932582655043
19.8,-2.67279522661775,4.590043455513238,-0.013102207363818865,0.02014220954971667,-0.0584835701391353,0.17133426961786696,3.118551462788378
19.9,-2.6727338618942733,4.590056901392859,-0.013163784492369171,0.02015464651902811,-0.05838604313366069,0.17139709016359966,3.1186030417864283
20.0,-2.6727984528743325,4.59001410251151,-0.013087420181092853,0.020167770196598177,-0.05871966195778633,0.17147457396158136,3.1185277431302483
20.1,-2.6728048920325236,4.590037197552908,-0.013090839242151412,0.020144039336587604,-0.058585430908102865,0.17149854985979943,3.1185403025195635
20.2,-2.672756255047265,4.589965607846835,-0.013106483665871423,0.02022916215583749,-0.058740276123046886,0.17158509835690122,3.118520867706986
20.3,-2.6728510828447485,4.589999969814681,-0.013033559458292526,0.020159483493689585,-0.058713798006669204,0.17168595992544808,3.1184815988445447
20.4,-2.672876711323554,4.589976347899889,-0.013000582323865287,0.020170767216003367,-0.05870840962587476,0.17172081410431211,3.1184468522182285
20.5,-2.673356073355081,4.590013527525493,-0.01257690029319621,0.019943470452458045,-0.040973171302316924,0.17220161581170307,3.118148254102443
20.6,-2.673537200759381,4.589650699940842,-0.012264859748246301,0.020202471786585532,-0.016543227952137585,0.17260714138768127,3.1177590205993764
20.7,-2.674150940956205,4.588476131084558,-0.011229643427079402,0.021029887157326527,0.010472515327816012,0.17393239194035,3.116480380837618
20.8,-2.6747603644192064,4.587392063099599,-0.010234866294391265,0.0217762240849615,0.029204907499030153,0.1751760158196925,3.1152710772963506
20.9,-2.6753846858006414,4.5864383498224734,-0.009279013283835404,0.02239726452204538,0.0456981876658622,0.17631590449946874,3.1141472505608583
21.0,-2.676623152913954,4.585165293742197,-0.007632389779163573,0.023062924801879665,0.07262374455937605,0.17809198799251932,3.1123716749080463
21.1,-2.6774018543935005,4.584187696185489,-0.006525631038002022,0.023643577939296057,0.09691525710637894,0.17934181717169903,3.111125367618816
21.2,-2.677697628483565,4.582933073297583,-0.005749114121295235,0.024672452266548534,0.1169214842141697,0.1806308326499657,3.1100043846523415
21.3,-2.6784494684594793,4.581918709834374,-0.004652113227784369,0.02529758075295076,0.13504517323441023,0.181893447628839,3.1087494176496437
21.4,-2.6793737225063134,4.58113535629861,-0.003490473708617805,0.02564179279892593,0.15709592487823043,0.18310501203285717,3.1075465317317974
21.5,-2.6800558996788144,4.58041393033914,-0.002575331346493597,0.026026936365306296,0.1739631805086561,0.18409789727782683,3.10655369134223
21.6,-2.6806752647714784,4.579267313181882,-0.0015462373782209203,0.026826504766253992,0.19273215162681234,0.18540110256607933,3.1052918829014033
21.7,-2.681098867843522,4.577838339017683,-0.0005824456148708518,0.02796339181494926,0.2113958776254683,0.18689154099976,3.103956345867293
21.8,-2.6812980548516743,4.576562936691615,0.0001140608290327664,0.02905022452109933,0.23050191379946883,0.18818240371808317,3.1028861964268795
21.9,-2.6814843857836697,4.574946296429213,0.0009363855211778306,0.03045451332861889,0.2482597252541452,0.1898097466303903,3.101574997780498
22.0,-2.6815996561017097,4.573264400553257,0.001719991712089236,0.03194716945825646,0.26603195807197944,0.19149558795856425,3.100264705079768
22.1,-2.6817658758405956,4.571856326435987,0.002439820925805712,0.03316870440429844,0.28280235156524913,0.19291343905135272,3.099120522906018
22.2,-2.6823024320966242,4.57073709608653,0.0033820930741079434,0.033976598202741584,0.30185746612978637,0.19415463572836608,3.0979356604123023
22.3,-2.6830590568960306,4.571373320343968,0.0038179753692689634,0.033089316388663345,0.32111943223365946,0.1951432015546158,3.097886056759567
22.4,-2.684121623793537,4.572981321766542,0.004142021566038866,0.03118939242991245,0.34162748355784167,0.19707056166281478,3.098340373470366
22.5,-2.6849356936272377,4.574321503194906,0.004346645665847229,0.02963474618949301,0.3643947830992551,0.19863861649446854,3.0987685396353197
22.6,-2.688111260957353,4.577016169679141,0.006166204392951583,0.0258884598459284,0.3814369458271667,0.20280340404359518,3.098586229535389
22.7,-2.685517603123066,4.5786645596895035,0.003128092467771362,0.02542572177995782,0.3693227497764502,0.20587655398911045,3.1015578632309904
22.8,-2.6817910773880307,4.5795423752092255,-0.0006360398531732683,0.02612490845815323,0.36504098779223115,0.20970507251989307,3.1047346925411072
22.9,-2.6773812436289237,4.580483839408449,-0.0050511414479333895,0.027041350780029,0.3641422720491412,0.21421428404979254,3.1084246352987286
23.0,-2.674302885990604,4.583103356968932,-0.008924357511928358,0.02588534242335747,0.3668059915443207,0.21825633278763368,3.1124389902792355
23.1,-2.673305924917852,4.583335622499886,-0.009930340369466413,0.02607475506230069,0.3670950498727974,0.21927999223171254,3.113287814747589
23.2,-2.6733719367813698,4.583030481858101,-0.009746902716121756,0.026327379298528405,0.368996642078049,0.2195921914908312,3.113019376953593
23.3,-2.6737665205106014,4.583695609129387,-0.009653983760493217,0.02555961848026068,0.3709491453057261,0.2203655546696691,3.113237956029358
23.4,-2.6736284408332285,4.583987029109797,-0.009897839898712242,0.02534860713900475,0.3724199641258452,0.22068803195923492,3.113545433433849
23.5,-2.673362384838142,4.584194468020446,-0.010224949193805935,0.025266046838399576,0.3724816982059038,0.22102539925784684,3.1138784974862834
23.6,-2.6733534150309306,4.584301179139941,-0.01027618226812783,0.025172010182988473,0.3732789038576598,0.2211324867009267,3.113962778597556
23.7,-2.673323858715805,4.58427590780046,-0.010293040656225747,0.025207053172497523,0.37327372852157437,0.22117137392714548,3.1139643829218895
23.8,-2.673291283319482,4.584279652331502,-0.010324360710025326,0.025216760499025714,0.3735240049814741,0.22120416383349384,3.1139892992989435
23.9,-2.673242841133966,4.584355533824895,-0.010399285496998548,0.025166851354832664,0.3735513688325236,0.22129418964299902,3.114077862406628
24.0,-2.673217571739893,4.584387567060335,-0.01043532537094467,0.025147725510131246,0.37361623900850643,0.22133499001615412,3.114118529754266
24.1,-2.673148875250299,4.584441538327642,-0.010519951277068116,0.025126033083111687,0.37354076206646747,0.2214223519379348,3.1142048282528543
24.2,-2.673093723854653,4.5844900470244525,-0.010589979392298056,0.025103878327745435,0.37349509831046257,0.2214958010366903,3.1142779051938203
24.3,-2.6730232546508064,4.584504127502441,-0.010660144049388703,0.025119405383052275,0.37345476269200667,0.22156766318633217,3.1143361872834023
24.4,-2.673007304663833,4.584540640722052,-0.010689461850306382,0.025092422354309588,0.37334063646900173,0.22160750810182683,3.1143737929386304
24.5,-2.6730181908039246,4.584507370365777,-0.010666085546271645,0.025118479465862018,0.3735160735720511,0.22164251416776948,3.1143420098136803
24.6,-2.672988835377939,4.584441727966835,-0.010666482967851427,0.02519038570780011,0.3733128316148693,0.22171442150796206,3.1143139043172523
24.7,-2.673047824050632,4.584557213218228,-0.01065906369757969,0.025060919645745125,0.3734056879814327,0.2218440999826423,3.114358353039867
24.8,-2.6729466929385253,4.584558277472238,-0.010752039606326778,0.025100720586251863,0.3732779731676463,0.2219452366944366,3.1144279707416147
24.9,-2.673017533431185,4.584521794177393,-0.010672502628056751,0.025105545033449986,0.37323818888194227,0.2220249198557889,3.114353023824044
25.0,-2.6729982218662105,4.584485086741571,-0.010675374972104676,0.025146922829742697,0.37335323729903447,0.22206639722776894,3.11433927808765
25.1,-2.6729830191502635,4.584446890303367,-0.010673886889983135,0.025188006598742926,0.37322487003941296,0.22210750793761036,3.1143216451578883
25.2,-2.673054040472113,4.584493710585617,-0.010627771440037903,0.02511652560641926,0.373496995829008,0.22219257360040814,3.1143076006820705
25.3,-2.672938161197016,4.584473137580691,-0.01072551976093926,0.025182073456800697,0.3733471271545064,0.22231026495492776,3.1143714077979188
25.4,-2.6729656668319417,4.584523990128459,-0.010720852023362294,0.02512444747487325,0.37350940426424734,0.22236807967249336,3.114389937481016
25.5,-2.672948804482681,4.5844628111467935,-0.010711616412864212,0.02518723210769818,0.37354627175036903,0.22243153994841644,3.1143565981521806
25.6,-2.672898679684541,4.5845284067384275,-0.010783933834645588,0.02514741417785176,0.3734469750324072,0.22251409463956334,3.1144387709173875
25.7,-2.67288157900829,4.584541477314455,-0.010804852856896485,0.025142347858279693,0.3734217768868291,0.22253561841910924,3.114459986375437
25.8,-2.6728635934983536,4.584488229394356,-0.010799842779366851,0.025198327485696184,0.37330822947031045,0.22259182179589873,3.1144332223407467
25.9,-2.672877476551093,4.584502075236201,-0.010792720638036397,0.02518005943728864,0.3735225960775974,0.22261142910294868,3.114433914737999
26.0,-2.672922667588056,4.584437281272918,-0.010725241392665117,0.025221133016921027,0.37319783805530804,0.22269042585920926,3.114355687766481
26.1,-2.672898590171415,4.58442657287492,-0.01074295755106844,0.02524064018255944,0.3735734446130583,0.222716777173784,3.1143642332505252
26.2,-2.672882146158641,4.584426426073914,-0.010757946560619177,0.025247404552398843,0.3734179654556993,0.22273322184181457,3.1143753194919115
26.3,-2.6729607685296948,4.584419784941304,-0.010683320255742286,0.025221782364887913,0.3735219283367588,0.22281212419838536,3.1143169350515496
26.4,-2.672933223451327,4.5843961704698275,-0.010699006156015569,0.02525449821942436,0.3734057644659141,0.22284840607547893,3.114318386602046
26.5,-2.672922322523862,4.584442641613184,-0.010727718392053831,0.025216366803424716,0.3732055703776642,0.22289613863652957,3.114359849374639
26.6,-2.6728445474471725,4.584455272342949,-0.010803984257433192,0.025236166188930636,0.37323380053095523,0.22297493265843782,3.114422044872334
26.7,-2.6728708147270015,4.584392840732494,-0.010754774939067104,0.025282707772054134,0.3732296814188927,0.2230426650434076,3.1143584305389007
26.8,-2.672921259694046,4.584379265791564,-0.010703138630829558,0.025274791624446114,0.37335931004669387,0.2230949046234342,3.114314147169882
26.9,-2.672858265698021,4.584327469267797,-0.010739901776114676,0.02534758993870039,0.373072863035695,0.22317645904336053,3.1143190866130377
27.0,-2.6728913471999776,4.584393948800793,-0.010736432081004516,0.025273415311671404,0.3733231281329257,0.22325071477767813,3.1143452652190406
27.1,-2.672866894111114,4.58434298164302,-0.010738260171968352,0.02532991542503312,0.37304797668176404,0.2233072444577273,3.1143245761098948
27.2,-2.6729146349736004,4.584352791197138,-0.01069852678551829,0.02530168998785044,0.37315432317742747,0.22335598271070115,3.114299263127046
27.3,-2.672889823086075,4.584317884584473,-0.010707158639423557,0.025343637484420506,0.37321304084606416,0.22339880912043086,3.1142905832129006
27.4,-2.672806718507775,4.584364676364834,-0.010802074951035622,0.025334324298405236,0.3730983485435697,0.22349418124237325,3.1143814320403576
27.5,-2.672811773716791,4.584349003048295,-0.010791129548413953,0.025346629019083505,0.37324895627510907,0.22351064963602657,3.114366509714482
27.6,-2.672779756376128,4.5843632839805375,-0.010826187067144614,0.025346469302881158,0.37299109314393597,0.22354570751857553,3.1143987664950123
27.7,-2.6728201074761615,4.584374091535816,-0.010793618561145558,0.025320310041768112,0.3731101790018476,0.22358748088957897,3.1143792144151417
27.8,-2.6727798421447213,4.584346541769387,-0.010819358319085228,0.025361755806418924,0.37281807014906,0.22363626906997428,3.1143864441917404
27.9,-2.6727967087271076,4.5844175060325405,-0.010832535364505055,0.025290014788023885,0.3729441765941264,0.22370921019860796,3.1144269450939284
28.0,-2.6727948104321313,4.5843956975631395,-0.010825479612157561,0.025310737462085012,0.37301696835707654,0.22373110112963962,3.1144122620911214
28.1,-2.672862882772857,4.584378688735128,-0.010756327689809738,0.02529885657668885,0.37296416825075474,0.2238012662477696,3.1143534632592664
28.2,-2.6728450313317036,4.58436589111595,-0.010767504002272691,0.02531776538541912,0.3729957074272634,0.22382323106071822,3.1143562407417074
28.3,-2.6728366881471017,4.584378183116623,-0.010780094981506606,0.02530988063737085,0.3728140553580803,0.22383808710359152,3.1143709244868636
28.4,-2.6728551312104165,4.5844186182269215,-0.010779520372081415,0.025265441751771915,0.3728855766819379,0.22388252970397973,3.1143879896915037
28.5,-2.6728059889109663,4.5843697317923375,-0.010804780905624138,0.025329992154766206,0.37280833616135345,0.22395184672268068,3.1143856319153054
28.6,-2.672830866158583,4.584424186430068,-0.010803970770017041,0.025270129572967204,0.37275611310133344,0.22401171478611473,3.114408586534008
28.7,-2.6728484298294455,4.584417425215469,-0.010785171912698614,0.025269235413841254,0.3727775707103982,0.224030534896556,3.114391677590314
28.8,-2.6728821763657757,4.584394527784834,-0.010745057908040966,0.025276583044364427,0.37268001474381185,0.22407131627765056,3.1143519321761843
28.9,-2.672851994425292,4.584365092949201,-0.010760810144663475,0.025315688365249053,0.37269768911963963,0.2241134750143501,3.1143509160227842
29.0,-2.6727901190119754,4.584365741308644,-0.01081769480681846,0.025340042468693428,0.372718812974401,0.2241753538244798,3.1143935121780246
29.1,-2.672829314712877,4.584390013703098,-0.01079161248884853,0.025302027145584865,0.3728637782932118,0.22422145645023728,3.1143846100898696
29.2,-2.672794803650373,4.584343264841687,-0.010804345570655684,0.025358722278586862,0.3726638932021773,0.2242795638463106,3.1143738587275775
29.3,-2.67283142729885,4.584381958489655,-0.010786431459275287,0.025308546840030543,0.3727210758714672,0.22433284132767814,3.1143772713084497
29.4,-2.6727612435771544,4.5843881162514615,-0.010853140522133792,0.025331209005727016,0.3726150955791603,0.22440329466558,3.114429559116863
29.5,-2.672753947792926,4.584419505787247,-0.010872472905596495,0.0253054254766047,0.3725496767403689,0.22443552091923058,3.114457519115395
29.6,-2.672738317483705,4.58444315238139,-0.010896310494073544,0.02529008802712568,0.3725244378703345,0.22446386643000252,3.114485480986176
29.7,-2.672763755654873,4.584409429989967,-0.010859435121779197,0.025310691598511265,0.372225313715032,0.22450610740815985,3.114443461734498
29.8,-2.6728007549753574,4.584416094715722,-0.010828263547273152,0.02528967490922617,0.3724056798720414,0.22454370219883213,3.1144231568313003
29.9,-2.6728140170070525,4.584341286796856,-0.010785965574540517,0.025352785825180083,0.3724444637970059,0.22461967657747278,3.1143593303037815
30.0,-2.6728550176402517,4.584320043421287,-0.010739880116756542,0.02535569503626537,0.3725361845083511,0.22466585376803586,3.114315858106563
30.1,-2.6728298176624254,4.584248289522445,-0.0107340107326641,0.025431518589412602,0.37240248353669975,0.22474190415187115,3.1142804522833982
30.2,-2.6728488499139194,4.584274768829346,-0.010727270133642693,0.02539961334508329,0.3724218191506772,0.22477451366414716,3.114286892332942
30.3,-2.6728351423468637,4.584247953624037,-0.010729002592431765,0.0254296791265778,0.3724635380019823,0.22480462931838763,3.1142765814074074
30.4,-2.672815534999215,4.584261872299335,-0.01075255745615191,0.025424847356821267,0.37244738466791993,0.22482867464233752,3.1143001248216686
30.5,-2.672828532569851,4.584296866779586,-0.010754772513309923,0.025387582842705547,0.3726517958645328,0.22486600493152062,3.114316910462762
30.6,-2.6727905196082657,4.5842892268118645,-0.010786478482239537,0.02540990068062711,0.37230601856962586,0.2249047780453401,3.114337191658419
30.7,-2.672856248857043,4.584307190288068,-0.01073357117922971,0.025366960746878414,0.37264084173698064,0.22497291775932626,3.1143056047757844
30.8,-2.6727692595668553,4.584357401794821,-0.010833421250153378,0.02535608438009916,0.3725193902934203,0.22507335844838094,3.1144016034233952
30.9,-2.672837546129427,4.584325948917947,-0.01075824962158288,0.025357335119718268,0.3724657165669214,0.22514854048141766,3.114332077645519
31.0,-2.672800860420003,4.584318018896085,-0.010788624052940848,0.025379383258922028,0.3724353201135311,0.22518607348719483,3.114351242561127
31.1,-2.672770383066942,4.584372452270664,-0.010838461288226452,0.025341858449839515,0.37229660867457515,0.2252484582715384,3.1144118632928066
31.2,-2.672772825315978,4.5844057920173515,-0.010849668532288064,0.02531036399048384,0.37252861937476744,0.22528188735004143,3.114434622720153
31.3,-2.6729150090026446,4.584255723394467,-0.01065904792541066,0.02539036759391734,0.37236225013421276,0.2254886161393492,3.114227903550294
31.4,-2.6742350013265646,4.5831343730737455,-0.008998985254979826,0.02588432934064619,0.373618748227031,0.2272206110229991,3.112507920305584
31.5,-2.6822159528829728,4.579987109956782,-0.00042654074789337775,0.02554661933775262,0.37763444079048414,0.23579970496543445,3.104771950966596
31.6,-2.6954053438945413,4.573341204237045,0.014322846932989734,0.026310596517186226,0.3751955442432693,0.2505688653373609,3.0909358601705157
31.7,-2.708472580623738,4.563668785591826,0.030180703032056184,0.029893438702734983,0.371385002254049,0.2668264284445811,3.0749654722373356
31.8,-2.721057839080665,4.554869324067165,0.045245526658398434,0.03287175075133599,0.37077247112136025,0.28218283601769667,3.059966855275803
31.9,-2.7311234036391605,4.541783477346438,0.059732754568119766,0.040788517880120806,0.37146411923413103,0.29869207507586093,3.0435220156449114
32.0,-2.7407447360600408,4.530883747479196,0.07293204180570681,0.04688384109973683,0.3799415324654918,0.3132307871485281,3.028986551002113
32.1,-2.747335885693517,4.526180258348407,0.08086010650798406,0.048530611748865186,0.3879466115794527,0.32132807456434365,3.021061963253507
32.2,-2.758758082396361,4.519552371775525,0.09398503927956843,0.04999061095531815,0.3975682409338406,0.3345339618098661,3.00845312612132
32.3,-2.7636385683932394,4.517222705316349,0.0993905493904735,0.050154774951490635,0.40212213435442257,0.3399419641560875,3.0034374667167456
32.4,-2.763455279093984,4.519503672333116,0.0983031595287002,0.048141322993456144,0.4011542613571879,0.34223028351727824,3.0052432184058406
32.5,-2.7610544132815216,4.523122208226006,0.09464713557754013,0.04579793921649372,0.39420158090313157,0.3465728586355216,3.009533421593057
32.6,-2.7608669769578107,4.524256495072007,0.09401827846401248,0.04483550596934247,0.391577413682775,0.3477225277289813,3.010496785678042
32.7,-2.761043991698633,4.525047770658778,0.09386123481342006,0.04404002588505518,0.3883747541131082,0.3485333614188889,3.0109612050347936
32.8,-2.761516079003938,4.526199226890876,0.09382899658645216,0.04279596858131535,0.3873005213173894,0.3497778363596838,3.011492593010406
32.9,-2.761586885961856,4.526722602349397,0.09368277450799463,0.042288470207284726,0.38673089534757216,0.35030597980219935,3.0118312306907464
33.0,-2.7627414667485337,4.526799095304234,0.0947085101305606,0.041752956997640235,0.3863155817811119,0.3514630917091057,3.0111091398581884
33.1,-2.7684505009167952,4.522538331247244,0.10165083438314391,0.04335024077196245,0.3910990222033721,0.3585867973096847,3.0041135818768985
33.2,-2.779281431226688,4.512229893456166,0.11571864347414729,0.048416767042430676,0.39677788769166655,0.37353915301272567,2.989198705541654
33.3,-2.792911460113647,4.493990469990112,0.1355456344367852,0.059612511108855036,0.39825885830494295,0.39630874360705565,2.9665377577208587
33.4,-2.802364882630001,4.478310575843252,0.15051856963790333,0.07014994386985356,0.4007482481598412,0.41461792921782076,2.948586003784154
33.5,-2.826552063206584,4.447182088258749,0.185203307923495,0.08888417386744789,0.403395270098037,0.45403876689972134,2.9092945924297138
33.6,-2.8476197246158153,4.421013204327724,0.21503366773607502,0.10433753844936036,0.3953536953167612,0.4876342553386397,2.875769439843795
33.7,-2.877142509418647,4.387368581398529,0.25561558465517653,0.1232230750775098,0.39418414853219735,0.5323953486514937,2.831020040922426
33.8,-2.9091398465555023,4.355671919068839,0.29767661236420806,0.13932828959803226,0.39607462543456773,0.577434309415392,2.786031279937877
33.9,-2.9337637710555002,4.33122060130902,0.3300688673065521,0.15177603709400128,0.39682402611054624,0.61213596064373,2.7513674404270456
34.0,-2.93981595664712,4.323507766411619,0.33871704907775674,0.15639401550908621,0.40494309142567225,0.6219398768301315,2.741592375069524
34.1,-2.9427443286357713,4.323060199474974,0.34157730612931636,0.1556229070435005,0.4139277492902069,0.6249022540287162,2.7392838190022997
34.2,-2.9382517118973968,4.328129735082206,0.335422059280156,0.15279505756787093,0.4080834822462771,0.6316760119540423,2.746056668933929
34.3,-2.9369709106078457,4.331313458444021,0.33296633679739185,0.1503979815416407,0.4053132613629029,0.6351077092582755,2.749269847476466
34.4,-2.93695520580465,4.3320003949425665,0.33267500046384735,0.14977568616592749,0.40534537342208576,0.6357948252556713,2.7497872795970495
34.5,-2.9367673774298515,4.332278414124807,0.3323910214817549,0.14959699620593295,0.40586110065035275,0.6361303459913541,2.7501191954261874
34.6,-2.9365028637489705,4.332637268810301,0.3320042745512694,0.14937525089158696,0.40531686471339556,0.6365761533182055,2.7505625163528644
34.7,-2.936492230992609,4.33298175313303,0.3318556523655008,0.1490642943833562,0.4052380720479678,0.636920801695706,2.7508238943289105
34.8,-2.937560587771558,4.332253008917047,0.33312714493888784,0.14930043200271498,0.4038749794687919,0.6382140357578365,2.7495651463683353
34.9,-2.9409558193363,4.327014600125036,0.33834624345773007,0.15272527283128765,0.4064813393377302,0.6444565131547071,2.743408257116217
35.0,-2.949390707372398,4.313093751424275,0.35167787416372354,0.16206363390001932,0.41361037769940795,0.66073340981012,2.7274457409566897
35.1,-2.9591183782151087,4.299450680703807,0.3660805558094071,0.17062656097672008,0.4149376499500539,0.6774893329033967,2.710816768583273
35.2,-2.9738720620215338,4.283948013779997,0.38583239507014117,0.17886480796431933,0.4171712315725711,0.6988903578230253,2.6894191183864886
35.3,-2.998268967133202,4.26139505784327,0.41725150384502624,0.18966686352350073,0.41697307040505116,0.7321145177147622,2.6563075322830594
35.4,-3.032158289592882,4.225906982221405,0.4625725723505947,0.20847883943335596,0.41383388211072925,0.7811847702932787,2.6072478472676797
35.5,-3.054416785181244,4.197056775011388,0.49457376248281265,0.22590579877914108,0.4095849438092829,0.8176234184833256,2.570940359257421
35.6,-3.076168578555285,4.171478220149816,0.5247921695471007,0.24054310926605854,0.4072472766206463,0.8512002406050428,2.5373879440205744
35.7,-3.099101581399864,4.1479515814873205,0.5552642135198446,0.2528264265032004,0.40422463188915136,0.8840548498132667,2.504547834369842
35.8,-3.1164943557788423,4.134033861600914,0.5767920980693872,0.2585502114621315,0.4103828051826852,0.9063306556894751,2.4825353090676114
35.9,-3.1207704269559655,4.1312169032606745,0.5818409680896905,0.259403997454375,0.41780606942176624,0.9114512063436986,2.477570396201687
36.0,-3.1186579914469905,4.132828931424047,0.5792578916260824,0.25878051163878696,0.4227617433235516,0.9141084640615508,2.480185660095842
36.1,-3.1164376868774624,4.13462760933896,0.5765008473836106,0.2580297109541077,0.4225439945629978,0.9169659095331324,2.4830115268010093
36.2,-3.11606173152083,4.13509407903828,0.5759687291759703,0.2577544172497433,0.42201660747281133,0.9175650225529917,2.4836094576318906
36.3,-3.1161194485219754,4.135415306561073,0.5758920318891242,0.25743718563118856,0.42122547687780987,0.9178913940799673,2.4838074617784036
36.4,-3.115849842898499,4.135741255516481,0.575513892432389,0.25724760592499013,0.4201275653643499,0.9183143951600394,2.4842299340835634
36.5,-3.1184458347935764,4.13340179059955,0.5788327734522749,0.25834181741857815,0.4185315668541958,0.9218090010057477,2.4807515267069227
36.6,-3.1283419455576014,4.124710633294508,0.5913930449598169,0.26230525067923416,0.4209823884329742,0.9349797725683725,2.4676596161768027
36.7,-3.1378560904595,4.115066817226598,0.6039878736044734,0.2672944823813844,0.4241382629168778,0.9485268069879789,2.4541225569224308
36.8,-3.1505372608040263,4.101579432982011,0.6210305823424863,0.2745241223405578,0.42183481741607753,0.9670395489531233,2.435611763222517
36.9,-3.1692724809866384,4.0834523690697955,0.6454841193392059,0.28355869204356937,0.4210234080620814,0.9931086671079153,2.409593044244561
37.0,-3.1899699161109236,4.0637856363723905,0.6723540889455744,0.29321109739498347,0.4180263789426282,1.02165974757285,2.3811159105839446
37.1,-3.2213653176620074,4.026965529988071,0.7159299865862642,0.31424755663874737,0.40670782948752615,1.070047674504125,2.332754015044634
37.2,-3.2416815373606807,4.00289490807729,0.7442266950008537,0.3280837380092055,0.40745038800517097,1.1015459859194456,2.3012789583612476
37.3,-3.2684702959064196,3.97539760453677,0.7798281318057473,0.3424460840518465,0.405140041490613,1.1399352980573494,2.262910441800603
37.4,-3.2917578927358178,3.954062959898576,0.8097408849789508,0.35258050191996376,0.408251445848701,1.1715181926037113,2.2314571320523835
37.5,-3.3032919442481337,3.9438929516895276,0.8243963191792774,0.357236858828618,0.4152960763103355,1.1868955594544068,2.216173828403338
37.6,-3.302206803389019,3.945283601818198,0.8228425946410157,0.356401766903322,0.41542472024390964,1.188659486455303,2.2179328668911413
37.7,-3.299015508449678,3.9514749704016836,0.8174259000076979,0.3520226314206244,0.4055345202580502,1.1956249303267614,2.224662896926674
37.8,-3.2977667726689686,3.953984985707557,0.8152711522704603,0.3502291487542422,0.4017152560889019,1.198428413496988,2.2273614718503376
37.9,-3.2966657176877248,3.9551053873769586,0.8138118254001232,0.34964778221063014,0.4003392256322633,1.1999992801280295,2.2289310333044567
38.0,-3.2958607060655956,3.9560676192358315,0.812687185062495,0.349091798422222,0.39910085470400514,1.201253845336376,2.230184631906884
38.1,-3.2956066432343802,3.956577263539953,0.812249205308838,0.3487278492852325,0.39762997529286537,1.201823305816944,2.2307329378812155
38.2,-3.2953978496295675,3.9569232246681416,0.811918647303535,0.3484954374164344,0.39698248148868975,1.2022273898077531,2.2311295327964267
38.3,-3.2952117803079726,3.957167632989806,0.8116498295590847,0.3483467961018335,0.39629181281798154,1.2025345660114826,2.231435597181744
38.4,-3.2951478494610957,3.9573257190048436,0.8115275869504279,0.3482279050342059,0.39580905038666975,1.2027050897380807,2.231595695356225
38.5,-3.2951336765346833,3.957496422646305,0.8114457913913077,0.34807740556058736,0.39556512873402205,1.2028763807333234,2.2317317547901006
38.6,-3.300762470290369,3.954759997466742,0.8177000910216002,0.34831209267552415,0.39820982111552844,1.2091350820289113,2.225926721514308
38.7,-3.3097630798058866,3.946350278726825,0.8293274013153542,0.3523790320982466,0.40476644625414604,1.2214531314254404,2.213653021527473
38.8,-3.320185284835067,3.935398833433563,0.8432804318476174,0.3581987787119164,0.4057728395843929,1.2365712170079999,2.1985402545776074
38.9,-3.331338395960762,3.9218997471070263,0.8589295055410199,0.3660552226894323,0.4079855597153399,1.2540817058485032,2.1810464657927984
39.0,-3.3478448220011305,3.9045377687656337,0.8810349614409342,0.37528827267359705,0.41045790124997966,1.278037924092482,2.1570982893350563
39.1,-3.3594999933782086,3.8884794537209313,0.8981753295561017,0.3852842860179521,0.4097545948717589,1.2978801140397629,2.137369036408628
39.2,-3.3657132552376217,3.8751244930158975,0.9092457527786776,0.3950005264451795,0.4070099599777195,1.3126096625177928,2.1233001456989777
39.3,-3.3662754664015138,3.871161391440249,0.9113581171151484,0.3984005517982789,0.406891752096763,1.3166124434875328,2.1199891310405867
39.4,-3.364387239616826,3.873870915958988,0.9085377204644574,0.3966823299730101,0.4098794328817501,1.3199150066599883,2.1232640631428947
39.5,-3.363877212353279,3.8744758974926876,0.9078270644378561,0.3963343379076774,0.4108902311418876,1.3207062907212956,2.124054790047137
39.6,-3.363348247846189,3.874243293824399,0.9074367829735351,0.39676046968878453,0.41173232294190454,1.321284138379647,2.124238649932236
39.7,-3.363089158244335,3.8744267307389983,0.907125726062692,0.3966970652595741,0.41237514269724557,1.321601591562694,2.1245486936938156
39.8,-3.365332991208082,3.8713694830923635,0.9104117418392258,0.39859011831176855,0.4098817896083134,1.3253938929143867,2.1207773601422724
39.9,-3.370648761802839,3.8623194505025737,0.9189251597761944,0.4047287029957851,0.40510401696788234,1.3358896304726693,2.11050756360314
40.0,-3.3825163611553513,3.84621485332572,0.9362785847764145,0.4146814214878458,0.40399215654697995,1.3558945789759889,2.0906125697755953
40.1,-3.3952677450499524,3.8302210606525326,0.9543961011068732,0.42417640949815727,0.4034466852333644,1.3763493875866897,2.070204646894272
40.2,-3.4117070081514203,3.8063754990887477,0.9790541984361874,0.43936977692310997,0.3972759165079123,1.4053124705995794,2.0415189794576016
40.3,-3.438145758894311,3.7753932915794035,1.015740408795573,0.4570623372936066,0.40628373856048716,1.446042124698243,2.0008172130199458
40.4,-3.463804480399504,3.752615581658149,1.048404845506175,0.4675613197641582,0.4128483942750969,1.4803523864072108,1.9666848056825763
40.5,-3.4865406527012013,3.7308125976092477,1.078001809503484,0.47834665084443156,0.41234633015302613,1.5118532378936247,1.9352500824959518
40.6,-3.5131920911097283,3.693341249772338,1.1174989979360384,0.5018917816336513,0.40567151704557336,1.5578358550218196,1.8896220117135907
40.7,-3.5222665563679523,3.6756883996144167,1.132920615174529,0.5143874913041833,0.4058192607083342,1.577684508336862,1.8704955179402936
40.8,-3.528210809250093,3.6682467132427097,1.1413607020232392,0.518800854235998,0.4078886634584151,1.5872088370996509,1.8609965609986714
40.9,-3.5270295411393806,3.670826060391533,1.1392397413355806,0.5169167226522343,0.4167688992297367,1.5900458119080565,1.863691751003512
41.0,-3.5229158587613973,3.6715554626221163,1.135181153801372,0.5179078218138101,0.4224194396926811,1.5942236594783863,1.8670229225691746
41.1,-3.522207126593426,3.671205979848818,1.1346734881294975,0.5185133918430801,0.42562902170477823,1.595013874319268,1.8672489984821539
41.2,-3.522239491687829,3.671460687234148,1.134600411003855,0.5182672555288452,0.4257005616981009,1.59527062975052,1.8674136155674907
41.3,-3.5219207104073327,3.6717436808702635,1.1341945891325849,0.518136812009744,0.4266984365578228,1.5956969006771344,1.867837906479662
41.4,-3.5217047440239093,3.6717301222429173,1.1340024212698716,0.5182362948106932,0.4277010023148571,1.5959132922554005,1.8679749344913623
41.5,-3.5226291757096604,3.6699257907147653,1.1355758694925606,0.5195147496967257,0.425067375997977,1.5979406516722539,1.8660238374043407
41.6,-3.526198650442401,3.6625972429319478,1.1417971400205003,0.5247820597778682,0.41660270676333466,1.60609226270767,1.8582271244562694
41.7,-3.534292381394986,3.6518236761136915,1.1535476255332031,0.5313778397117366,0.41323986190312345,1.6195673590976873,1.8448278441382442
41.8,-3.5445786234085617,3.6393506533650424,1.1679897158521593,0.5386448266024143,0.4136819467083246,1.6357347049296465,1.8286910449100013
41.9,-3.560822084976728,3.6164563359678876,1.1920851015453133,0.5530466390264217,0.4066830662996881,1.6638060392904879,1.8008763687934453
42.0,-3.582629120586044,3.5910635391977994,1.22227916628022,0.567491686089594,0.411482856792726,1.6972775335785084,1.7674376952186797
42.1,-3.612699591691271,3.5647042387654118,1.2604249252285424,0.5794894786378774,0.4160678137891929,1.7372656061974179,1.7276411101864617
42.2,-3.6344194232846045,3.5451848104170978,1.28817111601341,0.5885948651984505,0.41190254273446003,1.7664676466652982,1.6985505399069996
42.3,-3.6596124087589645,3.5152522433961164,1.3232941027018028,0.6058291592560504,0.40555448535773087,1.8055911061950594,1.659478991552199
42.4,-3.674648100523356,3.4904325470047213,1.3470605273792622,0.6224798773740621,0.4003404198018177,1.8346098821133303,1.631091122837292
42.5,-3.6846093354887475,3.474992646297056,1.3624014079663525,0.6325929441053225,0.3992590590810061,1.852984232058248,1.6130251797532993
42.6,-3.693142414131351,3.4664403911462096,1.3736583417240993,0.636978823909847,0.3956202553945704,1.8650653950521834,1.6009483866777434
42.7,-3.697150236007542,3.465018535819021,1.3778992433239516,0.6366640821377529,0.40579990307356617,1.8693179600149714,1.5971631303402611
42.8,-3.6964426969101396,3.4652818414193765,1.3771456004916098,0.6367083979903516,0.4036287128642084,1.870072904657665,1.5978401480181121
42.9,-3.696250983452676,3.465602564357592,1.3768408485589534,0.6364921955102265,0.4044684317796827,1.8704465585789212,1.5982050000569514
43.0,-3.69661348819033,3.465377436167183,1.3772633518581598,0.6365520565918901,0.4037880483654805,1.8708732814244993,1.597792494983559
43.1,-3.6969354932344434,3.4649111152459935,1.3777460392244563,0.6368489662690501,0.40329538503166473,1.8714399757424287,1.5972323212640205
43.2,-3.6994059820463,3.462902025103832,1.3808168670547791,0.6376914474886354,0.402627111420077,1.8746242744358366,1.5940757066898885
43.3,-3.7058587337430886,3.4527284894797057,1.390823738904379,0.6443997518452864,0.4005395931090638,1.8866716323020152,1.5822484166242914
43.4,-3.718052814149852,3.437382307633812,1.4081701483025242,0.6535267982024485,0.39985951382876284,1.9062726754939947,1.562720635135528
43.5,-3.728801126749811,3.424524332539175,1.4231902955279017,0.66095976023711,0.39808485550296346,1.9230313671875827,1.5459947025065583
43.6,-3.748780594778543,3.4066518460471404,1.4486798224789845,0.6692596958952406,0.39856382595289164,1.9498381744596003,1.519279252762769
43.7,-3.7728386592502354,3.382713918118216,1.4803472565562377,0.6814657795676282,0.3989150822238794,1.9837765724720948,1.4853566876061526
43.8,-3.80636549918033,3.3512821122430014,1.5237011715274782,0.696711942132084,0.4007303295735496,2.0297331543323174,1.4394872452784997
43.9,-3.827362439831223,3.3218540170103283,1.554780888666192,0.7151763806098156,0.39754182776169955,2.0658840091731148,1.4036754666634474
44.0,-3.8468205892288614,3.2957381632087372,1.5831169753321062,0.7312301524478824,0.39573561942553503,2.0984517447064137,1.371340386793555
44.1,-3.8604433232367223,3.2734532845868505,1.604568369869872,0.7461309030808624,0.39028846519711236,2.1245706018223207,1.345821213750622
44.2,-3.867541065741536,3.2669396632133996,1.6136898501122459,0.749229904573166,0.3927579086243109,2.1342041480053893,1.3362068196953916
44.3,-3.870506343162769,3.267334189600901,1.616244357978259,0.7476733022418732,0.3980156341324918,2.1371955559105924,1.3344400588871874
44.4,-3.868647733652699,3.2680739563305616,1.614245247438508,0.7477456982023333,0.4003441957178122,2.1391959768975934,1.3362596212158369
44.5,-3.86767618454833,3.2686043751560647,1.6131423076583657,0.7476520198482255,0.40454282393718,2.140302887821132,1.3373147329431505
44.6,-3.867333871780956,3.2691059633804533,1.612626816990606,0.7473310242890577,0.40520468428772904,2.1409101511722017,1.3379137322325916
44.7,-3.867245026995877,3.269503503514055,1.6123852301668613,0.7470030496555069,0.40566242767503446,2.1413174981418233,1.3382622702896394
44.8,-3.867090438959468,3.2702486821947883,1.611943316853085,0.7463834519228392,0.40645262195935583,2.1420785426393527,1.3389074227294748
44.9,-3.866818516639652,3.270794289983198,1.6114744935275611,0.7459937927175939,0.40718020872954735,2.1426881569492138,1.3394896106718603
45.0,-3.8680845328104416,3.269861148296573,1.6130092782196728,0.7463372840579188,0.40719973408097054,2.1442609094256126,1.3379401551927115
45.1,-3.8717149756313285,3.262723860867005,1.619209227798058,0.7514049869057066,0.3994757512126599,2.152268467538296,1.3302750310831128
45.2,-3.8802519581316006,3.2473286365314875,1.6332287375603427,0.7620514111211918,0.38856166656967783,2.1698722456143473,1.3132643840499034
45.3,-3.8874851249985376,3.2382473542986427,1.6435093971762451,0.7674455215927609,0.3908222579696474,2.1814820858336414,1.301708200207914
45.4,-3.900869467269643,3.220705007340213,1.6628305031756783,0.7781024169098174,0.3861070000743405,2.203547319909899,1.2797975976628702
45.5,-3.9226211355562883,3.193909665504914,1.6935393897581197,0.7938532804477164,0.38743095632390245,2.2380600047855035,1.2454263862056918
45.6,-3.937435827374201,3.179660901788781,1.712841499685545,0.8009194614139454,0.40036143975458227,2.258614867010727,1.2248816762118488
45.7,-3.944466684169915,3.176769661461641,1.7204412708573391,0.8007305274374068,0.4095844166440652,2.2662169863146526,1.2179057242934266
45.8,-3.9442125915668043,3.1809615323866662,1.718518634025717,0.7969969216043393,0.40771868942151634,2.2704165511615177,1.22109314765693
45.9,-3.9430538020310233,3.1846917335119547,1.7159542332772328,0.7940505607261522,0.40059888746189465,2.2743225969399665,1.2245817532751522
46.0,-3.9435474541415094,3.1861855250690225,1.715803703855231,0.7924845318262699,0.3965589802942988,2.275895843780788,1.2253154535763038
46.1,-3.9434769969075743,3.1867150181100907,1.7155257419570442,0.7920283911840226,0.3975817581079673,2.276430003964959,1.2257459756336802
46.2,-3.9430694262530728,3.187179123181787,1.7149656454380307,0.791768008301763,0.39863821942142996,2.277047666782348,1.2263630136003665
46.3,-3.9428335915228194,3.1877671254724245,1.7145127535269113,0.7913250030753477,0.39790454825400756,2.2776812002966853,1.2269503917859361
46.4,-3.942519480723553,3.188274399201884,1.7140207786357928,0.7909874339160271,0.3975304736829548,2.2782778511416653,1.227533818449003
46.5,-3.9425396423945918,3.1884925438425324,1.713951275610593,0.790779677070867,0.39672631603717035,2.2784969255062606,1.2276771813219214
46.6,-3.9468812392103514,3.185271767344122,1.7192229239285963,0.7919765848261352,0.39720551003634164,2.283902743128353,1.222347227815979
46.7,-3.955010062342532,3.176168483770382,1.7303320846238381,0.7970297111836979,0.3993284897278317,2.2961071496005334,1.2101506009816752
46.8,-3.9647375888541916,3.1641461590493267,1.7440811687432536,0.8041095240068434,0.39768888259931545,2.311571982730365,1.1947416829948307
46.9,-3.9729460195099704,3.1526563472591387,1.7562253993461412,0.8113145064404488,0.3981219940221079,2.3256926806169664,1.1807720850643335
47.0,-3.999824278935726,3.1225040675895612,1.7929791946336762,0.8280703809623172,0.398280588121533,2.366085759219997,1.1404117463214325
47.1,-4.0265947043415835,3.0924697241096935,1.8295867586968162,0.8447618074454061,0.38863328923852736,2.4063190472372256,1.1002135431897402
47.2,-4.047798130769792,3.066270099138482,1.859553753826048,0.860188564844586,0.3889150373538705,2.440023730011709,1.066650001872726
47.3,-4.0694372375271755,3.0414862449693905,1.8893486255998426,0.8741440650045729,0.38941159248856083,2.4729249513983422,1.033801255019251
47.4,-4.098741594327308,3.0119410365399797,1.92807782030187,0.8893662247179391,0.38981369003952654,2.514538226547107,0.9921888046016192
47.5,-4.121151914558802,2.9919103370069116,1.9566620275161897,0.8986610875244052,0.3926113563791977,2.5445956944488146,0.9621999067194451
47.54465586099923,-4.126257431521327,2.988527570759027,1.9626980645891994,0.899698231388923,0.39464645308919977,2.550720187157803,0.9562144788963212
