frame_index,video_time_s,episode_time_s,source_receipt_unix_ns,source_header_ns,hold_age_s
0,0.0,0.0,1789314469747671885,1789314469691858605,0.029817011
1,0.06666666666666667,0.066666667,1789314469816790269,1789314469762204098,0.027365294000000002
2,0.13333333333333333,0.133333333,1789314469887285094,1789314469831259722,0.023537135
3,0.2,0.2,1789314469956253891,1789314469902203759,0.021235005
4,0.26666666666666666,0.266666667,1789314470029967956,1789314469978558182,0.014187607000000001
5,0.3333333333333333,0.333333333,1789314470101147338,1789314470055670488,0.009674891000000001
6,0.4,0.4,1789314470101147338,1789314470055670488,0.076341558
7,0.4666666666666667,0.46666666700000003,1789314470236571033,1789314470183267155,0.007584530000000001
8,0.5333333333333333,0.5333333330000001,1789314470236571033,1789314470183267155,0.074251196
9,0.6,0.6000000000000001,1789314470325196485,1789314470276864023,0.052292411000000004
10,0.6666666666666666,0.666666667,1789314470392257398,1789314470324549551,0.051898165
11,0.7333333333333333,0.733333333,1789314470503219014,1789314470461476774,0.007603215000000001
12,0.8,0.8,1789314470503219014,1789314470461476774,0.07426988200000001
13,0.8666666666666667,0.8666666670000001,1789314470615465505,1789314470529651563,0.028690058
14,0.9333333333333333,0.9333333330000001,1789314470668228095,1789314470601740090,0.042594134000000006
15,1.0,1.0,1789314470728242979,1789314470673594666,0.049245917
16,1.0666666666666667,1.066666667,1789314470789643393,1789314470740556526,0.054512170000000006
17,1.1333333333333333,1.1333333330000002,1789314470858627282,1789314470816732286,0.052194947000000005
18,1.2,1.2000000000000002,1789314470938751953,1789314470884150206,0.038736943
19,1.2666666666666666,1.266666667,1789314471011075966,1789314470969054554,0.033079597
20,1.3333333333333333,1.3333333330000001,1789314471084908807,1789314471035320795,0.025913422000000002
21,1.4,1.4000000000000001,1789314471162497188,1789314471099060867,0.014991708000000001
22,1.4666666666666666,1.4666666670000001,1789314471232087192,1789314471169639355,0.012068371000000001
23,1.5333333333333334,1.533333333,1789314471303069317,1789314471246559967,0.007752912000000001
24,1.6,1.6,1789314471368342938,1789314471312149758,0.009145958000000001
25,1.6666666666666667,1.666666667,1789314471424173958,1789314471374956491,0.019981605000000003
26,1.7333333333333334,1.733333333,1789314471498767540,1789314471440279559,0.012054689
27,1.8,1.8,1789314471561276409,1789314471517450124,0.016212487
28,1.8666666666666667,1.866666667,1789314471635610084,1789314471588482176,0.008545479
29,1.9333333333333333,1.9333333330000002,1789314471635610084,1789314471588482176,0.07521214500000001
30,2.0,2.0,1789314471712524264,1789314471661035198,0.06496463200000001
31,2.066666666666667,2.0666666670000002,1789314471783593857,1789314471739676264,0.06056170600000001
32,2.1333333333333333,2.133333333,1789314471844490927,1789314471796993753,0.06633130200000001
33,2.2,2.2,1789314471914648782,1789314471862054450,0.062840114
34,2.2666666666666666,2.266666667,1789314471985177567,1789314471931876261,0.058977996000000005
35,2.3333333333333335,2.333333333,1789314472057390022,1789314472000298301,0.053432207
36,2.4,2.4000000000000004,1789314472119578100,1789314472076618499,0.057910796
37,2.466666666666667,2.466666667,1789314472192624005,1789314472147770969,0.051531558000000005
38,2.533333333333333,2.5333333330000003,1789314472270459604,1789314472210731149,0.040362625
39,2.6,2.6,1789314472322290080,1789314472283217748,0.055198816000000005
40,2.6666666666666665,2.6666666670000003,1789314472406083943,1789314472350262120,0.03807162
41,2.7333333333333334,2.733333333,1789314472475015637,1789314472418955959,0.035806592000000005
42,2.8,2.8000000000000003,1789314472545228750,1789314472493984080,0.032260146
43,2.8666666666666667,2.866666667,1789314472616493907,1789314472567006046,0.027661656000000003
44,2.933333333333333,2.933333333,1789314472679480043,1789314472637122570,0.031342186
45,3.0,3.0,1789314472746852394,1789314472704468678,0.030636502000000003
46,3.066666666666667,3.0666666670000002,1789314472822646345,1789314472770345694,0.021509218
47,3.1333333333333333,3.1333333330000004,1789314472888995616,1789314472845401819,0.021826613
48,3.2,3.2,1789314472961365208,1789314472918270485,0.016123688
49,3.2666666666666666,3.2666666670000004,1789314473038805131,1789314472983168427,0.0053504320000000005
50,3.3333333333333335,3.333333333,1789314473038805131,1789314472983168427,0.072017098
51,3.4,3.4000000000000004,1789314473112225087,1789314473053867035,0.065263809
52,3.466666666666667,3.466666667,1789314473179869685,1789314473121858559,0.064285878
53,3.533333333333333,3.5333333330000003,1789314473247708997,1789314473194229320,0.063113232
54,3.6,3.6,1789314473317660717,1789314473262644228,0.059828179
55,3.6666666666666665,3.6666666670000003,1789314473390486099,1789314473336145892,0.053669464
56,3.7333333333333334,3.733333333,1789314473455930116,1789314473401423519,0.054892113000000006
57,3.8,3.8000000000000003,1789314473523263889,1789314473470577053,0.054225007000000006
58,3.8666666666666667,3.866666667,1789314473604147813,1789314473543997362,0.04000775
59,3.933333333333333,3.933333333,1789314473676091669,1789314473621956417,0.03473056
60,4.0,4.0,1789314473736214533,1789314473681376755,0.041274363
61,4.066666666666666,4.066666667000001,1789314473807715675,1789314473752980343,0.036439888000000004
62,4.133333333333334,4.133333333,1789314473874071205,1789314473829532171,0.036751024
63,4.2,4.2,1789314473950650269,1789314473894615309,0.026838627
64,4.266666666666667,4.266666667,1789314474028334467,1789314473970245191,0.015821096
65,4.333333333333333,4.333333333000001,1789314474087273130,1789314474033714541,0.023549099
66,4.4,4.4,1789314474165809750,1789314474105381418,0.011679146000000001
67,4.466666666666667,4.466666667,1789314474232783558,1789314474172612220,0.011372005000000001
68,4.533333333333333,4.533333333,1789314474303278440,1789314474256981742,0.007543789
69,4.6,4.6000000000000005,1789314474373715042,1789314474321043227,0.003773854
70,4.666666666666667,4.666666667,1789314474437795154,1789314474382860351,0.006360409
71,4.733333333333333,4.733333333,1789314474510333251,1789314474453838049,0.000488978
72,4.8,4.800000000000001,1789314474510333251,1789314474453838049,0.067155645
73,4.866666666666666,4.8666666670000005,1789314474579320094,1789314474523528217,0.064835469
74,4.933333333333334,4.933333333,1789314474653416605,1789314474596391221,0.057405624
75,5.0,5.0,1789314474718259378,1789314474663311965,0.059229518
76,5.066666666666666,5.066666667000001,1789314474806974500,1789314474732535447,0.037181063
77,5.133333333333334,5.133333333,1789314474864662533,1789314474809029237,0.046159696
78,5.2,5.2,1789314474942452558,1789314474878610366,0.035036338
79,5.266666666666667,5.266666667,1789314475013143017,1789314474949059322,0.031012546000000002
80,5.333333333333333,5.333333333000001,1789314475077354077,1789314475014468344,0.033468152
81,5.4,5.4,1789314475136088828,1789314475088063079,0.041400068000000005
82,5.466666666666667,5.466666667,1789314475207180480,1789314475152877963,0.036975083
83,5.533333333333333,5.533333333000001,1789314475298219956,1789314475230771891,0.012602273
84,5.6,5.6000000000000005,1789314475340447242,1789314475293528903,0.037041654
85,5.666666666666667,5.666666667,1789314475404777902,1789314475357876013,0.039377661
86,5.733333333333333,5.733333333,1789314475486601374,1789314475429828066,0.024220855000000003
87,5.8,5.800000000000001,1789314475556934301,1789314475499450947,0.020554595000000002
88,5.866666666666666,5.8666666670000005,1789314475556934301,1789314475499450947,0.08722126200000001
89,5.933333333333334,5.933333333,1789314475687945309,1789314475642078885,0.022876920000000002
90,6.0,6.0,1789314475687945309,1789314475642078885,0.08954358700000001
91,6.066666666666666,6.066666667000001,1789314475843979533,1789314475786932461,0.00017603
92,6.133333333333334,6.133333333,1789314475843979533,1789314475786932461,0.06684269600000001
93,6.2,6.2,1789314475912124458,1789314475858157666,0.06536443800000001
94,6.266666666666667,6.266666667,1789314475985833224,1789314475922382264,0.058322339
95,6.333333333333333,6.333333333000001,1789314476064413567,1789314475997198376,0.046408662
96,6.4,6.4,1789314476126324726,1789314476061786435,0.05116417
97,6.466666666666667,6.466666667,1789314476196611169,1789314476132675614,0.047544394000000004
98,6.533333333333333,6.533333333000001,1789314476260639056,1789314476200123761,0.050183173000000005
99,6.6,6.6000000000000005,1789314476331904701,1789314476273403944,0.045584195
100,6.666666666666667,6.666666667,1789314476405084710,1789314476342982837,0.039070853
101,6.733333333333333,6.733333333,1789314476472454351,1789314476412383019,0.038367878
102,6.8,6.800000000000001,1789314476543795077,1789314476483883670,0.033693819
103,6.866666666666666,6.8666666670000005,1789314476616422278,1789314476561715910,0.027733285000000003
104,6.933333333333334,6.933333333,1789314476696005117,1789314476623040240,0.014817112
105,7.0,7.0,1789314476754999731,1789314476694600579,0.022489165000000002
106,7.066666666666666,7.066666667000001,1789314476822095096,1789314476763160426,0.022060467
107,7.133333333333334,7.133333333,1789314476892069498,1789314476834216603,0.018752731
108,7.2,7.2,1789314476974463813,1789314476911097453,0.003025083
109,7.266666666666667,7.266666667000001,1789314476974463813,1789314476911097453,0.06969175000000001
110,7.333333333333333,7.333333333000001,1789314477103375426,1789314477037916418,0.007446803
111,7.4,7.4,1789314477173721030,1789314477119396900,0.0037678660000000004
112,7.466666666666667,7.466666667,1789314477173721030,1789314477119396900,0.07043453300000001
113,7.533333333333333,7.533333333000001,1789314477309746760,1789314477262384157,0.0010754690000000001
114,7.6,7.6000000000000005,1789314477309746760,1789314477262384157,0.06774213600000001
115,7.666666666666667,7.666666667,1789314477378119272,1789314477323022912,0.06603629100000001
116,7.733333333333333,7.733333333000001,1789314477447684262,1789314477396818124,0.063137967
117,7.8,7.800000000000001,1789314477515770496,1789314477461185084,0.06171840000000001
118,7.866666666666666,7.8666666670000005,1789314477605478753,1789314477532995106,0.03867681
119,7.933333333333334,7.933333333,1789314477677165270,1789314477607870844,0.033656959
120,8.0,8.0,1789314477741125520,1789314477678456961,0.036363376
121,8.066666666666666,8.066666667,1789314477797144562,1789314477741316873,0.047011001000000004
122,8.133333333333333,8.133333333000001,1789314477874354497,1789314477813812938,0.036467732
123,8.2,8.200000000000001,1789314477949194358,1789314477893564872,0.028294538
124,8.266666666666667,8.266666667,1789314478017262571,1789314477958503235,0.026892992
125,8.333333333333334,8.333333333,1789314478075848692,1789314478021020539,0.034973537
126,8.4,8.4,1789314478158740801,1789314478095677610,0.018748095000000003
127,8.466666666666667,8.466666667,1789314478218062603,1789314478161852795,0.026092960000000002
128,8.533333333333333,8.533333333,1789314478290618149,1789314478230897254,0.020204080000000003
129,8.6,8.600000000000001,1789314478360514464,1789314478304369721,0.016974432
130,8.666666666666666,8.666666667000001,1789314478432020496,1789314478375462034,0.012135067000000001
131,8.733333333333333,8.733333333000001,1789314478505163896,1789314478450650855,0.005658333000000001
132,8.8,8.8,1789314478567228427,1789314478514146583,0.010260469000000001
133,8.866666666666667,8.866666667,1789314478567228427,1789314478514146583,0.07692713600000001
134,8.933333333333334,8.933333333,1789314478650507978,1789314478589375282,0.060314251000000006
135,9.0,9.0,1789314478734284107,1789314478668019630,0.043204789
136,9.066666666666666,9.066666667,1789314478785257193,1789314478735109016,0.058898370000000005
137,9.133333333333333,9.133333333000001,1789314478854960811,1789314478795953835,0.055861418
138,9.2,9.200000000000001,1789314478925125450,1789314478866383788,0.052363446
139,9.266666666666667,9.266666667,1789314478992744474,1789314478941595973,0.051411089
140,9.333333333333334,9.333333333,1789314479069604221,1789314479007899749,0.041218008
141,9.4,9.4,1789314479138680703,1789314479083885268,0.038808193000000005
142,9.466666666666667,9.466666667,1789314479210299856,1789314479148134587,0.033855707
143,9.533333333333333,9.533333333,1789314479281797392,1789314479225462299,0.029024837
144,9.6,9.600000000000001,1789314479338483220,1789314479284495027,0.039005676
145,9.666666666666666,9.666666667000001,1789314479420251516,1789314479359870642,0.023904047
146,9.733333333333333,9.733333333000001,1789314479496976332,1789314479433729769,0.013845897000000001
147,9.8,9.8,1789314479558246699,1789314479501834635,0.019242197000000003
148,9.866666666666667,9.866666667,1789314479636147286,1789314479572870319,0.008008277000000001
149,9.933333333333334,9.933333333,1789314479697385809,1789314479635972511,0.013436420000000001
150,10.0,10.0,1789314479774167208,1789314479708869112,0.003321688
151,10.066666666666666,10.066666667,1789314479840459612,1789314479774008308,0.0036959510000000003
152,10.133333333333333,10.133333333000001,1789314479904473380,1789314479847967256,0.006348849
153,10.2,10.200000000000001,1789314479904473380,1789314479847967256,0.073015516
154,10.266666666666667,10.266666667,1789314479980187087,1789314479911293061,0.06396847600000001
155,10.333333333333334,10.333333333,1789314480050946917,1789314479986777618,0.05987531200000001
156,10.4,10.4,1789314480173791251,1789314480132994434,0.0036976450000000003
157,10.466666666666667,10.466666667,1789314480173791251,1789314480132994434,0.070364312
158,10.533333333333333,10.533333333,1789314480274458398,1789314480202620863,0.036363831
159,10.6,10.600000000000001,1789314480340552554,1789314480273854959,0.036936342000000004
160,10.666666666666666,10.666666667000001,1789314480422940468,1789314480346928752,0.021215095
161,10.733333333333333,10.733333333000001,1789314480485906629,1789314480424845198,0.024915600000000003
162,10.8,10.8,1789314480551277459,1789314480488948885,0.026211437
163,10.866666666666667,10.866666667,1789314480629884844,1789314480564288352,0.014270719000000001
164,10.933333333333334,10.933333333,1789314480687711578,1789314480631920087,0.023110651000000003
165,11.0,11.0,1789314480753886129,1789314480694546204,0.023602767
166,11.066666666666666,11.066666667000002,1789314480822070768,1789314480753116716,0.022084795
167,11.133333333333333,11.133333333000001,1789314480888802032,1789314480845517081,0.022020197000000002
168,11.2,11.200000000000001,1789314480964499435,1789314480906127541,0.012989461
169,11.266666666666667,11.266666667,1789314480964499435,1789314480906127541,0.079656128
170,11.333333333333334,11.333333333,1789314481103771763,1789314481048022145,0.007050466
171,11.4,11.4,1789314481165823872,1789314481108031074,0.011665024000000001
172,11.466666666666667,11.466666667,1789314481233152738,1789314481180272008,0.011002825
173,11.533333333333333,11.533333333,1789314481302154431,1789314481247412657,0.008667798
174,11.6,11.600000000000001,1789314481302154431,1789314481247412657,0.075334465
175,11.666666666666666,11.666666667000001,1789314481385920525,1789314481317888975,0.058235038
176,11.733333333333333,11.733333333000001,1789314481507088294,1789314481463894659,0.0037339350000000003
177,11.8,11.8,1789314481507088294,1789314481463894659,0.070400602
178,11.866666666666667,11.866666667,1789314481634849120,1789314481557758718,0.009306443000000001
179,11.933333333333334,11.933333333,1789314481691486311,1789314481599545224,0.019335918
180,12.0,12.0,1789314481734843359,1789314481665952849,0.042645537000000004
181,12.066666666666666,12.066666667000002,1789314481812371771,1789314481735516536,0.031783792000000005
182,12.133333333333333,12.133333333000001,1789314481874088540,1789314481804436778,0.036733689
183,12.2,12.200000000000001,1789314481969491041,1789314481873451721,0.007997855
184,12.266666666666667,12.266666667,1789314482032467618,1789314481944954510,0.011687945
185,12.333333333333334,12.333333333,1789314482080787708,1789314482023660993,0.030034521
186,12.4,12.4,1789314482139663805,1789314482093420915,0.037825091000000005
187,12.466666666666667,12.466666667,1789314482240482997,1789314482170821455,0.0036725660000000004
188,12.533333333333333,12.533333333000002,1789314482298906107,1789314482234869334,0.011916122000000001
189,12.6,12.600000000000001,1789314482341163899,1789314482297453853,0.036324997000000005
190,12.666666666666666,12.666666667000001,1789314482417797682,1789314482364062162,0.026357881000000003
191,12.733333333333333,12.733333333000001,1789314482487880111,1789314482435672792,0.022942118
192,12.8,12.8,1789314482575849908,1789314482507018266,0.001638988
193,12.866666666666667,12.866666667,1789314482630164863,1789314482572073925,0.0139907
194,12.933333333333334,12.933333333,1789314482704686050,1789314482653715468,0.006136179
195,13.0,13.0,1789314482774171761,1789314482716623261,0.003317135
196,13.066666666666666,13.066666667000002,1789314482774171761,1789314482716623261,0.069983802
197,13.133333333333333,13.133333333000001,1789314482844579704,1789314482789001479,0.06624252500000001
198,13.2,13.200000000000001,1789314482912396877,1789314482856876931,0.065092019
199,13.266666666666667,13.266666667,1789314482985575871,1789314482928135066,0.058579692
200,13.333333333333334,13.333333333,1789314483074689932,1789314483015416034,0.036132297
201,13.4,13.4,1789314483138315215,1789314483068159510,0.039173681
202,13.466666666666667,13.466666667,1789314483204566121,1789314483145733625,0.039589442
203,13.533333333333333,13.533333333000002,1789314483265074708,1789314483209437446,0.045747521000000006
204,13.6,13.600000000000001,1789314483330433721,1789314483281699635,0.047055175000000005
205,13.666666666666666,13.666666667000001,1789314483401328659,1789314483346092986,0.042826904000000006
206,13.733333333333333,13.733333333000001,1789314483473485586,1789314483419961400,0.037336643
207,13.8,13.8,1789314483545292675,1789314483491790636,0.032196221000000004
208,13.866666666666667,13.866666667,1789314483612478455,1789314483556484091,0.031677108
209,13.933333333333334,13.933333333,1789314483693368493,1789314483635716983,0.017453736
210,14.0,14.0,1789314483749457077,1789314483696446303,0.028031819000000003
211,14.066666666666666,14.066666667000002,1789314483822105556,1789314483769267701,0.022050007
212,14.133333333333333,14.133333333000001,1789314483889608146,1789314483835224392,0.021214083
213,14.2,14.200000000000001,1789314483960601209,1789314483906186507,0.016887687000000002
214,14.266666666666667,14.266666667,1789314484043258734,1789314483976686385,0.000896829
215,14.333333333333334,14.333333333,1789314484110592456,1789314484054613337,0.000229773
216,14.4,14.4,1789314484169480500,1789314484117433030,0.008008396000000001
217,14.466666666666667,14.466666667,1789314484169480500,1789314484117433030,0.074675063
218,14.533333333333333,14.533333333000002,1789314484253331900,1789314484192179369,0.05749032900000001
219,14.6,14.600000000000001,1789314484370211166,1789314484324613434,0.0072777300000000005
220,14.666666666666666,14.666666667000001,1789314484370211166,1789314484324613434,0.07394439700000001
221,14.733333333333333,14.733333333000001,1789314484471839768,1789314484395008997,0.038982461
222,14.8,14.8,1789314484534661350,1789314484464861353,0.042827546
223,14.866666666666667,14.866666667,1789314484583748785,1789314484538127562,0.060406778
224,14.933333333333334,14.933333333,1789314484675124688,1789314484607897795,0.035697541
225,15.0,15.000000000000002,1789314484727314929,1789314484677258759,0.050173967
226,15.066666666666666,15.066666667000002,1789314484805184076,1789314484750544715,0.038971487
227,15.133333333333333,15.133333333000001,1789314484869887215,1789314484814175522,0.040935014000000006
228,15.2,15.200000000000001,1789314484946790443,1789314484892096291,0.030698453
229,15.266666666666667,15.266666667,1789314485011589594,1789314484955175699,0.032565969
230,15.333333333333334,15.333333333,1789314485085983136,1789314485030743356,0.024839093000000003
231,15.4,15.4,1789314485167765130,1789314485101750184,0.009723766
232,15.466666666666667,15.466666667,1789314485234242280,1789314485174892075,0.009913283
233,15.533333333333333,15.533333333000002,1789314485287484712,1789314485234134874,0.023337517000000002
234,15.6,15.600000000000001,1789314485360752379,1789314485304871011,0.016736517
235,15.666666666666666,15.666666667000001,1789314485360752379,1789314485304871011,0.083403184
236,15.733333333333333,15.733333333000001,1789314485500207815,1789314485454104170,0.010614414
237,15.8,15.8,1789314485570549565,1789314485515678536,0.006939331000000001
238,15.866666666666667,15.866666667,1789314485570549565,1789314485515678536,0.073605998
239,15.933333333333334,15.933333333,1789314485651942228,1789314485589789450,0.058880001
240,16.0,16.0,1789314485711120218,1789314485656999975,0.066368678
241,16.066666666666666,16.066666667,1789314485781542714,1789314485726493359,0.062612849
242,16.133333333333333,16.133333333,1789314485859434057,1789314485801055627,0.051388172
243,16.2,16.2,1789314485945030756,1789314485869714854,0.03245814
244,16.266666666666666,16.266666667000003,1789314485994682992,1789314485939441899,0.049472571
245,16.333333333333332,16.333333333000002,1789314486073824148,1789314486021201807,0.036998081
246,16.4,16.400000000000002,1789314486139232890,1789314486085373812,0.038256006
247,16.466666666666665,16.466666667000002,1789314486211883311,1789314486154991710,0.032272252
248,16.533333333333335,16.533333333,1789314486278005649,1789314486225785857,0.032816580000000005
249,16.6,16.6,1789314486347658272,1789314486288013417,0.029830624000000003
250,16.666666666666668,16.666666667,1789314486407210283,1789314486355914963,0.036945280000000004
251,16.733333333333334,16.733333333,1789314486492534354,1789314486425493432,0.018287875000000002
252,16.8,16.8,1789314486543847181,1789314486493898436,0.033641715
253,16.866666666666667,16.866666667,1789314486622892994,1789314486566017012,0.021262569000000002
254,16.933333333333334,16.933333333,1789314486704584176,1789314486643048099,0.006238053
255,17.0,17.0,1789314486761489635,1789314486704263431,0.015999261
256,17.066666666666666,17.066666667,1789314486833485987,1789314486778163582,0.010669576
257,17.133333333333333,17.133333333,1789314486833485987,1789314486778163582,0.077336242
258,17.2,17.200000000000003,1789314486915484857,1789314486853086171,0.062004039000000004
259,17.266666666666666,17.266666667000003,1789314486979955141,1789314486923183011,0.06420042200000001
260,17.333333333333332,17.333333333000002,1789314487045246035,1789314486988822279,0.065576194
261,17.4,17.400000000000002,1789314487132117171,1789314487062051772,0.045371725
262,17.466666666666665,17.466666667000002,1789314487203583008,1789314487131229600,0.040572555
263,17.533333333333335,17.533333333,1789314487274383414,1789314487205918640,0.036438815
264,17.6,17.6,1789314487336448221,1789314487268771036,0.041040675000000006
265,17.666666666666668,17.666666667,1789314487439001140,1789314487359030453,0.005154423
266,17.733333333333334,17.733333333,1789314487503463986,1789314487403811156,0.007358243
267,17.8,17.8,1789314487566519545,1789314487477669944,0.010969351
268,17.866666666666667,17.866666667,1789314487624950759,1789314487546094457,0.019204804000000002
269,17.933333333333334,17.933333333,1789314487689176614,1789314487620133108,0.021645615
270,18.0,18.0,1789314487753037142,1789314487690474127,0.024451754000000003
271,18.066666666666666,18.066666667,1789314487817782489,1789314487762071405,0.026373074000000003
272,18.133333333333333,18.133333333,1789314487880907945,1789314487826971876,0.029914284000000003
273,18.2,18.200000000000003,1789314487959212399,1789314487899221527,0.018276497000000003
274,18.266666666666666,18.266666667000003,1789314488023754900,1789314487969988905,0.020400663000000003
275,18.333333333333332,18.333333333000002,1789314488095190127,1789314488039110334,0.015632102000000002
276,18.4,18.400000000000002,1789314488167199861,1789314488107731115,0.010289035
277,18.466666666666665,18.466666667000002,1789314488229405281,1789314488187196345,0.014750282000000002
278,18.533333333333335,18.533333333,1789314488300529108,1789314488249539639,0.010293121
279,18.6,18.6,1789314488359509246,1789314488319478576,0.01797965
280,18.666666666666668,18.666666667,1789314488443097666,1789314488399192190,0.0010578970000000001
281,18.733333333333334,18.733333333,1789314488443097666,1789314488399192190,0.067724563
282,18.8,18.8,1789314488541295952,1789314488461009240,0.036192944000000005
283,18.866666666666667,18.866666667,1789314488615325948,1789314488547778650,0.028829615000000003
284,18.933333333333334,18.933333333,1789314488675188665,1789314488617729236,0.035633564
285,19.0,19.0,1789314488723714325,1789314488668809724,0.053774571
286,19.066666666666666,19.066666667,1789314488817645817,1789314488746275366,0.026509746
287,19.133333333333333,19.133333333,1789314488878365797,1789314488816739811,0.032456432
288,19.2,19.200000000000003,1789314488938501188,1789314488882751294,0.038987708
289,19.266666666666666,19.266666667000003,1789314489001251608,1789314488952543876,0.042903955
290,19.333333333333332,19.333333333000002,1789314489076884774,1789314489024668756,0.033937455000000005
291,19.4,19.400000000000002,1789314489154294266,1789314489094786007,0.02319463
292,19.466666666666665,19.466666667000002,1789314489224194816,1789314489173076189,0.019960747
293,19.533333333333335,19.533333333,1789314489285784785,1789314489225463748,0.025037444000000002
294,19.6,19.6,1789314489363406944,1789314489297684887,0.014081952
295,19.666666666666668,19.666666667,1789314489422904065,1789314489364461129,0.021251498
296,19.733333333333334,19.733333333,1789314489497302415,1789314489439621561,0.013519814000000002
297,19.8,19.8,1789314489497302415,1789314489439621561,0.080186481
298,19.866666666666667,19.866666667,1789314489578285490,1789314489512345229,0.065870073
299,19.933333333333334,19.933333333,1789314489652523370,1789314489586109416,0.058298859
300,20.0,20.0,1789314489712112472,1789314489650884758,0.065376424
301,20.066666666666666,20.066666667,1789314489790615449,1789314489730382360,0.05354011400000001
302,20.133333333333333,20.133333333,1789314489844367186,1789314489789506537,0.066455043
303,20.2,20.200000000000003,1789314489913718769,1789314489864853714,0.06377012700000001
304,20.266666666666666,20.266666667000003,1789314490004441282,1789314489937014877,0.039714281000000004
305,20.333333333333332,20.333333333000002,1789314490055378628,1789314489997444631,0.055443601
306,20.4,20.400000000000002,1789314490126251067,1789314490066536233,0.051237829000000006
307,20.466666666666665,20.466666667000002,1789314490194816967,1789314490138632446,0.049338596000000005
308,20.533333333333335,20.533333333,1789314490263046983,1789314490206126079,0.047775246
309,20.6,20.6,1789314490331896216,1789314490277425229,0.045592680000000003
310,20.666666666666668,20.666666667,1789314490400324754,1789314490346535071,0.043830809000000005
311,20.733333333333334,20.733333333,1789314490471699658,1789314490428879459,0.039122571
312,20.8,20.8,1789314490539365473,1789314490487754664,0.038123423000000004
313,20.866666666666667,20.866666667,1789314490621804561,1789314490564481493,0.022351002000000002
314,20.933333333333334,20.933333333,1789314490700450806,1789314490645486763,0.010371423000000001
315,21.0,21.0,1789314490771902072,1789314490725054343,0.005586824000000001
316,21.066666666666666,21.066666667,1789314490834721884,1789314490780750033,0.009433679
317,21.133333333333333,21.133333333000003,1789314490834721884,1789314490780750033,0.076100345
318,21.2,21.200000000000003,1789314490928801294,1789314490850302013,0.048687602
319,21.266666666666666,21.266666667000003,1789314490986986107,1789314490910941126,0.057169456
320,21.333333333333332,21.333333333000002,1789314491044428607,1789314490978518898,0.066393622
321,21.4,21.400000000000002,1789314491175667779,1789314491119827857,0.0018211170000000001
322,21.466666666666665,21.466666667000002,1789314491239992381,1789314491185292831,0.0041631820000000005
323,21.533333333333335,21.533333333,1789314491239992381,1789314491185292831,0.070829848
324,21.6,21.6,1789314491314414321,1789314491260558240,0.06307457500000001
325,21.666666666666668,21.666666667,1789314491386680206,1789314491329107388,0.057475357000000005
326,21.733333333333334,21.733333333,1789314491452465478,1789314491406338235,0.058356751000000005
327,21.8,21.8,1789314491519237308,1789314491468790308,0.05825158800000001
328,21.866666666666667,21.866666667,1789314491597735903,1789314491539345156,0.04641966
329,21.933333333333334,21.933333333,1789314491669891726,1789314491609125119,0.040930503
330,22.0,22.0,1789314491744636363,1789314491687711917,0.032852533
331,22.066666666666666,22.066666667,1789314491806556175,1789314491747668819,0.037599388000000004
332,22.133333333333333,22.133333333000003,1789314491875148177,1789314491818190447,0.035674052000000005
333,22.2,22.200000000000003,1789314491941937674,1789314491887742669,0.035551222
334,22.266666666666666,22.266666667000003,1789314492018315288,1789314491960330932,0.025840275000000003
335,22.333333333333332,22.333333333000002,1789314492083053628,1789314492026799679,0.027768601
336,22.4,22.400000000000002,1789314492153289381,1789314492096183162,0.024199515
337,22.466666666666665,22.466666667000002,1789314492222120281,1789314492164727529,0.022035282
338,22.533333333333335,22.533333333,1789314492292799163,1789314492235600549,0.018023066
339,22.6,22.6,1789314492371474694,1789314492311938081,0.006014202000000001
340,22.666666666666668,22.666666667,1789314492371474694,1789314492311938081,0.07268086900000001
341,22.733333333333334,22.733333333,1789314492445643210,1789314492385255480,0.065179019
342,22.8,22.8,1789314492519674781,1789314492460162268,0.057814115000000006
343,22.866666666666667,22.866666667,1789314492587554423,1789314492520715012,0.05660114
344,22.933333333333334,22.933333333,1789314492648492528,1789314492587028819,0.062329701
345,23.0,23.0,1789314492722384977,1789314492659472153,0.055103919
346,23.066666666666666,23.066666667,1789314492801388646,1789314492736049908,0.042766917
347,23.133333333333333,23.133333333000003,1789314492858045686,1789314492800652871,0.052776543
348,23.2,23.200000000000003,1789314492953113412,1789314492870532258,0.024375484000000003
349,23.266666666666666,23.266666667000003,1789314493029414840,1789314492940709955,0.014740723
350,23.333333333333332,23.333333333000002,1789314493097645713,1789314493013168938,0.013176516000000001
351,23.4,23.400000000000002,1789314493157858369,1789314493082498961,0.019630527000000002
352,23.466666666666665,23.466666667000002,1789314493203331525,1789314493149226792,0.040824038
353,23.533333333333335,23.533333333,1789314493282464155,1789314493220735464,0.028358074
354,23.6,23.6,1789314493355703546,1789314493297475338,0.021785350000000002
355,23.666666666666668,23.666666667,1789314493419178895,1789314493360788202,0.024976668
356,23.733333333333334,23.733333333,1789314493491024346,1789314493429022147,0.019797883000000002
357,23.8,23.8,1789314493550488105,1789314493504715934,0.027000791000000003
358,23.866666666666667,23.866666667,1789314493629786101,1789314493570881678,0.014369462000000001
359,23.933333333333334,23.933333333,1789314493710663148,1789314493642334598,0.00015908100000000002
360,24.0,24.0,1789314493769409503,1789314493707557020,0.008079393
361,24.066666666666666,24.066666667,1789314493838676094,1789314493780859907,0.005479469000000001
362,24.133333333333333,24.133333333000003,1789314493904640403,1789314493847799446,0.0061818260000000005
363,24.2,24.200000000000003,1789314493904640403,1789314493847799446,0.072848493
364,24.266666666666666,24.266666667000003,1789314494042029974,1789314493987480519,0.002125589
365,24.333333333333332,24.333333333000002,1789314494042029974,1789314493987480519,0.06879225500000001
366,24.4,24.400000000000002,1789314494134011475,1789314494063565129,0.043477421
367,24.466666666666665,24.466666667000002,1789314494189718419,1789314494133580123,0.05443714400000001
368,24.533333333333335,24.533333333,1789314494289371723,1789314494229124898,0.021450506
369,24.6,24.6,1789314494352002599,1789314494274149668,0.025486297
370,24.666666666666668,24.666666667,1789314494417969744,1789314494351014856,0.026185819000000003
371,24.733333333333334,24.733333333,1789314494506395171,1789314494416475855,0.004427058
372,24.8,24.8,1789314494566052160,1789314494493243590,0.011436736000000001
373,24.866666666666667,24.866666667,1789314494642232843,1789314494558695821,0.0019227200000000002
374,24.933333333333334,24.933333333,1789314494705198258,1789314494624748161,0.005623971
375,25.0,25.0,1789314494762949465,1789314494699328894,0.014539431
376,25.066666666666666,25.066666667,1789314494820951969,1789314494758002205,0.023203594
377,25.133333333333333,25.133333333000003,1789314494899912050,1789314494838818172,0.010910179
378,25.2,25.200000000000003,1789314494973223980,1789314494914191168,0.0042649160000000005
379,25.266666666666666,25.266666667000003,1789314494973223980,1789314494914191168,0.070931583
380,25.333333333333332,25.333333333000002,1789314495053752670,1789314494981852963,0.057069559000000006
381,25.4,25.400000000000002,1789314495159397764,1789314495108954771,0.018091132000000003
382,25.466666666666665,25.466666667000002,1789314495159397764,1789314495108954771,0.08475779900000001
383,25.533333333333335,25.533333333,1789314495259284103,1789314495185062118,0.051538126000000004
384,25.6,25.6,1789314495370715861,1789314495322469566,0.006773035
385,25.666666666666668,25.666666667,1789314495370715861,1789314495322469566,0.07343970200000001
386,25.733333333333334,25.733333333,1789314495452983808,1789314495392533513,0.057838421
387,25.8,25.8,1789314495515638995,1789314495460822032,0.061849901000000006
388,25.866666666666667,25.866666667,1789314495595718309,1789314495536522799,0.048437254000000006
389,25.933333333333334,25.933333333,1789314495665342743,1789314495603663458,0.045479486
390,26.0,26.0,1789314495728924321,1789314495679621826,0.048564575000000006
391,26.066666666666666,26.066666667000003,1789314495808616641,1789314495753596323,0.035538922
392,26.133333333333333,26.133333333000003,1789314495888806945,1789314495823982391,0.022015284000000003
393,26.2,26.200000000000003,1789314495947657419,1789314495885411533,0.029831477000000002
394,26.266666666666666,26.266666667000003,1789314496019133672,1789314495957883149,0.025021891
395,26.333333333333332,26.333333333000002,1789314496089148287,1789314496028884747,0.021673942
396,26.4,26.400000000000002,1789314496155927287,1789314496101478605,0.021561609000000002
397,26.466666666666665,26.466666667000002,1789314496232451346,1789314496166874580,0.011704217000000001
398,26.533333333333335,26.533333333,1789314496290797296,1789314496235242200,0.020024933
399,26.6,26.6,1789314496290797296,1789314496235242200,0.08669160000000001
400,26.666666666666668,26.666666667,1789314496381351154,1789314496325716784,0.062804409
401,26.733333333333334,26.733333333,1789314496458969561,1789314496369569738,0.051852668000000005
402,26.8,26.8,1789314496524009746,1789314496469194585,0.05347915
403,26.866666666666667,26.866666667,1789314496584408663,1789314496510749356,0.059746900000000006
404,26.933333333333334,26.933333333,1789314496653319392,1789314496585737473,0.057502837
405,27.0,27.0,1789314496776675027,1789314496721206791,0.000813869
406,27.066666666666666,27.066666667000003,1789314496776675027,1789314496721206791,0.06748053600000001
407,27.133333333333333,27.133333333000003,1789314496848211214,1789314496791620465,0.062611015
408,27.2,27.200000000000003,1789314496935547859,1789314496867528028,0.041941037
409,27.266666666666666,27.266666667000003,1789314497010738145,1789314496932553747,0.033417418000000004
410,27.333333333333332,27.333333333000002,1789314497077494698,1789314497005703484,0.033327531
411,27.4,27.400000000000002,1789314497141639715,1789314497075530478,0.035849181
412,27.466666666666665,27.466666667000002,1789314497207352326,1789314497146253203,0.036803237
413,27.533333333333335,27.533333333,1789314497288551529,1789314497221531295,0.0222707
414,27.6,27.6,1789314497349695906,1789314497285889396,0.02779299
415,27.666666666666668,27.666666667,1789314497420413766,1789314497355781710,0.023741797000000002
416,27.733333333333334,27.733333333,1789314497503845639,1789314497421503954,0.00697659
417,27.8,27.8,1789314497553111022,1789314497493825411,0.024377874
418,27.866666666666667,27.866666667,1789314497624453538,1789314497557516227,0.019702025
419,27.933333333333334,27.933333333,1789314497686824025,1789314497632710116,0.023998204000000002
420,28.0,28.0,1789314497765134409,1789314497700972013,0.012354487
421,28.066666666666666,28.066666667000003,1789314497765134409,1789314497700972013,0.07902115400000001
422,28.133333333333333,28.133333333000003,1789314497900937664,1789314497840677399,0.009884565000000001
423,28.2,28.200000000000003,1789314497969493967,1789314497914696130,0.007994929000000001
424,28.266666666666666,28.266666667000003,1789314497969493967,1789314497914696130,0.07466159600000001
425,28.333333333333332,28.333333333000002,1789314498048596092,1789314497983940777,0.062226137
426,28.4,28.400000000000002,1789314498138843765,1789314498066852540,0.038645131
427,28.466666666666665,28.466666667000002,1789314498198905208,1789314498127555953,0.045250355000000006
428,28.533333333333335,28.533333333,1789314498251845293,1789314498194343889,0.058976936
429,28.6,28.6,1789314498324447156,1789314498262413140,0.053041740000000004
430,28.666666666666668,28.666666667,1789314498402334496,1789314498348983287,0.041821067
431,28.733333333333334,28.733333333,1789314498461487759,1789314498401044091,0.049334470000000005
432,28.8,28.8,1789314498535801457,1789314498479501871,0.041687439
433,28.866666666666667,28.866666667,1789314498626790953,1789314498542274221,0.017364610000000003
434,28.933333333333334,28.933333333,1789314498679166229,1789314498613259654,0.031656000000000004
435,29.0,29.000000000000004,1789314498751373610,1789314498695045476,0.026115286
436,29.066666666666666,29.066666667000003,1789314498826810012,1789314498762763291,0.017345551
437,29.133333333333333,29.133333333000003,1789314498893043925,1789314498825581087,0.017778304
438,29.2,29.200000000000003,1789314498965131835,1789314498891042133,0.012357061
439,29.266666666666666,29.266666667000003,1789314499018139701,1789314498964732968,0.026015862
440,29.333333333333332,29.333333333000002,1789314499018139701,1789314498964732968,0.092682528
441,29.4,29.400000000000002,1789314499121586739,1789314499041252669,0.055902157
442,29.466666666666665,29.466666667000002,1789314499222456039,1789314499178527292,0.021699524
443,29.533333333333335,29.533333333,1789314499293017404,1789314499240156700,0.017804825
444,29.6,29.6,1789314499368425212,1789314499310821758,0.009063684
445,29.666666666666668,29.666666667,1789314499433833215,1789314499381263268,0.010322348
446,29.733333333333334,29.733333333,1789314499433833215,1789314499381263268,0.07698901400000001
447,29.8,29.8,1789314499518584297,1789314499454629472,0.058904599
448,29.866666666666667,29.866666667,1789314499578894176,1789314499523118988,0.065261387
449,29.933333333333334,29.933333333,1789314499665191888,1789314499596074451,0.045630341000000005
450,30.0,30.000000000000004,1789314499724200065,1789314499668626726,0.053288831
451,30.066666666666666,30.066666667000003,1789314499795389830,1789314499736459871,0.048765733000000006
452,30.133333333333333,30.133333333000003,1789314499862025222,1789314499807588381,0.048797007
453,30.2,30.200000000000003,1789314499929169543,1789314499872451706,0.048319353
454,30.266666666666666,30.266666667000003,1789314499993165685,1789314499940049620,0.050989878
455,30.333333333333332,30.333333333000002,1789314500069213179,1789314500010679857,0.04160905
456,30.4,30.400000000000002,1789314500144747805,1789314500085933935,0.032741091
457,30.466666666666665,30.466666667000002,1789314500215408369,1789314500171363295,0.028747194
458,30.533333333333335,30.533333333,1789314500283905938,1789314500223039743,0.026916291000000002
459,30.6,30.6,1789314500349289349,1789314500291799937,0.028199547000000002
460,30.666666666666668,30.666666667,1789314500416967197,1789314500361037311,0.027188366000000002
461,30.733333333333334,30.733333333,1789314500416967197,1789314500361037311,0.093855032
462,30.8,30.8,1789314500575285502,1789314500514899240,0.002203394
463,30.866666666666667,30.866666667,1789314500633772834,1789314500582514680,0.010382729
464,30.933333333333334,30.933333333,1789314500633772834,1789314500582514680,0.077049395
465,31.0,31.000000000000004,1789314500712379723,1789314500647791069,0.065109173
466,31.066666666666666,31.066666667000003,1789314500778716984,1789314500732323995,0.06543857900000001
467,31.133333333333333,31.133333333000003,1789314500858013114,1789314500800736753,0.052809115000000004
468,31.2,31.200000000000003,1789314500926324675,1789314500875327899,0.051164221
469,31.266666666666666,31.266666667000003,1789314500992496123,1789314500930502264,0.05165944
470,31.333333333333332,31.333333333000002,1789314501054724306,1789314500995617257,0.056097923
471,31.4,31.400000000000002,1789314501121275758,1789314501067505134,0.056213138
472,31.466666666666665,31.466666667000002,1789314501208639460,1789314501139750943,0.035516103
473,31.533333333333335,31.533333333,1789314501266084184,1789314501210068506,0.044738045000000004
474,31.6,31.6,1789314501338012865,1789314501272223686,0.039476031
475,31.666666666666668,31.666666667,1789314501400631656,1789314501344398350,0.043523907
476,31.733333333333334,31.733333333,1789314501469460166,1789314501412555670,0.041362063000000004
477,31.8,31.8,1789314501553585087,1789314501484989247,0.023903809
478,31.866666666666667,31.866666667,1789314501634619824,1789314501556057050,0.009535739000000001
479,31.933333333333334,31.933333333000004,1789314501687342282,1789314501628167482,0.023479947
480,32.0,32.0,1789314501687342282,1789314501628167482,0.090146614
481,32.06666666666667,32.066666667,1789314501820177216,1789314501769813330,0.023978347
482,32.13333333333333,32.133333333,1789314501875911706,1789314501836115790,0.034910523
483,32.2,32.2,1789314501953433995,1789314501901833247,0.024054901
484,32.266666666666666,32.266666667,1789314501953433995,1789314501901833247,0.090721568
485,32.333333333333336,32.333333333,1789314502087696998,1789314502040601889,0.023125231000000003
486,32.4,32.4,1789314502087696998,1789314502040601889,0.08979189800000001
487,32.46666666666667,32.466666667000005,1789314502233578590,1789314502181850348,0.010576973
488,32.53333333333333,32.533333333,1789314502310612290,1789314502256137427,0.00020993900000000002
489,32.6,32.6,1789314502310612290,1789314502256137427,0.066876606
490,32.666666666666664,32.666666667,1789314502395762415,1789314502330358449,0.048393148000000004
491,32.733333333333334,32.733333333000004,1789314502473916993,1789314502406531880,0.036905236
492,32.8,32.800000000000004,1789314502525909525,1789314502464125284,0.051579371000000006
493,32.86666666666667,32.866666667000004,1789314502585648610,1789314502532435379,0.058506953
494,32.93333333333333,32.933333333,1789314502670599669,1789314502613184656,0.040222560000000004
495,33.0,33.0,1789314502740037107,1789314502678857487,0.037451789
496,33.06666666666667,33.066666667,1789314502782408000,1789314502744740714,0.061747563000000005
497,33.13333333333333,33.133333333,1789314502877826022,1789314502809422219,0.032996207
498,33.2,33.2,1789314502932746382,1789314502885468370,0.044742514000000004
499,33.266666666666666,33.266666667,1789314503026032513,1789314502950524835,0.01812305
500,33.333333333333336,33.333333333,1789314503093343428,1789314503024568295,0.017478801000000002
501,33.4,33.4,1789314503157765016,1789314503093891306,0.019723880000000003
502,33.46666666666667,33.466666667000005,1789314503218998168,1789314503164025171,0.025157395000000003
503,33.53333333333333,33.533333333,1789314503298817135,1789314503241221854,0.012005094000000001
504,33.6,33.6,1789314503361253991,1789314503300189437,0.016234905
505,33.666666666666664,33.666666667,1789314503435451733,1789314503378708944,0.008703830000000001
506,33.733333333333334,33.733333333000004,1789314503506579805,1789314503448144225,0.004242424
507,33.8,33.800000000000004,1789314503506579805,1789314503448144225,0.07090909100000001
508,33.86666666666667,33.866666667000004,1789314503635099260,1789314503578341813,0.009056303
509,33.93333333333333,33.933333333,1789314503709485794,1789314503656832804,0.0013364350000000002
510,34.0,34.0,1789314503777320360,1789314503718822116,0.000168536
511,34.06666666666667,34.066666667,1789314503841183381,1789314503791569881,0.0029721820000000003
512,34.13333333333333,34.133333333,1789314503909510777,1789314503868429177,0.001311452
513,34.2,34.2,1789314503909510777,1789314503868429177,0.067978119
514,34.266666666666666,34.266666667,1789314503984559571,1789314503931062282,0.059595992
515,34.333333333333336,34.333333333,1789314504067935970,1789314504002034206,0.042886259
516,34.4,34.400000000000006,1789314504124212450,1789314504073604785,0.053276446000000005
517,34.46666666666667,34.466666667000005,1789314504197129919,1789314504143699272,0.047025644000000005
518,34.53333333333333,34.533333333,1789314504275590491,1789314504209887889,0.035231738000000005
519,34.6,34.6,1789314504349417164,1789314504290605835,0.028071732000000002
520,34.666666666666664,34.666666667,1789314504410388959,1789314504355078106,0.033766604
521,34.733333333333334,34.733333333000004,1789314504490192389,1789314504427460243,0.02062984
522,34.8,34.800000000000004,1789314504547504936,1789314504492176129,0.02998396
523,34.86666666666667,34.866666667000004,1789314504624098296,1789314504565342238,0.020057267
524,34.93333333333333,34.933333333,1789314504695003638,1789314504636034881,0.015818591
525,35.0,35.0,1789314504775832510,1789314504709131349,0.0016563860000000001
526,35.06666666666667,35.066666667,1789314504828971760,1789314504775432172,0.015183803000000001
527,35.13333333333333,35.133333333,1789314504903300096,1789314504842904119,0.007522133
528,35.2,35.2,1789314504972109845,1789314504914013103,0.005379051
529,35.266666666666666,35.266666667,1789314504972109845,1789314504914013103,0.07204571800000001
530,35.333333333333336,35.333333333,1789314505048395477,1789314504991366655,0.062426752
531,35.4,35.400000000000006,1789314505174537015,1789314505122192212,0.0029518810000000004
532,35.46666666666667,35.466666667000005,1789314505174537015,1789314505122192212,0.069618548
533,35.53333333333333,35.533333333,1789314505259117932,1789314505194577409,0.051704297
534,35.6,35.6,1789314505322560396,1789314505266397926,0.054928500000000005
535,35.666666666666664,35.666666667,1789314505390155482,1789314505335294008,0.054000081000000005
536,35.733333333333334,35.733333333000004,1789314505458441215,1789314505403916968,0.052381014000000004
537,35.8,35.800000000000004,1789314505520553687,1789314505478822996,0.056935209
538,35.86666666666667,35.866666667000004,1789314505596676733,1789314505541157416,0.04747883
539,35.93333333333333,35.933333333,1789314505684911584,1789314505611884994,0.025910645000000003
540,36.0,36.0,1789314505750809783,1789314505690591023,0.026679113
541,36.06666666666667,36.066666667,1789314505799395486,1789314505758902519,0.044760077
542,36.13333333333333,36.133333333,1789314505884874340,1789314505822835094,0.025947889000000002
543,36.2,36.2,1789314505950421423,1789314505892230824,0.027067473
544,36.266666666666666,36.266666667,1789314506016473879,1789314505963455425,0.027681684
545,36.333333333333336,36.333333333,1789314506088007754,1789314506030122357,0.022814475
546,36.4,36.400000000000006,1789314506158190323,1789314506105341114,0.019298573000000003
547,36.46666666666667,36.466666667000005,1789314506241521273,1789314506175310855,0.00263429
548,36.53333333333333,36.533333333,1789314506305974190,1789314506245091805,0.004848039
549,36.6,36.6,1789314506371104599,1789314506314561899,0.006384297000000001
550,36.666666666666664,36.666666667,1789314506435350737,1789314506386004147,0.008804826
551,36.733333333333334,36.733333333000004,1789314506500098090,1789314506455941596,0.010724139
552,36.8,36.800000000000004,1789314506572357849,1789314506528940905,0.0051310470000000006
553,36.86666666666667,36.866666667000004,1789314506639382355,1789314506592018415,0.004773208
554,36.93333333333333,36.933333333,1789314506639382355,1789314506592018415,0.071439874
555,37.0,37.0,1789314506739219936,1789314506661676309,0.038268960000000005
556,37.06666666666667,37.066666667,1789314506795161024,1789314506731140131,0.048994539000000004
557,37.13333333333333,37.133333333,1789314506855324598,1789314506803295684,0.055497631000000006
558,37.2,37.2,1789314506928360199,1789314506872426760,0.049128697000000006
559,37.266666666666666,37.266666667,1789314506995255248,1789314506944384817,0.048900315
560,37.333333333333336,37.333333333,1789314507063607174,1789314507008893483,0.047215055000000006
561,37.4,37.400000000000006,1789314507144720389,1789314507095440824,0.032768507
562,37.46666666666667,37.466666667000005,1789314507215781199,1789314507161188067,0.028374364000000003
563,37.53333333333333,37.533333333,1789314507303773554,1789314507232278449,0.007048675000000001
564,37.6,37.6,1789314507364014695,1789314507313323336,0.013474201000000002
565,37.666666666666664,37.666666667,1789314507435608084,1789314507378769869,0.008547479
566,37.733333333333334,37.733333333000004,1789314507498931214,1789314507442949683,0.011891015000000001
567,37.8,37.800000000000004,1789314507574548631,1789314507510382963,0.002940265
568,37.86666666666667,37.866666667000004,1789314507632587221,1789314507576297908,0.011568342
569,37.93333333333333,37.933333333,1789314507698684685,1789314507646046968,0.012137544
570,38.0,38.0,1789314507698684685,1789314507646046968,0.078804211
571,38.06666666666667,38.066666667,1789314507782891123,1789314507719762418,0.06126444
572,38.13333333333333,38.133333333,1789314507849572436,1789314507793307766,0.061249793000000004
573,38.2,38.2,1789314507926425465,1789314507865181702,0.051063431000000006
574,38.266666666666666,38.266666667,1789314507992812277,1789314507937141698,0.051343286
575,38.333333333333336,38.333333333000006,1789314508062066705,1789314508000359918,0.048755524
576,38.4,38.400000000000006,1789314508128788555,1789314508073815738,0.048700341
577,38.46666666666667,38.466666667000005,1789314508187767861,1789314508133482587,0.056387702000000005
578,38.53333333333333,38.533333333,1789314508269559195,1789314508204833916,0.041263034000000004
579,38.6,38.6,1789314508352163047,1789314508283081795,0.025325849
580,38.666666666666664,38.666666667,1789314508413596358,1789314508358654105,0.030559205000000002
581,38.733333333333334,38.733333333000004,1789314508471560176,1789314508415886375,0.039262053000000005
582,38.8,38.800000000000004,1789314508542627918,1789314508484012402,0.034860978
583,38.86666666666667,38.866666667000004,1789314508620435037,1789314508563623652,0.023720526000000002
584,38.93333333333333,38.933333333,1789314508693397066,1789314508626911566,0.017425163
585,39.0,39.0,1789314508740681874,1789314508696457612,0.036807022
586,39.06666666666667,39.066666667,1789314508740681874,1789314508696457612,0.10347368900000001
587,39.13333333333333,39.133333333,1789314508904957076,1789314508834742114,0.0058651530000000006
588,39.2,39.2,1789314508957849535,1789314508907810972,0.019639361
589,39.266666666666666,39.266666667,1789314509033410253,1789314508975308056,0.010745310000000001
590,39.333333333333336,39.333333333000006,1789314509102754373,1789314509045117359,0.008067856
591,39.4,39.400000000000006,1789314509102754373,1789314509045117359,0.07473452300000001
592,39.46666666666667,39.466666667000005,1789314509182138508,1789314509115147613,0.062017055
593,39.53333333333333,39.533333333,1789314509250809807,1789314509186041143,0.060012422
594,39.6,39.6,1789314509311974465,1789314509254377232,0.065514431
595,39.666666666666664,39.666666667,1789314509382176037,1789314509327104562,0.06197952600000001
596,39.733333333333334,39.733333333000004,1789314509449390769,1789314509392066178,0.06143146000000001
597,39.8,39.800000000000004,1789314509524434166,1789314509481088870,0.05305473
598,39.86666666666667,39.866666667000004,1789314509626206271,1789314509539068776,0.017949292000000002
599,39.93333333333333,39.933333333,1789314509682305204,1789314509604339711,0.028517025
600,40.0,40.0,1789314509748917715,1789314509676485303,0.028571181
601,40.06666666666667,40.066666667,1789314509823030883,1789314509758097175,0.02112468
602,40.13333333333333,40.133333333,1789314509871077795,1789314509825432914,0.039744434
603,40.2,40.2,1789314509949282934,1789314509893719652,0.028205962
604,40.266666666666666,40.266666667,1789314510025843317,1789314509972622191,0.018312246
605,40.333333333333336,40.333333333000006,1789314510025843317,1789314509972622191,0.084978912
606,40.4,40.400000000000006,1789314510118215342,1789314510023713481,0.059273554000000006
607,40.46666666666667,40.466666667000005,1789314510236462010,1789314510166993344,0.0076935530000000005
608,40.53333333333333,40.533333333,1789314510298319032,1789314510238441299,0.012503197
609,40.6,40.6,1789314510369320307,1789314510311038231,0.008168589
610,40.666666666666664,40.666666667,1789314510437058196,1789314510374584713,0.007097367
611,40.733333333333334,40.733333333000004,1789314510437058196,1789314510374584713,0.073764033
612,40.8,40.800000000000004,1789314510577416444,1789314510510800648,7.2452e-05
613,40.86666666666667,40.866666667000004,1789314510577416444,1789314510510800648,0.066739119
614,40.93333333333333,40.933333333,1789314510674644791,1789314510594009889,0.036177438
615,41.0,41.0,1789314510746861675,1789314510657472489,0.030627221000000003
616,41.06666666666667,41.066666667,1789314510826597104,1789314510750533593,0.017558459000000002
617,41.13333333333333,41.133333333,1789314510896252834,1789314510800404244,0.014569395
618,41.2,41.2,1789314510952347180,1789314510873809469,0.025141716
619,41.266666666666666,41.266666667,1789314511000812566,1789314510943723664,0.043342997
620,41.333333333333336,41.333333333000006,1789314511085478424,1789314511010309919,0.025343805
621,41.4,41.400000000000006,1789314511143612279,1789314511077829112,0.033876617000000005
622,41.46666666666667,41.466666667000005,1789314511216498994,1789314511147831465,0.027656569000000002
623,41.53333333333333,41.533333333,1789314511288276737,1789314511230241166,0.022545492
624,41.6,41.6,1789314511338738878,1789314511289750778,0.038750018000000004
625,41.666666666666664,41.666666667,1789314511421247056,1789314511357458251,0.022908507
626,41.733333333333334,41.733333333000004,1789314511475716067,1789314511425433949,0.035106162
627,41.8,41.800000000000004,1789314511547892900,1789314511494051680,0.029595996000000003
628,41.86666666666667,41.866666667000004,1789314511624478511,1789314511569402320,0.019677052
629,41.93333333333333,41.933333333,1789314511700586110,1789314511636342912,0.010236119
630,42.0,42.0,1789314511764122595,1789314511707740064,0.013366301
631,42.06666666666667,42.066666667,1789314511839253239,1789314511778387777,0.0049023240000000004
632,42.13333333333333,42.133333333,1789314511839253239,1789314511778387777,0.07156899
633,42.2,42.2,1789314511961484322,1789314511915730901,0.016004574
634,42.266666666666666,42.266666667,1789314511961484322,1789314511915730901,0.082671241
635,42.333333333333336,42.333333333000006,1789314512061479772,1789314511984748234,0.049342457000000006
636,42.4,42.400000000000006,1789314512120814631,1789314512060364048,0.056674265
637,42.46666666666667,42.466666667000005,1789314512197089757,1789314512132538052,0.047065806
638,42.53333333333333,42.533333333,1789314512261784968,1789314512208987344,0.049037261000000006
639,42.6,42.6,1789314512377200166,1789314512333423064,0.00028873
640,42.666666666666664,42.666666667,1789314512377200166,1789314512333423064,0.066955397
641,42.733333333333334,42.733333333000004,1789314512468497846,1789314512404750210,0.042324383
642,42.8,42.800000000000004,1789314512541332284,1789314512479450290,0.036156612000000005
643,42.86666666666667,42.866666667000004,1789314512603063444,1789314512545223556,0.041092119
644,42.93333333333333,42.933333333,1789314512681081188,1789314512623195054,0.029741041000000003
645,43.0,43.0,1789314512743799159,1789314512690002050,0.033689737000000004
646,43.06666666666667,43.066666667,1789314512826715117,1789314512767723917,0.017440446000000002
647,43.13333333333333,43.133333333,1789314512889878967,1789314512829300785,0.020943262
648,43.2,43.2,1789314512963416118,1789314512899381214,0.014072778000000001
649,43.266666666666666,43.266666667,1789314513024490679,1789314512969196458,0.019664884
650,43.333333333333336,43.333333333000006,1789314513097988707,1789314513043096175,0.012833522
651,43.4,43.400000000000006,1789314513164147705,1789314513107774316,0.013341191
652,43.46666666666667,43.466666667000005,1789314513233396370,1789314513177456027,0.010759193
653,43.53333333333333,43.533333333,1789314513233396370,1789314513177456027,0.077425859
654,43.6,43.6,1789314513374763978,1789314513320426299,0.0027249180000000002
655,43.666666666666664,43.666666667,1789314513443599055,1789314513391571425,0.000556508
656,43.733333333333334,43.733333333000004,1789314513443599055,1789314513391571425,0.06722317400000001
657,43.8,43.800000000000004,1789314513529682530,1789314513462685475,0.047806366
658,43.86666666666667,43.866666667000004,1789314513605383970,1789314513541649211,0.038771593
659,43.93333333333333,43.933333333,1789314513691639274,1789314513619680350,0.019182955
660,44.0,44.0,1789314513742073680,1789314513677775651,0.035415216
661,44.06666666666667,44.066666667,1789314513808432575,1789314513741187842,0.035722988000000004
662,44.13333333333333,44.133333333,1789314513865054540,1789314513807966597,0.045767689
663,44.2,44.2,1789314513944043303,1789314513877931767,0.033445593
664,44.266666666666666,44.266666667,1789314514020387349,1789314513955389203,0.023768214000000003
665,44.333333333333336,44.333333333000006,1789314514079812181,1789314514024950255,0.031010048000000002
666,44.4,44.400000000000006,1789314514146124850,1789314514091880857,0.031364046
667,44.46666666666667,44.466666667000005,1789314514224391684,1789314514178685494,0.019763879
668,44.53333333333333,44.533333333,1789314514281605681,1789314514227492392,0.029216548000000002
669,44.6,44.6,1789314514350048632,1789314514296391272,0.027440264000000002
670,44.666666666666664,44.666666667,1789314514422012631,1789314514365931224,0.022142932
671,44.733333333333334,44.733333333000004,1789314514495606401,1789314514441831043,0.015215828
672,44.8,44.800000000000004,1789314514564830314,1789314514510229284,0.012658582000000002
673,44.86666666666667,44.866666667000004,1789314514635909274,1789314514582310418,0.008246289
674,44.93333333333333,44.933333333,1789314514710116754,1789314514651785146,0.000705475
675,45.0,45.0,1789314514710116754,1789314514651785146,0.06737214200000001
676,45.06666666666667,45.066666667,1789314514779767792,1789314514724187600,0.06438777100000001
677,45.13333333333333,45.133333333,1789314514909191322,1789314514858444821,0.001630907
678,45.2,45.2,1789314514976779766,1789314514924753426,0.0007091300000000001
679,45.266666666666666,45.266666667,1789314514976779766,1789314514924753426,0.067375797
680,45.333333333333336,45.333333333000006,1789314515048948742,1789314514994509821,0.061873487000000005
681,45.4,45.400000000000006,1789314515120363764,1789314515064605288,0.057125132
682,45.46666666666667,45.466666667000005,1789314515205731790,1789314515138098968,0.038423773
683,45.53333333333333,45.533333333,1789314515263470385,1789314515204912167,0.047351844000000004
684,45.6,45.6,1789314515329613196,1789314515275236845,0.0478757
685,45.666666666666664,45.666666667,1789314515398038725,1789314515345376155,0.046116838
686,45.733333333333334,45.733333333000004,1789314515484823312,1789314515419770780,0.025998917000000003
687,45.8,45.800000000000004,1789314515552428130,1789314515495012679,0.025060766
688,45.86666666666667,45.866666667000004,1789314515631884346,1789314515573400986,0.012271217000000001
689,45.93333333333333,45.933333333,1789314515694255455,1789314515627997365,0.016566774
690,46.0,46.0,1789314515761440925,1789314515704992859,0.016047971
691,46.06666666666667,46.066666667,1789314515825933450,1789314515772984989,0.018222113
692,46.13333333333333,46.133333333,1789314515895139940,1789314515843150222,0.015682289000000002
693,46.2,46.2,1789314515958823277,1789314515904513558,0.018665619
694,46.266666666666666,46.266666667,1789314516033359290,1789314515979213949,0.010796273
695,46.333333333333336,46.333333333000006,1789314516104628520,1789314516048919181,0.006193709
696,46.4,46.400000000000006,1789314516175434845,1789314516115941034,0.0020540510000000003
697,46.46666666666667,46.466666667000005,1789314516175434845,1789314516115941034,0.068720718
698,46.53333333333333,46.533333333,1789314516277119864,1789314516220902269,0.033702365000000005
699,46.6,46.6,1789314516340440200,1789314516275832536,0.037048696
700,46.666666666666664,46.666666667,1789314516392465145,1789314516330341374,0.051690418
701,46.733333333333334,46.733333333000004,1789314516488471920,1789314516408181406,0.022350309000000002
702,46.8,46.800000000000004,1789314516547922174,1789314516478970609,0.029566722
703,46.86666666666667,46.866666667000004,1789314516643225566,1789314516549384884,0.000929997
704,46.93333333333333,46.933333333,1789314516695711784,1789314516616432628,0.015110445
705,47.0,47.0,1789314516695711784,1789314516616432628,0.081777112
706,47.06666666666667,47.066666667,1789314516801839725,1789314516703840925,0.042315838
707,47.13333333333333,47.133333333,1789314516889371653,1789314516826674883,0.021450576000000002
708,47.2,47.2,1789314516947428133,1789314516897117290,0.030060763
709,47.266666666666666,47.266666667,1789314517038942663,1789314516959666553,0.0052129
710,47.333333333333336,47.333333333000006,1789314517103160282,1789314517035946194,0.0076619470000000005
711,47.4,47.400000000000006,1789314517165349266,1789314517105358956,0.01213963
712,47.46666666666667,47.466666667000005,1789314517223219664,1789314517173128666,0.020935899
713,47.53333333333333,47.533333333,1789314517305760492,1789314517247646415,0.005061737
714,47.6,47.6,1789314517368899449,1789314517312050490,0.008589447
715,47.666666666666664,47.666666667,1789314517432856397,1789314517385483720,0.011299166000000001
716,47.733333333333334,47.733333333000004,1789314517507764851,1789314517452633577,0.0030573780000000004
717,47.8,47.800000000000004,1789314517507764851,1789314517452633577,0.069724045
718,47.86666666666667,47.866666667000004,1789314517639227507,1789314517588790833,0.004928056
719,47.93333333333333,47.933333333,1789314517639227507,1789314517588790833,0.071594722
720,48.0,48.0,1789314517734126959,1789314517657565212,0.043361937
721,48.06666666666667,48.066666667,1789314517807028155,1789314517726017183,0.037127408
722,48.13333333333333,48.133333333,1789314517867772543,1789314517801907134,0.043049686000000004
723,48.2,48.2,1789314517923334846,1789314517873121016,0.05415405
724,48.266666666666666,48.266666667,1789314517993082690,1789314517937733950,0.051072873000000005
725,48.333333333333336,48.333333333000006,1789314518062405959,1789314518006722210,0.048416270000000004
726,48.4,48.400000000000006,1789314518141424701,1789314518080391873,0.036064195
727,48.46666666666667,48.466666667000005,1789314518204756567,1789314518149047408,0.039398996000000006
728,48.53333333333333,48.533333333,1789314518285676378,1789314518221021372,0.025145851
729,48.6,48.6,1789314518338048387,1789314518288041408,0.039440509000000006
730,48.666666666666664,48.666666667,1789314518420702845,1789314518375395746,0.023452718
731,48.733333333333334,48.733333333000004,1789314518487685085,1789314518429059627,0.023137144000000002
732,48.8,48.800000000000004,1789314518564363921,1789314518500050877,0.013124975
733,48.86666666666667,48.866666667000004,1789314518564363921,1789314518500050877,0.07979164200000001
734,48.93333333333333,48.933333333,1789314518677397896,1789314518605761671,0.033424333
735,49.0,49.0,1789314518733422423,1789314518644998608,0.044066473
736,49.06666666666667,49.066666667,1789314518801702168,1789314518706529323,0.042453395000000005
737,49.13333333333333,49.133333333,1789314518847541301,1789314518782251720,0.063280928
738,49.2,49.2,1789314518916847349,1789314518846110819,0.060641547000000004
739,49.266666666666666,49.266666667,1789314519041021710,1789314518984184449,0.0031338530000000002
740,49.333333333333336,49.333333333000006,1789314519108917778,1789314519056936644,0.0019044510000000001
741,49.4,49.400000000000006,1789314519108917778,1789314519056936644,0.068571118
742,49.46666666666667,49.466666667000005,1789314519200573690,1789314519132722715,0.043581873
743,49.53333333333333,49.533333333,1789314519266636859,1789314519199308413,0.04418537
744,49.6,49.6,1789314519323228902,1789314519268080366,0.054259994000000006
745,49.666666666666664,49.666666667,1789314519384554588,1789314519340498052,0.059600975
746,49.733333333333334,49.733333333000004,1789314519454995516,1789314519406304965,0.055826713
747,49.8,49.800000000000004,1789314519530515923,1789314519476750278,0.046972973
748,49.86666666666667,49.866666667000004,1789314519600015198,1789314519545202352,0.044140365
749,49.93333333333333,49.933333333,1789314519688801122,1789314519618565723,0.022021107
750,50.0,50.0,1789314519759606671,1789314519706248598,0.017882225
751,50.06666666666667,50.066666667,1789314519833862857,1789314519776418324,0.010292706
752,50.13333333333333,50.133333333,1789314519833862857,1789314519776418324,0.076959372
753,50.2,50.2,1789314519913215354,1789314519847658936,0.064273542
754,50.266666666666666,50.266666667,1789314519985659571,1789314519916988462,0.058495992000000004
755,50.333333333333336,50.333333333000006,1789314520107049936,1789314520045552240,0.0037722930000000003
756,50.4,50.400000000000006,1789314520174392740,1789314520113047478,0.003096156
757,50.46666666666667,50.466666667000005,1789314520235341472,1789314520188096357,0.008814091000000001
758,50.53333333333333,50.533333333,1789314520235341472,1789314520188096357,0.07548075700000001
759,50.6,50.6,1789314520312330878,1789314520255923636,0.065158018
760,50.666666666666664,50.666666667,1789314520383170275,1789314520329385566,0.060985288000000006
761,50.733333333333334,50.733333333000004,1789314520455312745,1789314520389418505,0.055509484000000005
762,50.8,50.800000000000004,1789314520544573175,1789314520484425599,0.032915721
763,50.86666666666667,50.866666667000004,1789314520596773912,1789314520535598304,0.047381651000000004
764,50.93333333333333,50.933333333,1789314520658845695,1789314520604548571,0.051976534000000005
765,51.0,51.0,1789314520732863598,1789314520676366713,0.044625298
766,51.06666666666667,51.066666667,1789314520794228317,1789314520740223869,0.049927246
767,51.13333333333333,51.133333333,1789314520863742494,1789314520809453819,0.047079735000000004
768,51.2,51.2,1789314520936029494,1789314520878003012,0.041459402
769,51.266666666666666,51.266666667,1789314520996474196,1789314520953383803,0.047681367
770,51.333333333333336,51.333333333000006,1789314521065801746,1789314521015681468,0.045020483
771,51.4,51.400000000000006,1789314521142788450,1789314521088735366,0.034700446
772,51.46666666666667,51.466666667000005,1789314521222205215,1789314521164895024,0.021950348
773,51.53333333333333,51.533333333,1789314521289448314,1789314521231314278,0.021373915
774,51.6,51.6,1789314521349425363,1789314521302012972,0.028063533
775,51.666666666666664,51.666666667,1789314521435194369,1789314521371779904,0.008961194
776,51.733333333333334,51.733333333000004,1789314521499859966,1789314521443494148,0.010962263
777,51.8,51.800000000000004,1789314521569467838,1789314521512985269,0.008021058000000001
778,51.86666666666667,51.866666667000004,1789314521636923283,1789314521580728814,0.007232280000000001
779,51.93333333333333,51.933333333,1789314521703733497,1789314521652347495,0.007088732
780,52.0,52.0,1789314521776432599,1789314521718591526,0.001056297
781,52.06666666666667,52.066666667,1789314521841837231,1789314521789071890,0.002318332
782,52.13333333333333,52.133333333,1789314521841837231,1789314521789071890,0.068984998
783,52.2,52.2,1789314521913224203,1789314521862647036,0.064264693
784,52.266666666666666,52.266666667,1789314521997749343,1789314521929820527,0.046406220000000005
785,52.333333333333336,52.333333333000006,1789314522055776862,1789314522000538904,0.055045367000000005
786,52.4,52.400000000000006,1789314522126895563,1789314522070997749,0.050593333000000004
787,52.46666666666667,52.466666667000005,1789314522201633688,1789314522141527162,0.042521875
788,52.53333333333333,52.533333333,1789314522280461022,1789314522222724324,0.030361207
789,52.6,52.6,1789314522329185214,1789314522274975352,0.048303682
790,52.666666666666664,52.666666667,1789314522400159546,1789314522349517485,0.043996017000000005
791,52.733333333333334,52.733333333000004,1789314522472909393,1789314522418201774,0.037912836000000005
792,52.8,52.800000000000004,1789314522552185038,1789314522490327480,0.025303858000000002
793,52.86666666666667,52.866666667000004,1789314522627889266,1789314522564459257,0.016266297000000002
794,52.93333333333333,52.933333333,1789314522683983648,1789314522628816644,0.026838581
795,53.0,53.0,1789314522764543676,1789314522717136606,0.01294522
796,53.06666666666667,53.066666667,1789314522829183017,1789314522774567986,0.014972546000000002
797,53.13333333333333,53.133333333,1789314522909675517,1789314522853443677,0.001146712
798,53.2,53.2,1789314522972714757,1789314522915665760,0.004774139
799,53.266666666666666,53.266666667,1789314523035095542,1789314522984420586,0.009060021
800,53.333333333333336,53.333333333000006,1789314523105476348,1789314523049146586,0.005345881
801,53.4,53.400000000000006,1789314523173580777,1789314523118238401,0.003908119
802,53.46666666666667,53.466666667000005,1789314523173580777,1789314523118238401,0.070574786
803,53.53333333333333,53.533333333,1789314523245197319,1789314523189024249,0.06562491000000001
804,53.6,53.6,1789314523311877157,1789314523259839668,0.065611739
805,53.666666666666664,53.666666667,1789314523443234377,1789314523404323787,0.000921186
806,53.733333333333334,53.733333333000004,1789314523443234377,1789314523404323787,0.067587852
807,53.8,53.800000000000004,1789314523514250621,1789314523469487054,0.06323827500000001
808,53.86666666666667,53.866666667000004,1789314523583712466,1789314523538760075,0.060443097
809,53.93333333333333,53.933333333,1789314523653883966,1789314523611246773,0.056938263
810,54.0,54.0,1789314523726210323,1789314523675504359,0.051278573
811,54.06666666666667,54.06666666700001,1789314523807154320,1789314523747865537,0.037001243
812,54.13333333333333,54.133333333,1789314523871243470,1789314523816941414,0.039578759000000005
813,54.2,54.2,1789314523952181385,1789314523894292488,0.025307511
814,54.266666666666666,54.266666667,1789314524013429928,1789314523959556919,0.030725635
815,54.333333333333336,54.333333333000006,1789314524085547511,1789314524031872358,0.025274718
816,54.4,54.400000000000006,1789314524152972292,1789314524098641187,0.024516604
817,54.46666666666667,54.466666667000005,1789314524223399555,1789314524176697325,0.020756008000000003
818,54.53333333333333,54.533333333,1789314524293337733,1789314524238362837,0.017484496000000002
819,54.6,54.6,1789314524362059794,1789314524314296602,0.015429102
820,54.666666666666664,54.666666667,1789314524437407215,1789314524377471228,0.006748348
821,54.733333333333334,54.733333333000004,1789314524507334928,1789314524456154195,0.0034873010000000004
822,54.8,54.800000000000004,1789314524567991484,1789314524518097597,0.009497412
823,54.86666666666667,54.866666667000004,1789314524567991484,1789314524518097597,0.07616407900000001
824,54.93333333333333,54.933333333,1789314524675832282,1789314524625009768,0.034989947
825,55.0,55.0,1789314524749791627,1789314524674544251,0.027697269
826,55.06666666666667,55.06666666700001,1789314524794936801,1789314524744085005,0.049218762000000006
827,55.13333333333333,55.133333333,1789314524861927033,1789314524810948149,0.048895196
828,55.2,55.2,1789314524926686558,1789314524885334587,0.050802338
829,55.266666666666666,55.266666667,1789314525012554569,1789314524949672588,0.031600994
830,55.333333333333336,55.333333333000006,1789314525060433255,1789314525010561076,0.050388974
831,55.4,55.400000000000006,1789314525119671834,1789314525079629663,0.057817062
832,55.46666666666667,55.466666667000005,1789314525215753150,1789314525149878043,0.028402413
833,55.53333333333333,55.533333333,1789314525291401778,1789314525233152409,0.019420451000000002
834,55.6,55.6,1789314525356634373,1789314525303279654,0.020854523
835,55.666666666666664,55.666666667,1789314525411298406,1789314525361576325,0.032857157000000005
836,55.733333333333334,55.733333333000004,1789314525490182888,1789314525435499589,0.020639341000000002
837,55.8,55.800000000000004,1789314525557667408,1789314525501712657,0.019821488
838,55.86666666666667,55.866666667000004,1789314525633544960,1789314525580641400,0.010610603000000001
839,55.93333333333333,55.933333333,1789314525705893375,1789314525648841497,0.004928854
840,56.0,56.0,1789314525770490500,1789314525715981239,0.0069983960000000005
841,56.06666666666667,56.06666666700001,1789314525835927345,1789314525782928573,0.008228218
842,56.13333333333333,56.133333333,1789314525909153371,1789314525852754150,0.001668858
843,56.2,56.2,1789314525909153371,1789314525852754150,0.06833552500000001
844,56.266666666666666,56.266666667,1789314525984419968,1789314525919439052,0.059735595
845,56.333333333333336,56.333333333000006,1789314526049727477,1789314525990303348,0.061094752
846,56.4,56.400000000000006,1789314526118343164,1789314526063461387,0.059145732000000006
847,56.46666666666667,56.466666667000005,1789314526200121267,1789314526130958665,0.044034296
848,56.53333333333333,56.533333333,1789314526259446758,1789314526198475753,0.051375471000000006
849,56.6,56.6,1789314526336584131,1789314526275600293,0.040904765
850,56.666666666666664,56.666666667,1789314526401261415,1789314526340232739,0.042894148
851,56.733333333333334,56.733333333000004,1789314526478180585,1789314526411478861,0.032641644000000004
852,56.8,56.800000000000004,1789314526560219968,1789314526488878987,0.017268928
853,56.86666666666667,56.866666667000004,1789314526620058130,1789314526558925186,0.024097433
854,56.93333333333333,56.933333333,1789314526683379631,1789314526628095725,0.027442598000000002
855,57.0,57.0,1789314526743974462,1789314526690453908,0.033514434
856,57.06666666666667,57.06666666700001,1789314526823953944,1789314526763998744,0.020201619
857,57.13333333333333,57.133333333,1789314526901844498,1789314526834733539,0.008977731000000001
858,57.2,57.2,1789314526977013854,1789314526898476372,0.000475042
859,57.266666666666666,57.266666667,1789314527037887464,1789314526968129243,0.006268099
860,57.333333333333336,57.333333333000006,1789314527095063433,1789314527040517291,0.015758796000000002
861,57.4,57.400000000000006,1789314527176880342,1789314527112256068,0.0006085540000000001
862,57.46666666666667,57.466666667000005,1789314527243088234,1789314527196894795,0.001067329
863,57.53333333333333,57.533333333,1789314527243088234,1789314527196894795,0.067733995
864,57.6,57.6,1789314527314458582,1789314527262158955,0.063030314
865,57.666666666666664,57.666666667,1789314527378291303,1789314527326493338,0.06586426000000001
866,57.733333333333334,57.733333333000004,1789314527445779832,1789314527398831293,0.065042397
867,57.8,57.800000000000004,1789314527525298187,1789314527467476859,0.052190709
868,57.86666666666667,57.866666667000004,1789314527593506036,1789314527536299023,0.050649527
869,57.93333333333333,57.933333333,1789314527650552069,1789314527603764829,0.06027016
870,58.0,58.00000000000001,1789314527730326839,1789314527670942920,0.047162057
871,58.06666666666667,58.06666666700001,1789314527795284626,1789314527738630129,0.048870937
872,58.13333333333333,58.133333333,1789314527863984503,1789314527814523368,0.046837726
873,58.2,58.2,1789314527944525320,1789314527881553057,0.032963576
874,58.266666666666666,58.266666667,1789314528013261328,1789314527947948651,0.030894235000000003
875,58.333333333333336,58.333333333000006,1789314528078694841,1789314528022213591,0.032127388
876,58.4,58.400000000000006,1789314528158396340,1789314528103321663,0.019092556
877,58.46666666666667,58.466666667000005,1789314528211444305,1789314528158139893,0.032711258
878,58.53333333333333,58.533333333,1789314528294267403,1789314528230863514,0.016554826
879,58.6,58.6,1789314528358033576,1789314528300916121,0.01945532
880,58.666666666666664,58.666666667,1789314528358033576,1789314528300916121,0.08612198700000001
881,58.733333333333334,58.733333333000004,1789314528483756997,1789314528439454934,0.027065232
882,58.8,58.800000000000004,1789314528558636946,1789314528510353020,0.018851950000000003
883,58.86666666666667,58.866666667000004,1789314528558636946,1789314528510353020,0.085518617
884,58.93333333333333,58.933333333,1789314528707245664,1789314528651963665,0.0035765650000000003
885,59.0,59.00000000000001,1789314528707245664,1789314528651963665,0.070243232
886,59.06666666666667,59.06666666700001,1789314528837165278,1789314528791494824,0.006990285000000001
887,59.13333333333333,59.133333333,1789314528837165278,1789314528791494824,0.073656951
888,59.2,59.2,1789314528921354399,1789314528864788467,0.056134497000000005
889,59.266666666666666,59.266666667,1789314528987418357,1789314528930045511,0.056737206000000005
890,59.333333333333336,59.333333333000006,1789314529063164066,1789314528997370999,0.047658163
891,59.4,59.400000000000006,1789314529133056512,1789314529078250550,0.044432384000000005
892,59.46666666666667,59.466666667000005,1789314529198164278,1789314529144507096,0.045991285
893,59.53333333333333,59.533333333,1789314529279087513,1789314529214493762,0.031734716
894,59.6,59.6,1789314529341111957,1789314529287918192,0.036376939000000004
895,59.666666666666664,59.666666667,1789314529407934204,1789314529350183402,0.036221359
896,59.733333333333334,59.733333333000004,1789314529407934204,1789314529350183402,0.10288802500000001
897,59.8,59.800000000000004,1789314529573626296,1789314529562721059,0.0038626000000000003
898,59.86666666666667,59.866666667000004,1789314529633127520,1789314529627505297,0.011028043000000001
899,59.93333333333333,59.933333333,1789314529708577062,1789314529702637616,0.002245167
900,60.0,60.00000000000001,1789314529708577062,1789314529702637616,0.068911834
901,60.06666666666667,60.06666666700001,1789314529777668130,1789314529771942246,0.066487433
902,60.13333333333333,60.133333333,1789314529846050312,1789314529839884214,0.064771917
903,60.2,60.2,1789314529913612617,1789314529907740092,0.06387627900000001
904,60.266666666666666,60.266666667,1789314529988141631,1789314529981450029,0.056013932
905,60.333333333333336,60.333333333000006,1789314530055199161,1789314530045592005,0.055623068000000005
906,60.4,60.400000000000006,1789314530127135013,1789314530117723816,0.050353883
