iso_timestamp,elapsed_s,pose_index,x_m,y_m,z_m,yaw_deg,cmd_vx,cmd_wz,dist_to_goal_m,status
2026-09-01T12:59:40.901219,0.091,1,-12.3690,27.3965,0.3124,-166.46,0.300,-0.031,6.345,NAVIGATING
2026-09-01T12:59:40.999116,0.188,2,-12.3756,27.3946,0.3137,-166.57,0.300,-0.030,6.339,NAVIGATING
2026-09-01T12:59:41.099051,0.288,3,-12.3954,27.3851,0.3112,-166.54,0.300,-0.031,6.318,NAVIGATING
2026-09-01T12:59:41.198936,0.388,4,-12.4262,27.3754,0.3073,-166.67,0.300,-0.031,6.287,NAVIGATING
2026-09-01T12:59:41.298947,0.488,5,-12.4516,27.3721,0.3033,-166.64,0.300,-0.031,6.261,NAVIGATING
2026-09-01T12:59:41.399379,0.589,6,-12.4816,27.3680,0.2988,-166.51,0.300,-0.031,6.231,NAVIGATING
2026-09-01T12:59:41.499029,0.688,7,-12.5100,27.3632,0.2971,-166.46,0.300,-0.032,6.202,NAVIGATING
2026-09-01T12:59:41.599658,0.789,8,-12.5252,27.3602,0.2986,-166.26,0.300,-0.032,6.187,NAVIGATING
2026-09-01T12:59:41.699321,0.889,9,-12.5459,27.3545,0.2971,-166.46,0.300,-0.032,6.166,NAVIGATING
2026-09-01T12:59:41.801520,0.991,10,-12.5707,27.3472,0.2939,-166.54,0.300,-0.032,6.140,NAVIGATING
2026-09-01T12:59:41.899127,1.088,11,-12.5944,27.3382,0.2941,-167.05,0.300,-0.030,6.116,NAVIGATING
2026-09-01T12:59:41.998897,1.188,12,-12.6130,27.3322,0.2948,-166.79,0.300,-0.031,6.097,NAVIGATING
2026-09-01T12:59:42.099083,1.289,13,-12.6308,27.3272,0.2943,-167.01,0.300,-0.030,6.079,NAVIGATING
2026-09-01T12:59:42.199490,1.389,14,-12.6568,27.3188,0.2920,-167.10,0.300,-0.030,6.053,NAVIGATING
2026-09-01T12:59:42.299106,1.488,15,-12.6802,27.3128,0.2881,-166.60,0.300,-0.032,6.029,NAVIGATING
2026-09-01T12:59:42.399157,1.589,16,-12.7033,27.3115,0.2882,-166.35,0.300,-0.033,6.006,NAVIGATING
2026-09-01T12:59:42.499059,1.688,17,-12.7211,27.3101,0.2896,-166.40,0.300,-0.033,5.988,NAVIGATING
2026-09-01T12:59:42.599107,1.789,18,-12.8483,27.2793,0.2967,-169.07,0.300,-0.024,5.859,NAVIGATING
2026-09-01T12:59:42.699078,1.888,19,-12.8692,27.2722,0.2949,-169.60,0.300,-0.023,5.837,NAVIGATING
2026-09-01T12:59:42.799236,1.989,20,-12.8917,27.2621,0.2924,-170.02,0.300,-0.022,5.814,NAVIGATING
2026-09-01T12:59:42.899048,2.088,21,-12.9063,27.2584,0.2920,-169.80,0.300,-0.022,5.799,NAVIGATING
2026-09-01T12:59:42.999394,2.189,22,-12.9283,27.2549,0.2895,-170.11,0.300,-0.021,5.777,NAVIGATING
2026-09-01T12:59:43.099245,2.289,23,-12.9500,27.2563,0.2872,-169.87,0.300,-0.022,5.756,NAVIGATING
2026-09-01T12:59:43.200885,2.390,24,-12.9691,27.2551,0.2874,-169.80,0.300,-0.022,5.737,NAVIGATING
2026-09-01T12:59:43.299433,2.489,25,-12.9870,27.2533,0.2859,-169.59,0.300,-0.023,5.718,NAVIGATING
2026-09-01T12:59:43.399804,2.589,26,-13.0051,27.2450,0.2826,-170.25,0.300,-0.021,5.700,NAVIGATING
2026-09-01T12:59:43.498971,2.688,27,-13.0253,27.2343,0.2793,-170.67,0.300,-0.020,5.679,NAVIGATING
2026-09-01T12:59:43.598917,2.788,28,-13.0386,27.2327,0.2790,-170.44,0.300,-0.021,5.666,NAVIGATING
2026-09-01T12:59:43.699779,2.889,29,-12.8308,27.2514,0.2845,-170.62,0.300,-0.020,5.874,NAVIGATING
2026-09-01T12:59:43.799337,2.989,30,-12.8519,27.2507,0.2803,-170.81,0.300,-0.019,5.853,NAVIGATING
2026-09-01T12:59:43.899009,3.088,31,-12.8747,27.2507,0.2790,-170.72,0.300,-0.019,5.830,NAVIGATING
2026-09-01T12:59:43.999209,3.189,32,-12.8886,27.2492,0.2778,-170.62,0.300,-0.020,5.816,NAVIGATING
2026-09-01T12:59:44.098893,3.288,33,-12.9091,27.2411,0.2737,-170.86,0.300,-0.019,5.795,NAVIGATING
2026-09-01T12:59:44.199497,3.389,34,-12.9243,27.2338,0.2696,-171.16,0.300,-0.018,5.780,NAVIGATING
2026-09-01T12:59:44.299269,3.489,35,-12.9428,27.2293,0.2641,-171.45,0.300,-0.018,5.761,NAVIGATING
2026-09-01T12:59:44.399682,3.589,36,-12.9530,27.2304,0.2636,-171.55,0.300,-0.017,5.751,NAVIGATING
2026-09-01T12:59:44.499374,3.688,37,-12.9702,27.2300,0.2611,-172.05,0.300,-0.015,5.734,NAVIGATING
2026-09-01T12:59:44.598865,3.788,38,-12.9896,27.2302,0.2589,-172.04,0.300,-0.015,5.714,NAVIGATING
2026-09-01T12:59:44.699477,3.889,39,-13.0070,27.2291,0.2587,-171.93,0.300,-0.016,5.697,NAVIGATING
2026-09-01T12:59:44.799517,3.989,40,-13.0250,27.2251,0.2568,-171.77,0.300,-0.016,5.679,NAVIGATING
2026-09-01T12:59:44.898865,4.088,41,-13.0434,27.2188,0.2537,-172.14,0.300,-0.015,5.660,NAVIGATING
2026-09-01T12:59:44.999036,4.188,42,-13.0601,27.2125,0.2510,-172.52,0.300,-0.014,5.643,NAVIGATING
2026-09-01T12:59:45.101336,4.291,43,-13.0792,27.2115,0.2471,-172.81,0.300,-0.013,5.624,NAVIGATING
2026-09-01T12:59:45.199655,4.389,44,-13.0901,27.2145,0.2470,-172.66,0.300,-0.014,5.613,NAVIGATING
2026-09-01T12:59:45.299203,4.489,45,-13.1116,27.2158,0.2445,-173.35,0.300,-0.011,5.592,NAVIGATING
2026-09-01T12:59:45.398851,4.588,46,-13.1323,27.2174,0.2420,-173.17,0.300,-0.012,5.571,NAVIGATING
2026-09-01T12:59:45.499024,4.688,47,-13.1498,27.2160,0.2418,-173.01,0.300,-0.012,5.554,NAVIGATING
2026-09-01T12:59:45.599165,4.789,48,-13.1678,27.2122,0.2395,-172.76,0.300,-0.013,5.535,NAVIGATING
2026-09-01T12:59:45.698923,4.888,49,-13.1861,27.2053,0.2368,-173.20,0.300,-0.012,5.517,NAVIGATING
2026-09-01T12:59:45.798966,4.988,50,-13.2056,27.2000,0.2329,-173.57,0.300,-0.011,5.497,NAVIGATING
2026-09-01T12:59:45.899209,5.089,51,-13.2217,27.2003,0.2304,-173.66,0.300,-0.010,5.481,NAVIGATING
2026-09-01T12:59:45.999606,5.189,52,-13.2358,27.2044,0.2303,-173.74,0.300,-0.010,5.467,NAVIGATING
2026-09-01T12:59:46.099417,5.289,53,-13.2579,27.2059,0.2263,-174.15,0.300,-0.008,5.445,NAVIGATING
2026-09-01T12:59:46.198937,5.388,54,-13.2801,27.2063,0.2260,-173.86,0.300,-0.009,5.423,NAVIGATING
2026-09-01T12:59:46.298916,5.488,55,-13.2946,27.2043,0.2256,-173.66,0.300,-0.010,5.408,NAVIGATING
2026-09-01T12:59:46.399252,5.589,56,-13.3163,27.1977,0.2223,-173.77,0.300,-0.010,5.386,NAVIGATING
2026-09-01T12:59:46.499405,5.689,57,-13.3331,27.1924,0.2191,-174.03,0.300,-0.009,5.369,NAVIGATING
2026-09-01T12:59:46.599031,5.788,58,-13.3536,27.1889,0.2147,-174.30,0.300,-0.008,5.349,NAVIGATING
2026-09-01T12:59:46.698878,5.888,59,-13.3668,27.1912,0.2139,-174.12,0.300,-0.009,5.336,NAVIGATING
2026-09-01T12:59:46.798994,5.988,60,-13.3864,27.1946,0.2133,-174.52,0.300,-0.007,5.316,NAVIGATING
2026-09-01T12:59:46.898848,6.088,61,-13.4087,27.1969,0.2103,-174.49,0.300,-0.007,5.294,NAVIGATING
2026-09-01T12:59:46.999499,6.189,62,-13.4305,27.1956,0.2102,-174.31,0.300,-0.008,5.272,NAVIGATING
2026-09-01T12:59:47.099033,6.288,63,-13.4444,27.1929,0.2090,-174.08,0.300,-0.009,5.258,NAVIGATING
2026-09-01T12:59:47.198862,6.388,64,-13.4653,27.1860,0.2055,-174.32,0.300,-0.008,5.237,NAVIGATING
2026-09-01T12:59:47.299751,6.489,65,-13.4863,27.2038,0.2721,-175.52,0.300,-0.003,5.217,NAVIGATING
2026-09-01T12:59:47.398967,6.588,66,-13.5055,27.2022,0.2692,-175.59,0.300,-0.003,5.198,NAVIGATING
2026-09-01T12:59:47.499221,6.689,67,-13.5174,27.2064,0.2698,-175.47,0.300,-0.003,5.186,NAVIGATING
2026-09-01T12:59:47.598899,6.788,68,-13.5391,27.2100,0.2676,-176.16,0.300,-0.000,5.165,NAVIGATING
2026-09-01T12:59:47.698889,6.888,69,-13.5626,27.2122,0.2672,-175.80,0.300,-0.002,5.141,NAVIGATING
2026-09-01T12:59:47.798915,6.988,70,-13.5794,27.2105,0.2672,-175.58,0.300,-0.002,5.125,NAVIGATING
2026-09-01T12:59:47.898908,7.088,71,-13.5974,27.2068,0.2646,-175.21,0.300,-0.004,5.106,NAVIGATING
2026-09-01T12:59:47.999089,7.189,72,-13.6190,27.1997,0.2603,-175.70,0.300,-0.002,5.084,NAVIGATING
2026-09-01T12:59:48.099152,7.288,73,-13.6425,27.1942,0.2579,-175.91,0.300,-0.002,5.061,NAVIGATING
2026-09-01T12:59:48.199340,7.389,74,-13.6583,27.1963,0.2566,-175.71,0.300,-0.002,5.045,NAVIGATING
2026-09-01T12:59:48.298879,7.488,75,-13.6775,27.2016,0.2566,-176.25,0.300,-0.000,5.026,NAVIGATING
2026-09-01T12:59:48.398993,7.588,76,-13.6985,27.2044,0.2535,-176.19,0.300,-0.000,5.005,NAVIGATING
2026-09-01T12:59:48.498988,7.689,77,-13.7204,27.2033,0.2528,-175.93,0.300,-0.001,4.983,NAVIGATING
2026-09-01T12:59:48.599528,7.789,78,-13.7320,27.2007,0.2523,-175.78,0.300,-0.002,4.972,NAVIGATING
2026-09-01T12:59:48.699105,7.888,79,-13.7546,27.1943,0.2488,-175.80,0.300,-0.002,4.949,NAVIGATING
2026-09-01T12:59:48.798957,7.988,80,-13.7721,27.1884,0.2464,-176.17,0.300,-0.001,4.931,NAVIGATING
2026-09-01T12:59:48.899161,8.089,81,-13.7937,27.1855,0.2430,-176.27,0.300,-0.000,4.909,NAVIGATING
2026-09-01T12:59:48.998833,8.188,82,-13.8077,27.1889,0.2432,-176.14,0.300,-0.001,4.895,NAVIGATING
2026-09-01T12:59:49.098895,8.288,83,-13.8289,27.1931,0.2426,-176.74,0.300,0.002,4.874,NAVIGATING
2026-09-01T12:59:49.198911,8.388,84,-13.8505,27.1955,0.2411,-176.44,0.300,0.001,4.853,NAVIGATING
2026-09-01T12:59:49.299109,8.489,85,-13.8710,27.1942,0.2408,-176.31,0.300,0.000,4.833,NAVIGATING
2026-09-01T12:59:49.399220,8.589,86,-13.8852,27.1916,0.2393,-176.03,0.300,-0.001,4.818,NAVIGATING
2026-09-01T12:59:49.499189,8.689,87,-13.9060,27.1860,0.2355,-176.40,0.300,0.000,4.797,NAVIGATING
2026-09-01T12:59:49.599347,8.789,88,-13.9273,27.1797,0.2336,-176.68,0.300,0.001,4.775,NAVIGATING
2026-09-01T12:59:49.700097,8.889,89,-13.9455,27.1785,0.2322,-176.67,0.300,0.001,4.757,NAVIGATING
2026-09-01T12:59:49.798968,8.988,90,-14.2366,27.2222,0.2810,-172.52,0.300,-0.011,4.470,NAVIGATING
2026-09-01T12:59:49.899269,9.088,91,-14.2576,27.2245,0.2781,-172.99,0.300,-0.009,4.449,NAVIGATING
2026-09-01T12:59:49.999340,9.189,92,-14.2816,27.2242,0.2776,-172.67,0.300,-0.010,4.425,NAVIGATING
2026-09-01T12:59:50.099238,9.288,93,-14.2970,27.2213,0.2773,-172.60,0.300,-0.010,4.410,NAVIGATING
2026-09-01T12:59:50.199120,9.388,94,-14.3161,27.2151,0.2745,-172.45,0.300,-0.011,4.390,NAVIGATING
2026-09-01T12:59:50.299068,9.488,95,-14.3331,27.2071,0.2724,-172.91,0.300,-0.010,4.373,NAVIGATING
2026-09-01T12:59:50.399058,9.589,96,-14.3035,27.2024,0.2725,-174.67,0.300,-0.004,4.402,NAVIGATING
2026-09-01T12:59:50.498885,9.688,97,-14.3177,27.2034,0.2722,-174.69,0.300,-0.004,4.388,NAVIGATING
2026-09-01T12:59:50.599019,9.788,98,-14.3337,27.2073,0.2731,-175.02,0.300,-0.002,4.372,NAVIGATING
2026-09-01T12:59:50.699318,9.889,99,-14.3560,27.2101,0.2710,-175.20,0.300,-0.001,4.350,NAVIGATING
2026-09-01T12:59:50.798973,9.988,100,-14.3783,27.2104,0.2697,-174.96,0.300,-0.002,4.328,NAVIGATING
2026-09-01T12:59:50.898986,10.088,101,-14.3926,27.2079,0.2686,-174.70,0.300,-0.003,4.313,NAVIGATING
2026-09-01T12:59:50.999210,10.189,102,-14.4142,27.2012,0.2652,-175.06,0.300,-0.002,4.291,NAVIGATING
2026-09-01T12:59:51.098929,10.288,103,-14.4316,27.1947,0.2632,-175.17,0.300,-0.002,4.273,NAVIGATING
2026-09-01T12:59:51.199156,10.389,104,-14.4507,27.1923,0.2603,-175.37,0.300,-0.001,4.254,NAVIGATING
2026-09-01T12:59:51.301284,10.491,105,-14.4626,27.1961,0.2603,-175.23,0.300,-0.001,4.243,NAVIGATING
2026-09-01T12:59:51.399023,10.588,106,-14.4838,27.1999,0.2595,-175.92,0.300,0.001,4.222,NAVIGATING
2026-09-01T12:59:51.499028,10.688,107,-14.5048,27.2023,0.2589,-175.56,0.300,0.000,4.201,NAVIGATING
2026-09-01T12:59:51.598856,10.788,108,-14.5224,27.2010,0.2595,-175.45,0.300,-0.000,4.183,NAVIGATING
2026-09-01T12:59:51.699376,10.889,109,-14.5423,27.1971,0.2576,-175.29,0.300,-0.001,4.163,NAVIGATING
2026-09-01T12:59:51.798865,10.988,110,-14.5610,27.1919,0.2532,-175.55,0.300,-0.000,4.144,NAVIGATING
2026-09-01T12:59:51.898946,11.088,111,-14.5776,27.1870,0.2497,-175.84,0.300,0.001,4.127,NAVIGATING
2026-09-01T12:59:51.999050,11.188,112,-14.7040,27.2123,0.2740,-173.55,0.300,-0.006,4.003,NAVIGATING
2026-09-01T12:59:52.099347,11.289,113,-14.7119,27.2134,0.2753,-173.56,0.300,-0.006,3.995,NAVIGATING
2026-09-01T12:59:52.199108,11.388,114,-14.7287,27.2125,0.2768,-174.01,0.300,-0.004,3.979,NAVIGATING
2026-09-01T12:59:52.299139,11.489,115,-14.7509,27.2115,0.2754,-173.93,0.300,-0.004,3.956,NAVIGATING
2026-09-01T12:59:52.399223,11.589,116,-14.7714,27.2112,0.2792,-173.69,0.300,-0.005,3.936,NAVIGATING
2026-09-01T12:59:52.499151,11.688,117,-14.7371,27.2060,0.2794,-172.48,0.300,-0.010,3.970,NAVIGATING
2026-09-01T12:59:52.598859,11.788,118,-14.7601,27.1996,0.2764,-173.05,0.300,-0.008,3.946,NAVIGATING
2026-09-01T12:59:52.699042,11.888,119,-14.7806,27.1932,0.2731,-173.43,0.300,-0.007,3.925,NAVIGATING
2026-09-01T12:59:52.798888,11.988,120,-14.7983,27.1916,0.2710,-173.14,0.300,-0.008,3.908,NAVIGATING
2026-09-01T12:59:52.898887,12.088,121,-14.8172,27.1938,0.2700,-173.28,0.300,-0.007,3.889,NAVIGATING
2026-09-01T12:59:52.998940,12.188,122,-14.7686,27.2228,0.2823,-172.16,0.300,-0.010,3.940,NAVIGATING
2026-09-01T12:59:53.099103,12.288,123,-14.7909,27.2215,0.2828,-171.95,0.300,-0.010,3.917,NAVIGATING
2026-09-01T12:59:53.199228,12.389,124,-14.8055,27.2194,0.2824,-171.74,0.300,-0.011,3.903,NAVIGATING
2026-09-01T12:59:53.298862,12.488,125,-14.8262,27.2126,0.2797,-172.15,0.300,-0.010,3.881,NAVIGATING
2026-09-01T12:59:53.399063,12.589,126,-14.8419,27.2060,0.2771,-172.36,0.300,-0.010,3.865,NAVIGATING
2026-09-01T12:59:53.499137,12.689,127,-14.8615,27.2030,0.2729,-172.60,0.300,-0.009,3.846,NAVIGATING
2026-09-01T12:59:53.599166,12.789,128,-14.8731,27.2045,0.2739,-172.61,0.300,-0.009,3.834,NAVIGATING
2026-09-01T12:59:53.699214,12.889,129,-14.8922,27.2052,0.2736,-173.11,0.300,-0.007,3.815,NAVIGATING
2026-09-01T12:59:53.799269,12.989,130,-14.9124,27.2065,0.2734,-172.90,0.300,-0.007,3.795,NAVIGATING
2026-09-01T12:59:53.898852,13.088,131,-14.9320,27.2060,0.2741,-172.73,0.300,-0.008,3.776,NAVIGATING
2026-09-01T12:59:53.999258,13.189,132,-14.9478,27.2031,0.2729,-172.53,0.300,-0.009,3.760,NAVIGATING
2026-09-01T12:59:54.099205,13.289,133,-14.9689,27.1956,0.2705,-173.03,0.300,-0.007,3.738,NAVIGATING
2026-09-01T12:59:54.199031,13.388,134,-14.9892,27.1890,0.2678,-173.23,0.300,-0.007,3.717,NAVIGATING
2026-09-01T12:59:54.299197,13.489,135,-15.0053,27.1884,0.2666,-173.25,0.300,-0.007,3.701,NAVIGATING
2026-09-01T12:59:54.399095,13.588,136,-15.0167,27.1916,0.2677,-173.25,0.300,-0.006,3.690,NAVIGATING
2026-09-01T12:59:54.499148,13.689,137,-15.0401,27.1933,0.2654,-173.86,0.300,-0.004,3.667,NAVIGATING
2026-09-01T12:59:54.598967,13.788,138,-15.1124,27.1995,0.2759,-176.30,0.300,0.005,3.595,NAVIGATING
2026-09-01T12:59:54.698970,13.888,139,-15.1263,27.1983,0.2758,-176.01,0.300,0.004,3.581,NAVIGATING
2026-09-01T12:59:54.799574,13.989,140,-15.1468,27.1925,0.2729,-176.11,0.300,0.004,3.560,NAVIGATING
2026-09-01T12:59:54.898857,14.088,141,-15.1636,27.1871,0.2696,-176.40,0.300,0.005,3.543,NAVIGATING
2026-09-01T12:59:54.998945,14.188,142,-15.1833,27.1846,0.2652,-176.57,0.300,0.006,3.523,NAVIGATING
2026-09-01T12:59:55.098881,14.288,143,-15.1965,27.1870,0.2636,-176.58,0.300,0.006,3.510,NAVIGATING
2026-09-01T12:59:55.199171,14.389,144,-15.2122,27.1915,0.2640,-176.92,0.300,0.007,3.495,NAVIGATING
2026-09-01T12:59:55.299070,14.489,145,-15.2332,27.1945,0.2615,-176.99,0.300,0.008,3.475,NAVIGATING
2026-09-01T12:59:55.399184,14.588,146,-15.2554,27.1956,0.2608,-176.66,0.300,0.007,3.453,NAVIGATING
2026-09-01T12:59:55.499222,14.689,147,-15.2707,27.1941,0.2598,-176.24,0.300,0.005,3.437,NAVIGATING
2026-09-01T12:59:55.599024,14.788,148,-15.2921,27.1885,0.2562,-176.67,0.300,0.007,3.415,NAVIGATING
2026-09-01T12:59:55.699387,14.889,149,-15.3101,27.1828,0.2533,-176.99,0.300,0.008,3.397,NAVIGATING
2026-09-01T12:59:55.799831,14.989,150,-15.3289,27.1817,0.2496,-177.08,0.300,0.008,3.378,NAVIGATING
2026-09-01T12:59:55.898961,15.088,151,-15.3405,27.1860,0.2493,-176.87,0.300,0.008,3.367,NAVIGATING
2026-09-01T12:59:55.999139,15.189,152,-15.3600,27.1899,0.2482,-177.37,0.300,0.010,3.348,NAVIGATING
2026-09-01T12:59:56.098839,15.288,153,-15.3823,27.1927,0.2470,-176.93,0.300,0.008,3.326,NAVIGATING
2026-09-01T12:59:56.199287,15.389,154,-15.4003,27.1917,0.2467,-176.69,0.300,0.008,3.308,NAVIGATING
2026-09-01T12:59:56.302112,15.491,155,-15.4205,27.1874,0.2438,-176.57,0.300,0.007,3.287,NAVIGATING
2026-09-01T12:59:56.399695,15.589,156,-15.4385,27.1818,0.2412,-176.94,0.300,0.008,3.269,NAVIGATING
2026-09-01T12:59:56.499395,15.689,157,-15.4580,27.1779,0.2370,-177.18,0.300,0.009,3.249,NAVIGATING
2026-09-01T12:59:56.599395,15.789,158,-15.4705,27.1792,0.2350,-177.20,0.300,0.009,3.237,NAVIGATING
2026-09-01T12:59:56.700619,15.889,159,-15.4863,27.1851,0.2346,-177.29,0.300,0.010,3.222,NAVIGATING
2026-09-01T12:59:56.799182,15.988,160,-15.5076,27.1884,0.2322,-177.66,0.300,0.011,3.201,NAVIGATING
2026-09-01T12:59:56.899369,16.089,161,-15.5305,27.1915,0.2325,-177.19,0.300,0.010,3.178,NAVIGATING
2026-09-01T12:59:56.998853,16.188,162,-15.5464,27.1895,0.2316,-176.80,0.300,0.009,3.162,NAVIGATING
2026-09-01T12:59:57.099166,16.288,163,-15.5686,27.1838,0.2281,-177.02,0.300,0.009,3.140,NAVIGATING
2026-09-01T12:59:57.199561,16.389,164,-15.5837,27.1787,0.2257,-177.15,0.300,0.010,3.124,NAVIGATING
2026-09-01T12:59:57.299097,16.488,165,-15.6058,27.1767,0.2216,-177.35,0.300,0.010,3.102,NAVIGATING
2026-09-01T12:59:57.399197,16.589,166,-15.6166,27.1796,0.2212,-177.19,0.300,0.010,3.091,NAVIGATING
2026-09-01T12:59:57.500020,16.689,167,-15.6346,27.1834,0.2213,-177.74,0.300,0.012,3.074,NAVIGATING
2026-09-01T12:59:57.598984,16.788,168,-15.6554,27.1874,0.2185,-177.62,0.300,0.012,3.054,NAVIGATING
2026-09-01T12:59:57.698921,16.888,169,-15.6745,27.1872,0.2171,-177.36,0.300,0.011,3.035,NAVIGATING
2026-09-01T12:59:57.799334,16.989,170,-15.6920,27.1845,0.2144,-176.87,0.300,0.010,3.017,NAVIGATING
2026-09-01T12:59:57.900200,17.089,171,-15.7125,27.1792,0.2123,-177.18,0.300,0.011,2.996,NAVIGATING
2026-09-01T12:59:57.999555,17.189,172,-15.7355,27.1737,0.2094,-177.45,0.300,0.011,2.973,NAVIGATING
2026-09-01T12:59:58.099425,17.289,173,-15.7520,27.1740,0.2075,-177.30,0.300,0.011,2.956,NAVIGATING
2026-09-01T12:59:58.198881,17.388,174,-15.7704,27.1785,0.2081,-177.48,0.300,0.012,2.938,NAVIGATING
2026-09-01T12:59:58.298890,17.488,175,-15.7911,27.1811,0.2038,-177.63,0.300,0.013,2.918,NAVIGATING
2026-09-01T12:59:58.399139,17.588,176,-15.8151,27.1816,0.2026,-177.33,0.300,0.012,2.894,NAVIGATING
2026-09-01T12:59:58.498943,17.688,177,-15.8289,27.1803,0.2018,-177.14,0.300,0.011,2.880,NAVIGATING
2026-09-01T12:59:58.600387,17.790,178,-15.8483,27.1759,0.1984,-176.94,0.300,0.010,2.861,NAVIGATING
2026-09-01T12:59:58.699078,17.889,179,-15.8657,27.1700,0.1959,-177.15,0.300,0.011,2.843,NAVIGATING
2026-09-01T12:59:58.798956,17.988,180,-15.8862,27.1654,0.1920,-177.36,0.300,0.011,2.822,NAVIGATING
2026-09-01T12:59:58.898862,18.088,181,-15.8998,27.1662,0.1915,-177.22,0.300,0.011,2.808,NAVIGATING
2026-09-01T12:59:58.998914,18.188,182,-15.9145,27.1697,0.1922,-177.35,0.300,0.012,2.794,NAVIGATING
2026-09-01T12:59:59.100793,18.290,183,-15.9363,27.1726,0.1894,-177.48,0.300,0.013,2.773,NAVIGATING
2026-09-01T12:59:59.199123,18.389,184,-15.9579,27.1735,0.1887,-177.24,0.300,0.012,2.751,NAVIGATING
2026-09-01T12:59:59.299001,18.488,185,-15.9727,27.1718,0.1875,-176.92,0.300,0.011,2.736,NAVIGATING
2026-09-01T12:59:59.399177,18.589,186,-15.9934,27.1659,0.1840,-177.15,0.300,0.012,2.715,NAVIGATING
2026-09-01T12:59:59.499024,18.688,187,-16.0108,27.1600,0.1803,-177.31,0.300,0.012,2.697,NAVIGATING
2026-09-01T12:59:59.599151,18.789,188,-16.0298,27.1591,0.1770,-177.46,0.300,0.012,2.678,NAVIGATING
2026-09-01T12:59:59.698899,18.888,189,-16.0417,27.1629,0.1768,-177.30,0.300,0.012,2.667,NAVIGATING
2026-09-01T12:59:59.798884,18.988,190,-16.0619,27.1673,0.1757,-177.86,0.300,0.015,2.647,NAVIGATING
2026-09-01T12:59:59.899062,19.088,191,-16.0030,27.2793,0.2858,-175.55,0.300,0.014,2.720,NAVIGATING
2026-09-01T12:59:59.999746,19.189,192,-16.0208,27.2779,0.2857,-175.28,0.300,0.013,2.702,NAVIGATING
2026-09-01T13:00:00.099344,19.289,193,-16.0395,27.2732,0.2832,-174.90,0.300,0.012,2.683,NAVIGATING
2026-09-01T13:00:00.199161,19.389,194,-16.0580,27.2661,0.2805,-175.40,0.300,0.013,2.664,NAVIGATING
2026-09-01T13:00:00.298997,19.488,195,-16.0777,27.2620,0.2765,-175.48,0.300,0.014,2.644,NAVIGATING
2026-09-01T13:00:00.399137,19.589,196,-16.0929,27.2629,0.2744,-175.50,0.300,0.014,2.629,NAVIGATING
2026-09-01T13:00:00.499419,19.689,197,-16.1062,27.2673,0.2753,-175.55,0.300,0.015,2.616,NAVIGATING
2026-09-01T13:00:00.600355,19.789,198,-16.1279,27.2695,0.2723,-175.98,0.300,0.016,2.595,NAVIGATING
2026-09-01T13:00:00.699160,19.889,199,-16.1502,27.2717,0.2727,-175.51,0.300,0.015,2.574,NAVIGATING
2026-09-01T13:00:00.799042,19.988,200,-16.1662,27.2697,0.2723,-175.18,0.300,0.014,2.557,NAVIGATING
2026-09-01T13:00:00.899486,20.089,201,-16.1875,27.2632,0.2692,-175.37,0.300,0.015,2.535,NAVIGATING
2026-09-01T13:00:00.999168,20.189,202,-16.2037,27.2572,0.2662,-175.56,0.300,0.015,2.518,NAVIGATING
2026-09-01T13:00:01.099091,20.288,203,-16.2222,27.2554,0.2623,-175.62,0.300,0.015,2.500,NAVIGATING
2026-09-01T13:00:01.199570,20.389,204,-16.2357,27.2576,0.2619,-175.55,0.300,0.015,2.487,NAVIGATING
2026-09-01T13:00:01.298941,20.488,205,-16.2521,27.2603,0.2626,-175.87,0.300,0.017,2.471,NAVIGATING
2026-09-01T13:00:01.398964,20.588,206,-16.2725,27.2630,0.2603,-175.79,0.300,0.017,2.451,NAVIGATING
2026-09-01T13:00:01.498966,20.688,207,-16.2934,27.2629,0.2608,-175.50,0.300,0.016,2.431,NAVIGATING
2026-09-01T13:00:01.598930,20.788,208,-16.3088,27.2606,0.2597,-175.12,0.300,0.015,2.415,NAVIGATING
2026-09-01T13:00:01.699008,20.888,209,-16.3296,27.2545,0.2565,-175.35,0.300,0.016,2.394,NAVIGATING
2026-09-01T13:00:01.799737,20.989,210,-16.3460,27.2488,0.2534,-175.55,0.300,0.016,2.377,NAVIGATING
2026-09-01T13:00:01.899255,21.089,211,-16.3634,27.2480,0.2501,-175.58,0.300,0.016,2.359,NAVIGATING
2026-09-01T13:00:01.999401,21.189,212,-16.3774,27.2516,0.2496,-175.42,0.300,0.016,2.346,NAVIGATING
2026-09-01T13:00:02.099214,21.289,213,-16.3963,27.2550,0.2500,-175.88,0.300,0.018,2.328,NAVIGATING
2026-09-01T13:00:02.199750,21.389,214,-16.4161,27.2581,0.2478,-175.70,0.300,0.018,2.309,NAVIGATING
2026-09-01T13:00:02.301320,21.491,215,-16.4364,27.2566,0.2481,-175.37,0.300,0.017,2.289,NAVIGATING
2026-09-01T13:00:02.398859,21.588,216,-16.4532,27.2533,0.2462,-174.96,0.300,0.016,2.271,NAVIGATING
2026-09-01T13:00:02.499295,21.689,217,-16.4740,27.2469,0.2434,-175.32,0.300,0.017,2.250,NAVIGATING
2026-09-01T13:00:02.600677,21.790,218,-16.4945,27.2413,0.2404,-175.52,0.300,0.017,2.229,NAVIGATING
2026-09-01T13:00:02.699002,21.888,219,-16.5118,27.2413,0.2374,-175.40,0.300,0.017,2.212,NAVIGATING
2026-09-01T13:00:02.799218,21.989,220,-16.5256,27.2464,0.2370,-175.42,0.300,0.018,2.199,NAVIGATING
2026-09-01T13:00:02.899054,22.088,221,-16.5473,27.2497,0.2333,-175.60,0.300,0.019,2.178,NAVIGATING
2026-09-01T13:00:02.998922,22.188,222,-16.9467,27.0658,0.2793,-178.07,0.300,0.015,1.757,NAVIGATING
2026-09-01T13:00:03.098932,22.288,223,-16.9604,27.0631,0.2789,-177.92,0.300,0.014,1.743,NAVIGATING
2026-09-01T13:00:03.198934,22.388,224,-16.9812,27.0567,0.2760,-177.86,0.300,0.014,1.721,NAVIGATING
2026-09-01T13:00:03.299139,22.488,225,-16.9975,27.0519,0.2729,-178.05,0.300,0.014,1.705,NAVIGATING
2026-09-01T13:00:03.398874,22.588,226,-17.0184,27.0501,0.2691,-178.28,0.300,0.015,1.684,NAVIGATING
2026-09-01T13:00:03.499133,22.689,227,-17.0297,27.0532,0.2683,-178.18,0.300,0.015,1.673,NAVIGATING
2026-09-01T13:00:03.598927,22.788,228,-17.0470,27.0586,0.2689,-178.63,0.300,0.017,1.656,NAVIGATING
2026-09-01T13:00:03.698902,22.888,229,-17.0670,27.0628,0.2669,-178.48,0.300,0.018,1.637,NAVIGATING
2026-09-01T13:00:03.798884,22.988,230,-17.0879,27.0624,0.2672,-178.33,0.300,0.017,1.616,NAVIGATING
2026-09-01T13:00:03.899019,23.088,231,-17.1013,27.0598,0.2660,-178.11,0.300,0.017,1.602,NAVIGATING
2026-09-01T13:00:03.999040,23.188,232,-17.0156,27.0380,0.2757,-177.38,0.300,0.010,1.685,NAVIGATING
2026-09-01T13:00:04.099370,23.289,233,-17.0342,27.0322,0.2725,-177.46,0.300,0.010,1.666,NAVIGATING
2026-09-01T13:00:04.199442,23.389,234,-17.0525,27.0312,0.2699,-177.52,0.300,0.010,1.648,NAVIGATING
2026-09-01T13:00:04.299608,23.489,235,-17.0642,27.0358,0.2706,-177.42,0.300,0.011,1.637,NAVIGATING
2026-09-01T13:00:04.399087,23.588,236,-17.0841,27.0406,0.2700,-178.02,0.300,0.014,1.617,NAVIGATING
2026-09-01T13:00:04.498983,23.688,237,-17.1053,27.0442,0.2700,-177.61,0.300,0.013,1.597,NAVIGATING
2026-09-01T13:00:04.598938,23.788,238,-17.1220,27.0430,0.2711,-177.45,0.300,0.012,1.580,NAVIGATING
2026-09-01T13:00:04.699000,23.888,239,-17.1418,27.0379,0.2692,-177.27,0.300,0.011,1.560,NAVIGATING
2026-09-01T13:00:04.799374,23.989,240,-17.1589,27.0323,0.2664,-177.61,0.300,0.012,1.542,NAVIGATING
2026-09-01T13:00:04.899140,24.088,241,-17.1752,27.0292,0.2636,-177.76,0.300,0.012,1.526,NAVIGATING
2026-09-01T13:00:04.998900,24.188,242,-17.3021,26.9994,0.2733,178.38,0.300,0.023,1.396,NAVIGATING
2026-09-01T13:00:05.098969,24.288,243,-17.3118,27.0034,0.2752,178.40,0.300,0.024,1.387,NAVIGATING
2026-09-01T13:00:05.198866,24.388,244,-17.3324,27.0079,0.2758,177.91,0.300,0.027,1.367,NAVIGATING
2026-09-01T13:00:05.298937,24.488,245,-17.3532,27.0133,0.2755,178.41,0.300,0.026,1.347,NAVIGATING
2026-09-01T13:00:05.398917,24.588,246,-17.3698,27.0146,0.2758,178.74,0.300,0.025,1.331,NAVIGATING
2026-09-01T13:00:05.498818,24.688,247,-17.3901,27.0122,0.2734,178.93,0.300,0.025,1.310,NAVIGATING
2026-09-01T13:00:05.598925,24.788,248,-17.4090,27.0086,0.2706,178.82,0.300,0.025,1.291,NAVIGATING
2026-09-01T13:00:05.698927,24.888,249,-17.4283,27.0051,0.2688,178.47,0.300,0.026,1.271,NAVIGATING
2026-09-01T13:00:05.799262,24.989,250,-17.4453,27.0065,0.2674,178.66,0.300,0.026,1.255,NAVIGATING
2026-09-01T13:00:05.898995,25.088,251,-17.4614,27.0125,0.2676,178.79,0.300,0.026,1.239,NAVIGATING
2026-09-01T13:00:05.998986,25.188,252,-17.4829,27.0180,0.2643,178.70,0.300,0.028,1.218,NAVIGATING
2026-09-01T13:00:06.098904,25.288,253,-17.5054,27.0211,0.2638,179.09,0.300,0.028,1.197,NAVIGATING
2026-09-01T13:00:06.198842,25.388,254,-17.5203,27.0200,0.2631,179.34,0.300,0.027,1.182,NAVIGATING
2026-09-01T13:00:06.299401,25.489,255,-17.5395,27.0161,0.2598,179.94,0.300,0.025,1.162,NAVIGATING
2026-09-01T13:00:06.399835,25.589,256,-17.5583,27.0097,0.2583,179.39,0.300,0.026,1.143,NAVIGATING
2026-09-01T13:00:06.499057,25.689,257,-17.5801,27.0069,0.2560,179.39,0.300,0.026,1.121,NAVIGATING
2026-09-01T13:00:06.598931,25.788,258,-17.6773,27.0344,0.2773,176.24,0.300,0.044,1.028,NAVIGATING
2026-09-01T13:00:06.699490,25.889,259,-17.6947,27.0408,0.2780,175.79,0.300,0.048,1.012,NAVIGATING
2026-09-01T13:00:06.799049,25.988,260,-17.7155,27.0473,0.2755,176.16,0.300,0.048,0.993,NAVIGATING
2026-09-01T13:00:06.900161,26.089,261,-17.7372,27.0491,0.2745,176.49,0.300,0.048,0.972,NAVIGATING
2026-09-01T13:00:07.001329,26.191,262,-17.7501,27.0478,0.2736,176.91,0.300,0.047,0.959,NAVIGATING
2026-09-01T13:00:07.099438,26.289,263,-17.7725,27.0439,0.2702,177.10,0.300,0.046,0.936,NAVIGATING
2026-09-01T13:00:07.199902,26.389,264,-17.7909,27.0404,0.2685,176.96,0.300,0.047,0.917,NAVIGATING
2026-09-01T13:00:07.298898,26.488,265,-17.8116,27.0406,0.2663,177.19,0.300,0.047,0.897,NAVIGATING
2026-09-01T13:00:07.399116,26.589,266,-17.8251,27.0464,0.2668,177.55,0.300,0.048,0.885,NAVIGATING
2026-09-01T13:00:07.500323,26.690,267,-17.8456,27.0523,0.2661,177.14,0.300,0.051,0.866,NAVIGATING
2026-09-01T13:00:07.599129,26.789,268,-17.8673,27.0558,0.2655,177.68,0.300,0.051,0.845,NAVIGATING
2026-09-01T13:00:07.699283,26.889,269,-17.8862,27.0553,0.2657,178.08,0.300,0.051,0.827,NAVIGATING
2026-09-01T13:00:07.799348,26.989,270,-17.9050,27.0518,0.2632,178.62,0.300,0.049,0.808,NAVIGATING
2026-09-01T13:00:07.898913,27.088,271,-17.9227,27.0462,0.2604,178.34,0.300,0.050,0.789,NAVIGATING
2026-09-01T13:00:07.999126,27.189,272,-17.9408,27.0424,0.2574,178.42,0.300,0.049,0.771,NAVIGATING
2026-09-01T13:00:08.099103,27.289,273,-17.9562,27.0442,0.2551,178.51,0.300,0.050,0.756,NAVIGATING
2026-09-01T13:00:08.198895,27.388,274,-18.0418,26.9903,0.2728,-177.89,0.300,0.028,0.661,NAVIGATING
2026-09-01T13:00:08.298915,27.488,275,-18.0620,26.9939,0.2719,-178.48,0.300,0.032,0.642,NAVIGATING
2026-09-01T13:00:08.399140,27.588,276,-18.0821,26.9986,0.2724,-177.89,0.300,0.033,0.623,NAVIGATING
2026-09-01T13:00:08.499406,27.689,277,-18.0992,26.9979,0.2730,-177.48,0.300,0.032,0.606,NAVIGATING
2026-09-01T13:00:08.599554,27.789,278,-18.1211,26.9922,0.2703,-177.51,0.300,0.032,0.584,NAVIGATING
2026-09-01T13:00:08.698893,27.888,279,-18.1375,26.9879,0.2682,-177.49,0.300,0.031,0.567,NAVIGATING
2026-09-01T13:00:08.798932,27.988,280,-18.1558,26.9870,0.2637,-177.56,0.300,0.033,0.549,NAVIGATING
2026-09-01T13:00:08.899181,28.088,281,-18.1691,26.9893,0.2629,-177.59,0.300,0.035,0.536,NAVIGATING
2026-09-01T13:00:08.999280,28.189,282,-18.1810,26.9926,0.2646,-177.61,0.300,0.037,0.525,NAVIGATING
2026-09-01T13:00:09.099273,28.289,283,-18.1990,26.9943,0.2633,-177.88,0.300,0.040,0.508,NAVIGATING
